timestamp,user,action,response_time_ms
2026-09-24 21:09:40,user5,search,823
2026-09-24 21:09:41,user5,login,346
2026-09-24 21:09:42,user5,login,622
2026-09-24 21:09:43,user2,purchase,257
2026-09-24 21:09:44,user3,logout,406
2026-09-24 21:09:45,user3,purchase,274
2026-09-24 21:09:46,user5,view,435
2026-09-24 21:09:47,user5,logout,786
2026-09-24 21:09:48,user5,purchase,226
2026-09-24 21:09:49,user2,logout,387
2026-09-24 21:09:50,user4,purchase,551
2026-09-24 21:09:51,user3,logout,185
2026-09-24 21:09:52,user5,search,539
2026-09-24 21:09:53,user4,search,594
2026-09-24 21:09:54,user2,login,493
2026-09-24 21:09:55,user2,search,853
2026-09-24 21:09:56,user2,logout,277
2026-09-24 21:09:57,user3,logout,671
2026-09-24 21:09:58,user5,login,601
2026-09-24 21:09:59,user2,logout,401
2026-09-24 21:10:00,user5,search,297
2026-09-24 21:10:01,user3,logout,800
2026-09-24 21:10:02,user4,logout,966
2026-09-24 21:10:03,user5,purchase,358
2026-09-24 21:10:04,user2,purchase,601
2026-09-24 21:10:05,user1,purchase,993
2026-09-24 21:10:06,user1,purchase,789
2026-09-24 21:10:07,user4,view,549
2026-09-24 21:10:08,user1,view,747
2026-09-24 21:10:09,user3,login,626
2026-09-24 21:10:10,user1,search,648
2026-09-24 21:10:11,user3,login,669
2026-09-24 21:10:12,user1,logout,79
2026-09-24 21:10:13,user2,purchase,115
2026-09-24 21:10:14,user1,view,792
2026-09-24 21:10:15,user1,search,218
2026-09-24 21:10:16,user1,purchase,948
2026-09-24 21:10:17,user5,purchase,654
2026-09-24 21:10:18,user1,view,871
2026-09-24 21:10:19,user5,search,140
2026-09-24 21:10:20,user1,purchase,954
2026-09-24 21:10:21,user3,purchase,583
2026-09-24 21:10:22,user3,login,395
2026-09-24 21:10:23,user4,logout,308
2026-09-24 21:10:24,user3,purchase,975
2026-09-24 21:10:25,user4,view,227
2026-09-24 21:10:26,user4,view,328
2026-09-24 21:10:27,user5,logout,722
2026-09-24 21:10:28,user1,view,289
2026-09-24 21:10:29,user1,login,376
2026-09-24 21:10:30,user3,search,931
2026-09-24 21:10:31,user2,view,240
2026-09-24 21:10:32,user1,logout,305
2026-09-24 21:10:33,user5,login,678
2026-09-24 21:10:34,user3,logout,162
2026-09-24 21:10:35,user2,purchase,836
2026-09-24 21:10:36,user1,search,440
2026-09-24 21:10:37,user2,purchase,422
2026-09-24 21:10:38,user5,logout,913
2026-09-24 21:10:39,user3,search,142
2026-09-24 21:10:40,user2,search,683
2026-09-24 21:10:41,user5,purchase,858
2026-09-24 21:10:42,user2,logout,804
2026-09-24 21:10:43,user3,search,467
2026-09-24 21:10:44,user2,login,327
2026-09-24 21:10:45,user4,search,363
2026-09-24 21:10:46,user3,view,804
2026-09-24 21:10:47,user4,search,88
2026-09-24 21:10:48,user5,login,474
2026-09-24 21:10:49,user3,login,868
2026-09-24 21:10:50,user4,view,261
2026-09-24 21:10:51,user4,login,217
2026-09-24 21:10:52,user4,login,981
2026-09-24 21:10:53,user1,logout,287
2026-09-24 21:10:54,user1,login,611
2026-09-24 21:10:55,user4,logout,460
2026-09-24 21:10:56,user1,search,227
2026-09-24 21:10:57,user2,login,454
2026-09-24 21:10:58,user3,login,950
2026-09-24 21:10:59,user4,view,852
2026-09-24 21:11:00,user1,logout,104
2026-09-24 21:11:01,user5,search,227
2026-09-24 21:11:02,user5,purchase,305
2026-09-24 21:11:03,user3,logout,511
2026-09-24 21:11:04,user5,search,786
2026-09-24 21:11:05,user5,search,923
2026-09-24 21:11:06,user5,logout,175
2026-09-24 21:11:07,user2,view,275
2026-09-24 21:11:08,user3,login,482
2026-09-24 21:11:09,user5,login,748
2026-09-24 21:11:10,user1,search,920
2026-09-24 21:11:11,user3,login,700
2026-09-24 21:11:12,user3,logout,683
2026-09-24 21:11:13,user3,purchase,77
2026-09-24 21:11:14,user3,view,685
2026-09-24 21:11:15,user2,purchase,306
2026-09-24 21:11:16,user5,purchase,736
2026-09-24 21:11:17,user4,login,552
2026-09-24 21:11:18,user4,login,394
2026-09-24 21:11:19,user3,login,611
2026-09-24 21:11:20,user1,search,811
2026-09-24 21:11:21,user4,purchase,729
2026-09-24 21:11:22,user4,view,581
2026-09-24 21:11:23,user3,search,298
2026-09-24 21:11:24,user4,view,639
2026-09-24 21:11:25,user1,login,861
2026-09-24 21:11:26,user3,view,470
2026-09-24 21:11:27,user3,logout,884
2026-09-24 21:11:28,user3,view,704
2026-09-24 21:11:29,user1,login,800
2026-09-24 21:11:30,user3,purchase,992
2026-09-24 21:11:31,user3,view,924
2026-09-24 21:11:32,user4,view,984
2026-09-24 21:11:33,user1,search,759
2026-09-24 21:11:34,user5,purchase,503
2026-09-24 21:11:35,user4,search,942
2026-09-24 21:11:36,user5,login,743
2026-09-24 21:11:37,user3,view,740
2026-09-24 21:11:38,user1,login,529
2026-09-24 21:11:39,user4,purchase,665
2026-09-24 21:11:40,user5,login,830
2026-09-24 21:11:41,user2,purchase,967
2026-09-24 21:11:42,user5,logout,446
2026-09-24 21:11:43,user5,logout,85
2026-09-24 21:11:44,user5,view,381
2026-09-24 21:11:45,user1,view,636
2026-09-24 21:11:46,user3,purchase,764
2026-09-24 21:11:47,user5,login,662
2026-09-24 21:11:48,user1,login,479
2026-09-24 21:11:49,user3,view,561
2026-09-24 21:11:50,user5,search,557
2026-09-24 21:11:51,user2,logout,603
2026-09-24 21:11:52,user1,login,666
2026-09-24 21:11:53,user4,purchase,492
2026-09-24 21:11:54,user1,search,556
2026-09-24 21:11:55,user1,search,870
2026-09-24 21:11:56,user5,logout,83
2026-09-24 21:11:57,user2,view,432
2026-09-24 21:11:58,user4,login,753
2026-09-24 21:11:59,user2,logout,153
2026-09-24 21:12:00,user4,logout,943
2026-09-24 21:12:01,user2,logout,477
2026-09-24 21:12:02,user1,view,422
2026-09-24 21:12:03,user2,logout,473
2026-09-24 21:12:04,user4,purchase,196
2026-09-24 21:12:05,user4,search,883
2026-09-24 21:12:06,user1,login,334
2026-09-24 21:12:07,user3,logout,61
2026-09-24 21:12:08,user3,search,379
2026-09-24 21:12:09,user5,search,930
2026-09-24 21:12:10,user3,purchase,241
2026-09-24 21:12:11,user1,view,250
2026-09-24 21:12:12,user4,purchase,915
2026-09-24 21:12:13,user2,login,505
2026-09-24 21:12:14,user4,purchase,965
2026-09-24 21:12:15,user3,view,881
2026-09-24 21:12:16,user1,search,538
2026-09-24 21:12:17,user1,purchase,311
2026-09-24 21:12:18,user3,search,96
2026-09-24 21:12:19,user2,search,139
2026-09-24 21:12:20,user5,purchase,929
2026-09-24 21:12:21,user2,logout,728
2026-09-24 21:12:22,user5,login,916
2026-09-24 21:12:23,user3,purchase,591
2026-09-24 21:12:24,user4,purchase,592
2026-09-24 21:12:25,user5,view,83
2026-09-24 21:12:26,user2,view,177
2026-09-24 21:12:27,user2,view,746
2026-09-24 21:12:28,user4,search,374
2026-09-24 21:12:29,user1,logout,972
2026-09-24 21:12:30,user1,login,412
2026-09-24 21:12:31,user2,login,313
2026-09-24 21:12:32,user1,logout,407
2026-09-24 21:12:33,user5,search,288
2026-09-24 21:12:34,user5,purchase,924
2026-09-24 21:12:35,user4,login,256
2026-09-24 21:12:36,user1,search,921
2026-09-24 21:12:37,user3,logout,643
2026-09-24 21:12:38,user5,view,355
2026-09-24 21:12:39,user3,search,216
2026-09-24 21:12:40,user3,search,962
2026-09-24 21:12:41,user1,logout,309
2026-09-24 21:12:42,user2,login,835
2026-09-24 21:12:43,user3,search,316
2026-09-24 21:12:44,user4,search,540
2026-09-24 21:12:45,user3,login,298
2026-09-24 21:12:46,user2,login,190
2026-09-24 21:12:47,user3,logout,881
2026-09-24 21:12:48,user2,view,59
2026-09-24 21:12:49,user1,purchase,946
2026-09-24 21:12:50,user4,search,207
2026-09-24 21:12:51,user4,search,954
2026-09-24 21:12:52,user4,login,693
2026-09-24 21:12:53,user2,logout,267
2026-09-24 21:12:54,user2,logout,649
2026-09-24 21:12:55,user4,login,657
2026-09-24 21:12:56,user1,search,55
2026-09-24 21:12:57,user1,view,168
2026-09-24 21:12:58,user1,search,899
2026-09-24 21:12:59,user1,view,757
2026-09-24 21:13:00,user2,purchase,579
2026-09-24 21:13:01,user5,login,879
2026-09-24 21:13:02,user4,search,139
2026-09-24 21:13:03,user2,view,65
2026-09-24 21:13:04,user5,login,813
2026-09-24 21:13:05,user2,purchase,129
2026-09-24 21:13:06,user5,purchase,988
2026-09-24 21:13:07,user1,purchase,423
2026-09-24 21:13:08,user1,purchase,179
2026-09-24 21:13:09,user1,search,509
2026-09-24 21:13:10,user1,purchase,552
2026-09-24 21:13:11,user2,purchase,646
2026-09-24 21:13:12,user2,login,791
2026-09-24 21:13:13,user2,purchase,938
2026-09-24 21:13:14,user3,login,612
2026-09-24 21:13:15,user3,search,528
2026-09-24 21:13:16,user2,purchase,508
2026-09-24 21:13:17,user4,view,224
2026-09-24 21:13:18,user4,purchase,340
2026-09-24 21:13:19,user1,logout,676
2026-09-24 21:13:20,user4,login,640
2026-09-24 21:13:21,user1,logout,257
2026-09-24 21:13:22,user3,purchase,689
2026-09-24 21:13:23,user1,view,760
2026-09-24 21:13:24,user5,login,947
2026-09-24 21:13:25,user2,login,300
2026-09-24 21:13:26,user5,view,485
2026-09-24 21:13:27,user4,login,420
2026-09-24 21:13:28,user5,purchase,66
2026-09-24 21:13:29,user1,purchase,846
2026-09-24 21:13:30,user3,login,967
2026-09-24 21:13:31,user3,purchase,479
2026-09-24 21:13:32,user4,login,145
2026-09-24 21:13:33,user2,search,60
2026-09-24 21:13:34,user1,login,469
2026-09-24 21:13:35,user1,login,124
2026-09-24 21:13:36,user1,login,883
2026-09-24 21:13:37,user2,search,208
2026-09-24 21:13:38,user4,login,389
2026-09-24 21:13:39,user1,logout,956
2026-09-24 21:13:40,user2,logout,666
2026-09-24 21:13:41,user2,view,411
2026-09-24 21:13:42,user2,search,587
2026-09-24 21:13:43,user3,purchase,865
2026-09-24 21:13:44,user2,purchase,390
2026-09-24 21:13:45,user3,search,937
2026-09-24 21:13:46,user1,view,849
2026-09-24 21:13:47,user2,view,890
2026-09-24 21:13:48,user4,view,620
2026-09-24 21:13:49,user1,view,473
2026-09-24 21:13:50,user2,search,587
2026-09-24 21:13:51,user5,purchase,895
2026-09-24 21:13:52,user3,purchase,892
2026-09-24 21:13:53,user5,purchase,320
2026-09-24 21:13:54,user3,search,281
2026-09-24 21:13:55,user4,view,941
2026-09-24 21:13:56,user3,login,765
2026-09-24 21:13:57,user4,view,942
2026-09-24 21:13:58,user4,logout,399
2026-09-24 21:13:59,user1,view,786
2026-09-24 21:14:00,user3,login,104
2026-09-24 21:14:01,user3,search,279
2026-09-24 21:14:02,user3,purchase,218
2026-09-24 21:14:03,user4,purchase,445
2026-09-24 21:14:04,user3,login,605
2026-09-24 21:14:05,user4,login,226
2026-09-24 21:14:06,user2,purchase,705
2026-09-24 21:14:07,user4,login,809
2026-09-24 21:14:08,user2,view,253
2026-09-24 21:14:09,user1,search,819
2026-09-24 21:14:10,user5,login,193
2026-09-24 21:14:11,user5,search,450
2026-09-24 21:14:12,user3,logout,845
2026-09-24 21:14:13,user2,search,370
2026-09-24 21:14:14,user1,login,161
2026-09-24 21:14:15,user2,purchase,846
2026-09-24 21:14:16,user1,search,922
2026-09-24 21:14:17,user5,purchase,892
2026-09-24 21:14:18,user2,purchase,513
2026-09-24 21:14:19,user4,purchase,664
2026-09-24 21:14:20,user2,view,773
2026-09-24 21:14:21,user4,logout,784
2026-09-24 21:14:22,user2,purchase,59
2026-09-24 21:14:23,user1,purchase,301
2026-09-24 21:14:24,user5,purchase,800
2026-09-24 21:14:25,user5,login,460
2026-09-24 21:14:26,user2,search,293
2026-09-24 21:14:27,user3,logout,744
2026-09-24 21:14:28,user3,view,214
2026-09-24 21:14:29,user5,purchase,421
2026-09-24 21:14:30,user5,search,694
2026-09-24 21:14:31,user1,purchase,838
2026-09-24 21:14:32,user2,search,904
2026-09-24 21:14:33,user2,view,126
2026-09-24 21:14:34,user1,login,775
2026-09-24 21:14:35,user1,login,963
2026-09-24 21:14:36,user5,purchase,54
2026-09-24 21:14:37,user4,view,357
2026-09-24 21:14:38,user3,login,385
2026-09-24 21:14:39,user3,view,445
2026-09-24 21:14:40,user3,login,313
2026-09-24 21:14:41,user4,search,996
2026-09-24 21:14:42,user5,purchase,912
2026-09-24 21:14:43,user4,login,267
2026-09-24 21:14:44,user4,purchase,539
2026-09-24 21:14:45,user2,login,853
2026-09-24 21:14:46,user2,login,697
2026-09-24 21:14:47,user2,search,190
2026-09-24 21:14:48,user1,view,973
2026-09-24 21:14:49,user3,logout,223
2026-09-24 21:14:50,user5,purchase,124
2026-09-24 21:14:51,user3,search,705
2026-09-24 21:14:52,user4,view,526
2026-09-24 21:14:53,user5,view,685
2026-09-24 21:14:54,user2,login,576
2026-09-24 21:14:55,user1,purchase,481
2026-09-24 21:14:56,user2,search,128
2026-09-24 21:14:57,user4,logout,588
2026-09-24 21:14:58,user2,logout,946
2026-09-24 21:14:59,user3,login,572
2026-09-24 21:15:00,user2,purchase,313
2026-09-24 21:15:01,user3,login,364
2026-09-24 21:15:02,user1,login,680
2026-09-24 21:15:03,user5,logout,936
2026-09-24 21:15:04,user3,login,127
2026-09-24 21:15:05,user4,login,442
2026-09-24 21:15:06,user3,logout,230
2026-09-24 21:15:07,user2,purchase,337
2026-09-24 21:15:08,user1,login,120
2026-09-24 21:15:09,user3,view,954
2026-09-24 21:15:10,user3,login,847
2026-09-24 21:15:11,user2,purchase,428
2026-09-24 21:15:12,user1,search,194
2026-09-24 21:15:13,user5,logout,641
2026-09-24 21:15:14,user5,view,584
2026-09-24 21:15:15,user3,search,380
2026-09-24 21:15:16,user5,login,58
2026-09-24 21:15:17,user3,purchase,910
2026-09-24 21:15:18,user5,purchase,234
2026-09-24 21:15:19,user3,purchase,757
2026-09-24 21:15:20,user4,login,720
2026-09-24 21:15:21,user2,purchase,119
2026-09-24 21:15:22,user2,login,809
2026-09-24 21:15:23,user3,search,860
2026-09-24 21:15:24,user2,search,515
2026-09-24 21:15:25,user3,view,386
2026-09-24 21:15:26,user3,login,693
2026-09-24 21:15:27,user1,login,325
2026-09-24 21:15:28,user5,login,243
2026-09-24 21:15:29,user3,search,684
2026-09-24 21:15:30,user5,logout,477
2026-09-24 21:15:31,user3,purchase,553
2026-09-24 21:15:32,user1,login,664
2026-09-24 21:15:33,user1,login,382
2026-09-24 21:15:34,user4,view,450
2026-09-24 21:15:35,user3,login,335
2026-09-24 21:15:36,user2,purchase,982
2026-09-24 21:15:37,user5,login,513
2026-09-24 21:15:38,user4,view,615
2026-09-24 21:15:39,user3,view,899
2026-09-24 21:15:40,user3,search,402
2026-09-24 21:15:41,user5,purchase,493
2026-09-24 21:15:42,user1,login,107
2026-09-24 21:15:43,user4,search,755
2026-09-24 21:15:44,user5,logout,539
2026-09-24 21:15:45,user5,view,198
2026-09-24 21:15:46,user3,view,365
2026-09-24 21:15:47,user3,search,81
2026-09-24 21:15:48,user5,login,543
2026-09-24 21:15:49,user5,view,599
2026-09-24 21:15:50,user5,login,668
2026-09-24 21:15:51,user4,search,265
2026-09-24 21:15:52,user3,search,684
2026-09-24 21:15:53,user3,logout,829
2026-09-24 21:15:54,user5,purchase,386
2026-09-24 21:15:55,user3,view,769
2026-09-24 21:15:56,user3,login,980
2026-09-24 21:15:57,user3,logout,63
2026-09-24 21:15:58,user5,purchase,788
2026-09-24 21:15:59,user4,view,446
2026-09-24 21:16:00,user4,view,793
2026-09-24 21:16:01,user5,view,802
2026-09-24 21:16:02,user3,logout,940
2026-09-24 21:16:03,user5,logout,127
2026-09-24 21:16:04,user2,purchase,214
2026-09-24 21:16:05,user3,search,694
2026-09-24 21:16:06,user3,purchase,836
2026-09-24 21:16:07,user3,purchase,797
2026-09-24 21:16:08,user4,view,76
2026-09-24 21:16:09,user1,logout,192
2026-09-24 21:16:10,user4,search,804
2026-09-24 21:16:11,user1,login,552
2026-09-24 21:16:12,user1,search,837
2026-09-24 21:16:13,user1,view,862
2026-09-24 21:16:14,user5,logout,749
2026-09-24 21:16:15,user1,view,715
2026-09-24 21:16:16,user3,purchase,567
2026-09-24 21:16:17,user4,purchase,189
2026-09-24 21:16:18,user1,view,387
2026-09-24 21:16:19,user1,logout,169
2026-09-24 21:16:20,user5,view,576
2026-09-24 21:16:21,user2,search,362
2026-09-24 21:16:22,user5,view,473
2026-09-24 21:16:23,user5,login,107
2026-09-24 21:16:24,user3,purchase,474
2026-09-24 21:16:25,user5,logout,619
2026-09-24 21:16:26,user1,purchase,455
2026-09-24 21:16:27,user3,login,661
2026-09-24 21:16:28,user2,purchase,213
2026-09-24 21:16:29,user4,logout,174
2026-09-24 21:16:30,user5,logout,110
2026-09-24 21:16:31,user5,logout,408
2026-09-24 21:16:32,user3,view,967
2026-09-24 21:16:33,user1,purchase,574
2026-09-24 21:16:34,user4,purchase,748
2026-09-24 21:16:35,user4,search,655
2026-09-24 21:16:36,user2,view,84
2026-09-24 21:16:37,user1,login,930
2026-09-24 21:16:38,user3,purchase,98
2026-09-24 21:16:39,user3,search,242
2026-09-24 21:16:40,user2,logout,200
2026-09-24 21:16:41,user5,view,959
2026-09-24 21:16:42,user4,purchase,949
2026-09-24 21:16:43,user1,logout,886
2026-09-24 21:16:44,user5,logout,108
2026-09-24 21:16:45,user3,logout,528
2026-09-24 21:16:46,user3,search,264
2026-09-24 21:16:47,user2,purchase,449
2026-09-24 21:16:48,user2,search,436
2026-09-24 21:16:49,user2,logout,547
2026-09-24 21:16:50,user1,purchase,331
2026-09-24 21:16:51,user4,purchase,739
2026-09-24 21:16:52,user2,search,458
2026-09-24 21:16:53,user5,logout,383
2026-09-24 21:16:54,user2,purchase,742
2026-09-24 21:16:55,user4,search,111
2026-09-24 21:16:56,user1,view,113
2026-09-24 21:16:57,user3,view,710
2026-09-24 21:16:58,user4,search,227
2026-09-24 21:16:59,user3,purchase,384
2026-09-24 21:17:00,user4,purchase,78
2026-09-24 21:17:01,user1,login,503
2026-09-24 21:17:02,user5,search,735
2026-09-24 21:17:03,user2,view,641
2026-09-24 21:17:04,user5,view,169
2026-09-24 21:17:05,user1,search,353
2026-09-24 21:17:06,user5,search,179
2026-09-24 21:17:07,user5,login,54
2026-09-24 21:17:08,user2,login,889
2026-09-24 21:17:09,user1,view,618
2026-09-24 21:17:10,user4,login,349
2026-09-24 21:17:11,user3,purchase,452
2026-09-24 21:17:12,user1,login,919
2026-09-24 21:17:13,user4,purchase,649
2026-09-24 21:17:14,user3,login,727
2026-09-24 21:17:15,user4,view,463
2026-09-24 21:17:16,user1,view,618
2026-09-24 21:17:17,user4,purchase,192
2026-09-24 21:17:18,user2,login,960
2026-09-24 21:17:19,user5,search,225
2026-09-24 21:17:20,user5,logout,234
2026-09-24 21:17:21,user3,view,153
2026-09-24 21:17:22,user4,search,112
2026-09-24 21:17:23,user5,login,986
2026-09-24 21:17:24,user1,view,643
2026-09-24 21:17:25,user4,view,536
2026-09-24 21:17:26,user1,login,959
2026-09-24 21:17:27,user2,search,706
2026-09-24 21:17:28,user5,logout,103
2026-09-24 21:17:29,user4,view,479
2026-09-24 21:17:30,user4,login,315
2026-09-24 21:17:31,user4,logout,587
2026-09-24 21:17:32,user4,logout,157
2026-09-24 21:17:33,user2,view,472
2026-09-24 21:17:34,user5,purchase,698
2026-09-24 21:17:35,user2,purchase,245
2026-09-24 21:17:36,user3,search,757
2026-09-24 21:17:37,user2,purchase,871
2026-09-24 21:17:38,user4,login,687
2026-09-24 21:17:39,user4,view,859
2026-09-24 21:17:40,user3,login,849
2026-09-24 21:17:41,user4,login,271
2026-09-24 21:17:42,user4,logout,249
2026-09-24 21:17:43,user1,search,519
2026-09-24 21:17:44,user3,search,978
2026-09-24 21:17:45,user2,view,82
2026-09-24 21:17:46,user2,login,742
2026-09-24 21:17:47,user1,search,739
2026-09-24 21:17:48,user1,login,239
2026-09-24 21:17:49,user4,view,103
2026-09-24 21:17:50,user2,view,646
2026-09-24 21:17:51,user5,logout,683
2026-09-24 21:17:52,user3,login,670
2026-09-24 21:17:53,user5,search,238
2026-09-24 21:17:54,user4,logout,246
2026-09-24 21:17:55,user2,logout,583
2026-09-24 21:17:56,user3,purchase,626
2026-09-24 21:17:57,user4,view,949
2026-09-24 21:17:58,user5,search,910
2026-09-24 21:17:59,user4,login,966
2026-09-24 21:18:00,user2,login,538
2026-09-24 21:18:01,user4,purchase,620
2026-09-24 21:18:02,user2,logout,453
2026-09-24 21:18:03,user2,search,717
2026-09-24 21:18:04,user4,logout,973
2026-09-24 21:18:05,user2,search,451
2026-09-24 21:18:06,user5,login,268
2026-09-24 21:18:07,user3,login,603
2026-09-24 21:18:08,user1,logout,692
2026-09-24 21:18:09,user5,purchase,985
2026-09-24 21:18:10,user3,view,336
2026-09-24 21:18:11,user3,logout,541
2026-09-24 21:18:12,user4,login,228
2026-09-24 21:18:13,user3,search,763
2026-09-24 21:18:14,user5,purchase,252
2026-09-24 21:18:15,user4,login,835
2026-09-24 21:18:16,user2,login,212
2026-09-24 21:18:17,user3,search,872
2026-09-24 21:18:18,user5,view,935
2026-09-24 21:18:19,user2,login,126
2026-09-24 21:18:20,user2,logout,128
2026-09-24 21:18:21,user2,search,405
2026-09-24 21:18:22,user4,purchase,897
2026-09-24 21:18:23,user2,view,461
2026-09-24 21:18:24,user4,logout,955
2026-09-24 21:18:25,user5,purchase,918
2026-09-24 21:18:26,user4,search,458
2026-09-24 21:18:27,user3,login,610
2026-09-24 21:18:28,user3,login,972
2026-09-24 21:18:29,user3,logout,306
2026-09-24 21:18:30,user2,logout,831
2026-09-24 21:18:31,user4,logout,196
2026-09-24 21:18:32,user5,logout,438
2026-09-24 21:18:33,user4,view,398
2026-09-24 21:18:34,user5,login,368
2026-09-24 21:18:35,user3,logout,981
2026-09-24 21:18:36,user1,search,637
2026-09-24 21:18:37,user5,search,819
2026-09-24 21:18:38,user1,search,368
2026-09-24 21:18:39,user2,login,82
2026-09-24 21:18:40,user4,purchase,417
2026-09-24 21:18:41,user5,view,550
2026-09-24 21:18:42,user4,purchase,79
2026-09-24 21:18:43,user1,view,638
2026-09-24 21:18:44,user5,search,704
2026-09-24 21:18:45,user4,logout,260
2026-09-24 21:18:46,user5,purchase,473
2026-09-24 21:18:47,user4,search,822
2026-09-24 21:18:48,user3,login,388
2026-09-24 21:18:49,user1,purchase,313
2026-09-24 21:18:50,user1,login,928
2026-09-24 21:18:51,user2,login,947
2026-09-24 21:18:52,user4,login,733
2026-09-24 21:18:53,user1,search,964
2026-09-24 21:18:54,user2,login,182
2026-09-24 21:18:55,user1,logout,692
2026-09-24 21:18:56,user2,search,509
2026-09-24 21:18:57,user3,login,550
2026-09-24 21:18:58,user5,logout,210
2026-09-24 21:18:59,user1,login,501
2026-09-24 21:19:00,user5,logout,99
2026-09-24 21:19:01,user1,purchase,288
2026-09-24 21:19:02,user3,view,766
2026-09-24 21:19:03,user4,logout,804
2026-09-24 21:19:04,user3,logout,667
2026-09-24 21:19:05,user4,logout,955
2026-09-24 21:19:06,user2,view,405
2026-09-24 21:19:07,user5,logout,153
2026-09-24 21:19:08,user4,logout,143
2026-09-24 21:19:09,user3,purchase,160
2026-09-24 21:19:10,user3,search,895
2026-09-24 21:19:11,user5,search,409
2026-09-24 21:19:12,user2,search,250
2026-09-24 21:19:13,user2,purchase,989
2026-09-24 21:19:14,user2,search,711
2026-09-24 21:19:15,user5,view,836
2026-09-24 21:19:16,user5,purchase,257
2026-09-24 21:19:17,user1,view,616
2026-09-24 21:19:18,user2,purchase,117
2026-09-24 21:19:19,user1,view,57
2026-09-24 21:19:20,user1,search,534
2026-09-24 21:19:21,user2,purchase,946
2026-09-24 21:19:22,user1,view,661
2026-09-24 21:19:23,user4,search,818
2026-09-24 21:19:24,user4,purchase,154
2026-09-24 21:19:25,user1,purchase,456
2026-09-24 21:19:26,user4,view,718
2026-09-24 21:19:27,user4,purchase,581
2026-09-24 21:19:28,user5,login,677
2026-09-24 21:19:29,user1,purchase,737
2026-09-24 21:19:30,user1,logout,673
2026-09-24 21:19:31,user4,login,920
2026-09-24 21:19:32,user2,logout,665
2026-09-24 21:19:33,user4,login,537
2026-09-24 21:19:34,user4,login,547
2026-09-24 21:19:35,user3,logout,762
2026-09-24 21:19:36,user5,logout,156
2026-09-24 21:19:37,user5,logout,721
2026-09-24 21:19:38,user1,search,212
2026-09-24 21:19:39,user4,login,371
2026-09-24 21:19:40,user5,purchase,722
2026-09-24 21:19:41,user2,logout,85
2026-09-24 21:19:42,user5,login,672
2026-09-24 21:19:43,user4,logout,661
2026-09-24 21:19:44,user2,login,756
2026-09-24 21:19:45,user3,login,126
2026-09-24 21:19:46,user2,view,372
2026-09-24 21:19:47,user2,view,937
2026-09-24 21:19:48,user5,login,962
2026-09-24 21:19:49,user5,purchase,740
2026-09-24 21:19:50,user1,purchase,810
2026-09-24 21:19:51,user5,view,595
2026-09-24 21:19:52,user1,login,121
2026-09-24 21:19:53,user1,purchase,115
2026-09-24 21:19:54,user4,view,807
2026-09-24 21:19:55,user4,purchase,297
2026-09-24 21:19:56,user3,purchase,107
2026-09-24 21:19:57,user4,login,204
2026-09-24 21:19:58,user3,login,207
2026-09-24 21:19:59,user4,view,912
2026-09-24 21:20:00,user2,login,86
2026-09-24 21:20:01,user1,login,975
2026-09-24 21:20:02,user3,purchase,371
2026-09-24 21:20:03,user5,login,856
2026-09-24 21:20:04,user4,logout,628
2026-09-24 21:20:05,user5,logout,418
2026-09-24 21:20:06,user5,view,489
2026-09-24 21:20:07,user2,logout,497
2026-09-24 21:20:08,user3,view,996
2026-09-24 21:20:09,user1,purchase,419
2026-09-24 21:20:10,user4,logout,800
2026-09-24 21:20:11,user1,login,64
2026-09-24 21:20:12,user2,view,383
2026-09-24 21:20:13,user4,purchase,236
2026-09-24 21:20:14,user2,search,464
2026-09-24 21:20:15,user5,purchase,267
2026-09-24 21:20:16,user2,purchase,592
2026-09-24 21:20:17,user5,purchase,276
2026-09-24 21:20:18,user3,logout,252
2026-09-24 21:20:19,user4,purchase,413
2026-09-24 21:20:20,user5,view,641
2026-09-24 21:20:21,user3,purchase,261
2026-09-24 21:20:22,user4,login,715
2026-09-24 21:20:23,user5,logout,569
2026-09-24 21:20:24,user5,view,352
2026-09-24 21:20:25,user5,view,119
2026-09-24 21:20:26,user1,purchase,505
2026-09-24 21:20:27,user1,view,637
2026-09-24 21:20:28,user4,login,190
2026-09-24 21:20:29,user5,view,387
2026-09-24 21:20:30,user4,search,445
2026-09-24 21:20:31,user2,login,925
2026-09-24 21:20:32,user5,logout,361
2026-09-24 21:20:33,user2,purchase,453
2026-09-24 21:20:34,user3,purchase,520
2026-09-24 21:20:35,user3,purchase,57
2026-09-24 21:20:36,user1,view,139
2026-09-24 21:20:37,user1,search,516
2026-09-24 21:20:38,user4,view,656
2026-09-24 21:20:39,user5,logout,860
2026-09-24 21:20:40,user3,purchase,204
2026-09-24 21:20:41,user4,login,867
2026-09-24 21:20:42,user2,search,366
2026-09-24 21:20:43,user5,search,936
2026-09-24 21:20:44,user2,search,419
2026-09-24 21:20:45,user1,purchase,292
2026-09-24 21:20:46,user2,login,385
2026-09-24 21:20:47,user1,view,122
2026-09-24 21:20:48,user3,search,879
2026-09-24 21:20:49,user3,search,839
2026-09-24 21:20:50,user4,purchase,975
2026-09-24 21:20:51,user5,view,998
2026-09-24 21:20:52,user3,view,126
2026-09-24 21:20:53,user1,login,332
2026-09-24 21:20:54,user2,search,389
2026-09-24 21:20:55,user2,view,422
2026-09-24 21:20:56,user3,search,412
2026-09-24 21:20:57,user2,login,88
2026-09-24 21:20:58,user1,login,246
2026-09-24 21:20:59,user2,search,911
2026-09-24 21:21:00,user2,login,610
2026-09-24 21:21:01,user2,logout,1000
2026-09-24 21:21:02,user3,logout,183
2026-09-24 21:21:03,user5,view,497
2026-09-24 21:21:04,user1,login,462
2026-09-24 21:21:05,user5,view,623
2026-09-24 21:21:06,user3,purchase,909
2026-09-24 21:21:07,user3,purchase,939
2026-09-24 21:21:08,user5,purchase,915
2026-09-24 21:21:09,user3,search,502
2026-09-24 21:21:10,user3,login,184
2026-09-24 21:21:11,user5,logout,369
2026-09-24 21:21:12,user5,login,439
2026-09-24 21:21:13,user3,purchase,891
2026-09-24 21:21:14,user4,logout,310
2026-09-24 21:21:15,user2,login,238
2026-09-24 21:21:16,user1,search,308
2026-09-24 21:21:17,user2,logout,223
2026-09-24 21:21:18,user3,logout,728
2026-09-24 21:21:19,user5,search,999
2026-09-24 21:21:20,user3,purchase,980
2026-09-24 21:21:21,user5,search,719
2026-09-24 21:21:22,user3,purchase,548
2026-09-24 21:21:23,user4,search,600
2026-09-24 21:21:24,user5,view,173
2026-09-24 21:21:25,user3,search,879
2026-09-24 21:21:26,user5,search,955
2026-09-24 21:21:27,user3,login,836
2026-09-24 21:21:28,user4,login,495
2026-09-24 21:21:29,user5,logout,516
2026-09-24 21:21:30,user2,logout,265
2026-09-24 21:21:31,user3,purchase,570
2026-09-24 21:21:32,user1,purchase,62
2026-09-24 21:21:33,user4,login,917
2026-09-24 21:21:34,user3,logout,92
2026-09-24 21:21:35,user5,login,750
2026-09-24 21:21:36,user5,logout,345
2026-09-24 21:21:37,user3,login,519
2026-09-24 21:21:38,user1,logout,822
2026-09-24 21:21:39,user1,view,840
2026-09-24 21:21:40,user1,view,573
2026-09-24 21:21:41,user3,purchase,662
2026-09-24 21:21:42,user4,purchase,527
2026-09-24 21:21:43,user5,logout,823
2026-09-24 21:21:44,user1,view,66
2026-09-24 21:21:45,user5,logout,344
2026-09-24 21:21:46,user2,purchase,962
2026-09-24 21:21:47,user5,search,949
2026-09-24 21:21:48,user1,login,92
2026-09-24 21:21:49,user4,search,679
2026-09-24 21:21:50,user1,view,945
2026-09-24 21:21:51,user4,logout,473
2026-09-24 21:21:52,user3,search,176
2026-09-24 21:21:53,user3,login,110
2026-09-24 21:21:54,user1,logout,913
2026-09-24 21:21:55,user1,view,631
2026-09-24 21:21:56,user5,search,978
2026-09-24 21:21:57,user1,purchase,125
2026-09-24 21:21:58,user2,search,409
2026-09-24 21:21:59,user3,purchase,745
2026-09-24 21:22:00,user2,logout,451
2026-09-24 21:22:01,user3,login,921
2026-09-24 21:22:02,user5,logout,469
2026-09-24 21:22:03,user4,logout,466
2026-09-24 21:22:04,user4,search,60
2026-09-24 21:22:05,user2,login,372
2026-09-24 21:22:06,user5,view,167
2026-09-24 21:22:07,user2,logout,348
2026-09-24 21:22:08,user2,search,550
2026-09-24 21:22:09,user5,view,561
2026-09-24 21:22:10,user1,view,700
2026-09-24 21:22:11,user4,purchase,946
2026-09-24 21:22:12,user5,view,523
2026-09-24 21:22:13,user4,logout,186
2026-09-24 21:22:14,user2,purchase,590
2026-09-24 21:22:15,user3,logout,588
2026-09-24 21:22:16,user1,logout,956
2026-09-24 21:22:17,user3,search,105
2026-09-24 21:22:18,user5,purchase,995
2026-09-24 21:22:19,user4,login,658
2026-09-24 21:22:20,user4,search,618
2026-09-24 21:22:21,user1,search,896
2026-09-24 21:22:22,user5,purchase,899
2026-09-24 21:22:23,user2,logout,496
2026-09-24 21:22:24,user3,logout,952
2026-09-24 21:22:25,user1,logout,945
2026-09-24 21:22:26,user5,search,413
2026-09-24 21:22:27,user3,view,363
2026-09-24 21:22:28,user3,search,58
2026-09-24 21:22:29,user3,login,598
2026-09-24 21:22:30,user3,logout,384
2026-09-24 21:22:31,user4,purchase,600
2026-09-24 21:22:32,user3,login,131
2026-09-24 21:22:33,user5,logout,379
2026-09-24 21:22:34,user5,logout,538
2026-09-24 21:22:35,user3,purchase,807
2026-09-24 21:22:36,user4,purchase,77
2026-09-24 21:22:37,user3,search,694
2026-09-24 21:22:38,user4,view,262
2026-09-24 21:22:39,user2,view,439
2026-09-24 21:22:40,user1,logout,810
2026-09-24 21:22:41,user5,view,82
2026-09-24 21:22:42,user5,purchase,463
2026-09-24 21:22:43,user2,purchase,654
2026-09-24 21:22:44,user1,login,265
2026-09-24 21:22:45,user4,login,689
2026-09-24 21:22:46,user3,login,420
2026-09-24 21:22:47,user4,search,689
2026-09-24 21:22:48,user3,login,68
2026-09-24 21:22:49,user3,logout,351
2026-09-24 21:22:50,user2,login,689
2026-09-24 21:22:51,user5,purchase,601
2026-09-24 21:22:52,user4,logout,310
2026-09-24 21:22:53,user5,purchase,912
2026-09-24 21:22:54,user2,login,852
2026-09-24 21:22:55,user3,view,967
2026-09-24 21:22:56,user2,view,644
2026-09-24 21:22:57,user2,login,218
2026-09-24 21:22:58,user1,login,120
2026-09-24 21:22:59,user5,search,912
2026-09-24 21:23:00,user2,view,135
2026-09-24 21:23:01,user1,logout,115
2026-09-24 21:23:02,user1,view,530
2026-09-24 21:23:03,user4,login,684
2026-09-24 21:23:04,user5,login,525
2026-09-24 21:23:05,user5,login,477
2026-09-24 21:23:06,user1,search,721
2026-09-24 21:23:07,user4,search,126
2026-09-24 21:23:08,user4,search,307
2026-09-24 21:23:09,user4,search,752
2026-09-24 21:23:10,user1,purchase,859
2026-09-24 21:23:11,user4,search,500
2026-09-24 21:23:12,user2,search,183
2026-09-24 21:23:13,user2,logout,432
2026-09-24 21:23:14,user1,purchase,104
2026-09-24 21:23:15,user5,view,444
2026-09-24 21:23:16,user5,search,414
2026-09-24 21:23:17,user4,logout,423
2026-09-24 21:23:18,user2,login,600
2026-09-24 21:23:19,user3,purchase,109
2026-09-24 21:23:20,user5,search,211
2026-09-24 21:23:21,user3,view,696
2026-09-24 21:23:22,user4,logout,98
2026-09-24 21:23:23,user5,view,544
2026-09-24 21:23:24,user5,login,319
2026-09-24 21:23:25,user4,search,729
2026-09-24 21:23:26,user3,purchase,649
2026-09-24 21:23:27,user3,search,312
2026-09-24 21:23:28,user4,logout,577
2026-09-24 21:23:29,user5,view,562
2026-09-24 21:23:30,user3,login,724
2026-09-24 21:23:31,user3,view,767
2026-09-24 21:23:32,user3,search,945
2026-09-24 21:23:33,user2,logout,844
2026-09-24 21:23:34,user3,view,414
2026-09-24 21:23:35,user4,view,237
2026-09-24 21:23:36,user4,search,635
2026-09-24 21:23:37,user5,logout,325
2026-09-24 21:23:38,user2,purchase,186
2026-09-24 21:23:39,user3,view,169
2026-09-24 21:23:40,user4,logout,702
2026-09-24 21:23:41,user3,logout,88
2026-09-24 21:23:42,user3,view,843
2026-09-24 21:23:43,user3,logout,561
2026-09-24 21:23:44,user3,logout,643
2026-09-24 21:23:45,user5,logout,432
2026-09-24 21:23:46,user1,login,1000
2026-09-24 21:23:47,user3,search,612
2026-09-24 21:23:48,user2,logout,840
2026-09-24 21:23:49,user4,login,963
2026-09-24 21:23:50,user1,purchase,313
2026-09-24 21:23:51,user1,view,900
2026-09-24 21:23:52,user1,view,962
2026-09-24 21:23:53,user4,view,402
2026-09-24 21:23:54,user1,logout,872
2026-09-24 21:23:55,user4,search,641
2026-09-24 21:23:56,user2,search,778
2026-09-24 21:23:57,user5,view,871
2026-09-24 21:23:58,user2,search,193
2026-09-24 21:23:59,user2,login,263
2026-09-24 21:24:00,user3,search,730
2026-09-24 21:24:01,user5,logout,352
2026-09-24 21:24:02,user5,search,331
2026-09-24 21:24:03,user4,logout,714
2026-09-24 21:24:04,user3,purchase,645
2026-09-24 21:24:05,user3,logout,964
2026-09-24 21:24:06,user5,login,830
2026-09-24 21:24:07,user2,view,193
2026-09-24 21:24:08,user5,search,208
2026-09-24 21:24:09,user2,login,813
2026-09-24 21:24:10,user1,logout,344
2026-09-24 21:24:11,user3,view,581
2026-09-24 21:24:12,user5,search,520
2026-09-24 21:24:13,user2,login,565
2026-09-24 21:24:14,user3,login,518
2026-09-24 21:24:15,user2,search,426
2026-09-24 21:24:16,user2,search,804
2026-09-24 21:24:17,user2,purchase,408
2026-09-24 21:24:18,user3,purchase,343
2026-09-24 21:24:19,user4,logout,75
2026-09-24 21:24:20,user1,login,998
2026-09-24 21:24:21,user4,view,865
2026-09-24 21:24:22,user4,login,128
2026-09-24 21:24:23,user5,purchase,532
2026-09-24 21:24:24,user2,search,497
2026-09-24 21:24:25,user2,search,719
2026-09-24 21:24:26,user4,view,418
2026-09-24 21:24:27,user5,view,143
2026-09-24 21:24:28,user2,purchase,929
2026-09-24 21:24:29,user1,logout,561
2026-09-24 21:24:30,user4,logout,815
2026-09-24 21:24:31,user2,login,51
2026-09-24 21:24:32,user4,login,494
2026-09-24 21:24:33,user3,search,854
2026-09-24 21:24:34,user1,logout,707
2026-09-24 21:24:35,user1,view,277
2026-09-24 21:24:36,user1,view,210
2026-09-24 21:24:37,user2,login,621
2026-09-24 21:24:38,user5,search,402
2026-09-24 21:24:39,user2,search,527
2026-09-24 21:24:40,user4,purchase,343
2026-09-24 21:24:41,user4,view,978
2026-09-24 21:24:42,user5,view,461
2026-09-24 21:24:43,user5,purchase,332
2026-09-24 21:24:44,user2,search,791
2026-09-24 21:24:45,user3,logout,78
2026-09-24 21:24:46,user2,view,301
2026-09-24 21:24:47,user3,search,116
2026-09-24 21:24:48,user3,search,884
2026-09-24 21:24:49,user4,view,366
2026-09-24 21:24:50,user5,purchase,477
2026-09-24 21:24:51,user2,login,582
2026-09-24 21:24:52,user2,view,985
2026-09-24 21:24:53,user3,view,571
2026-09-24 21:24:54,user1,logout,525
2026-09-24 21:24:55,user1,search,79
2026-09-24 21:24:56,user5,purchase,168
2026-09-24 21:24:57,user3,view,685
2026-09-24 21:24:58,user2,login,223
2026-09-24 21:24:59,user4,view,101
2026-09-24 21:25:00,user2,view,960
2026-09-24 21:25:01,user3,purchase,659
2026-09-24 21:25:02,user1,search,715
2026-09-24 21:25:03,user2,logout,520
2026-09-24 21:25:04,user2,view,397
2026-09-24 21:25:05,user2,purchase,211
2026-09-24 21:25:06,user4,purchase,667
2026-09-24 21:25:07,user3,search,578
2026-09-24 21:25:08,user2,view,371
2026-09-24 21:25:09,user2,logout,423
2026-09-24 21:25:10,user1,login,844
2026-09-24 21:25:11,user3,login,934
2026-09-24 21:25:12,user4,purchase,996
2026-09-24 21:25:13,user3,login,526
2026-09-24 21:25:14,user2,login,245
2026-09-24 21:25:15,user3,logout,818
2026-09-24 21:25:16,user4,logout,450
2026-09-24 21:25:17,user2,purchase,556
2026-09-24 21:25:18,user2,purchase,878
2026-09-24 21:25:19,user1,view,898
2026-09-24 21:25:20,user4,search,474
2026-09-24 21:25:21,user3,login,724
2026-09-24 21:25:22,user2,purchase,590
2026-09-24 21:25:23,user5,purchase,211
2026-09-24 21:25:24,user5,purchase,154
2026-09-24 21:25:25,user3,search,59
2026-09-24 21:25:26,user2,logout,847
2026-09-24 21:25:27,user5,view,343
2026-09-24 21:25:28,user4,logout,790
2026-09-24 21:25:29,user4,view,843
2026-09-24 21:25:30,user1,logout,68
2026-09-24 21:25:31,user4,purchase,942
2026-09-24 21:25:32,user5,search,493
2026-09-24 21:25:33,user3,purchase,243
2026-09-24 21:25:34,user4,search,723
2026-09-24 21:25:35,user1,search,764
2026-09-24 21:25:36,user1,login,881
2026-09-24 21:25:37,user5,purchase,455
2026-09-24 21:25:38,user1,login,234
2026-09-24 21:25:39,user4,purchase,332
2026-09-24 21:25:40,user4,purchase,87
2026-09-24 21:25:41,user2,logout,358
2026-09-24 21:25:42,user4,logout,296
2026-09-24 21:25:43,user3,purchase,458
2026-09-24 21:25:44,user1,logout,963
2026-09-24 21:25:45,user4,logout,641
2026-09-24 21:25:46,user3,login,761
2026-09-24 21:25:47,user3,logout,268
2026-09-24 21:25:48,user2,login,751
2026-09-24 21:25:49,user2,purchase,717
2026-09-24 21:25:50,user3,purchase,498
2026-09-24 21:25:51,user4,logout,253
2026-09-24 21:25:52,user5,login,575
2026-09-24 21:25:53,user4,login,521
2026-09-24 21:25:54,user1,logout,747
2026-09-24 21:25:55,user3,search,819
2026-09-24 21:25:56,user5,login,713
2026-09-24 21:25:57,user5,logout,70
2026-09-24 21:25:58,user5,view,826
2026-09-24 21:25:59,user2,login,441
2026-09-24 21:26:00,user4,logout,87
2026-09-24 21:26:01,user1,logout,747
2026-09-24 21:26:02,user1,login,320
2026-09-24 21:26:03,user3,search,230
2026-09-24 21:26:04,user5,purchase,321
2026-09-24 21:26:05,user5,logout,742
2026-09-24 21:26:06,user4,purchase,287
2026-09-24 21:26:07,user2,search,121
2026-09-24 21:26:08,user5,view,355
2026-09-24 21:26:09,user5,purchase,658
2026-09-24 21:26:10,user3,search,822
2026-09-24 21:26:11,user5,search,844
2026-09-24 21:26:12,user1,search,565
2026-09-24 21:26:13,user4,login,594
2026-09-24 21:26:14,user2,purchase,214
2026-09-24 21:26:15,user2,login,308
2026-09-24 21:26:16,user1,search,572
2026-09-24 21:26:17,user5,view,553
2026-09-24 21:26:18,user1,view,725
2026-09-24 21:26:19,user4,purchase,856
2026-09-24 21:26:20,user1,view,246
2026-09-24 21:26:21,user4,purchase,808
2026-09-24 21:26:22,user2,logout,314
2026-09-24 21:26:23,user5,search,562
2026-09-24 21:26:24,user2,view,125
2026-09-24 21:26:25,user1,search,139
2026-09-24 21:26:26,user1,login,476
2026-09-24 21:26:27,user5,search,421
2026-09-24 21:26:28,user4,search,121
2026-09-24 21:26:29,user3,view,349
2026-09-24 21:26:30,user5,view,554
2026-09-24 21:26:31,user4,login,126
2026-09-24 21:26:32,user1,search,912
2026-09-24 21:26:33,user3,login,201
2026-09-24 21:26:34,user4,login,949
2026-09-24 21:26:35,user1,logout,774
2026-09-24 21:26:36,user4,view,56
2026-09-24 21:26:37,user5,view,928
2026-09-24 21:26:38,user1,search,621
2026-09-24 21:26:39,user5,logout,305
2026-09-24 21:26:40,user1,search,528
2026-09-24 21:26:41,user3,login,409
2026-09-24 21:26:42,user1,view,521
2026-09-24 21:26:43,user2,purchase,160
2026-09-24 21:26:44,user1,view,331
2026-09-24 21:26:45,user3,search,827
2026-09-24 21:26:46,user1,view,246
2026-09-24 21:26:47,user4,search,381
2026-09-24 21:26:48,user3,purchase,448
2026-09-24 21:26:49,user1,login,840
2026-09-24 21:26:50,user4,view,109
2026-09-24 21:26:51,user4,search,183
2026-09-24 21:26:52,user1,view,182
2026-09-24 21:26:53,user2,login,223
2026-09-24 21:26:54,user1,view,307
2026-09-24 21:26:55,user5,logout,924
2026-09-24 21:26:56,user5,logout,862
2026-09-24 21:26:57,user3,logout,537
2026-09-24 21:26:58,user3,login,578
2026-09-24 21:26:59,user4,logout,603
2026-09-24 21:27:00,user3,purchase,163
2026-09-24 21:27:01,user4,logout,403
2026-09-24 21:27:02,user2,search,645
2026-09-24 21:27:03,user1,logout,515
2026-09-24 21:27:04,user2,search,745
2026-09-24 21:27:05,user4,view,64
2026-09-24 21:27:06,user1,purchase,855
2026-09-24 21:27:07,user4,view,212
2026-09-24 21:27:08,user1,login,987
2026-09-24 21:27:09,user5,view,397
2026-09-24 21:27:10,user4,logout,83
2026-09-24 21:27:11,user1,view,356
2026-09-24 21:27:12,user2,view,856
2026-09-24 21:27:13,user4,logout,947
2026-09-24 21:27:14,user5,purchase,521
2026-09-24 21:27:15,user3,search,505
2026-09-24 21:27:16,user1,search,370
2026-09-24 21:27:17,user2,purchase,405
2026-09-24 21:27:18,user2,purchase,184
2026-09-24 21:27:19,user1,purchase,254
2026-09-24 21:27:20,user2,search,603
2026-09-24 21:27:21,user5,purchase,217
2026-09-24 21:27:22,user4,view,858
2026-09-24 21:27:23,user2,search,140
2026-09-24 21:27:24,user3,view,178
2026-09-24 21:27:25,user1,search,325
2026-09-24 21:27:26,user5,logout,917
2026-09-24 21:27:27,user5,search,587
2026-09-24 21:27:28,user4,purchase,384
2026-09-24 21:27:29,user4,search,233
2026-09-24 21:27:30,user2,logout,736
2026-09-24 21:27:31,user2,purchase,458
2026-09-24 21:27:32,user2,logout,797
2026-09-24 21:27:33,user3,search,440
2026-09-24 21:27:34,user4,view,968
2026-09-24 21:27:35,user5,purchase,595
2026-09-24 21:27:36,user1,search,872
2026-09-24 21:27:37,user4,purchase,108
2026-09-24 21:27:38,user5,purchase,350
2026-09-24 21:27:39,user5,view,559
2026-09-24 21:27:40,user1,logout,1000
2026-09-24 21:27:41,user2,logout,768
2026-09-24 21:27:42,user2,login,217
2026-09-24 21:27:43,user3,logout,150
2026-09-24 21:27:44,user3,search,696
2026-09-24 21:27:45,user5,login,750
2026-09-24 21:27:46,user4,view,870
2026-09-24 21:27:47,user2,purchase,127
2026-09-24 21:27:48,user3,purchase,298
2026-09-24 21:27:49,user3,login,789
2026-09-24 21:27:50,user5,view,725
2026-09-24 21:27:51,user4,view,578
2026-09-24 21:27:52,user5,view,618
2026-09-24 21:27:53,user2,login,359
2026-09-24 21:27:54,user3,search,573
2026-09-24 21:27:55,user4,login,204
2026-09-24 21:27:56,user1,login,698
2026-09-24 21:27:57,user1,view,544
2026-09-24 21:27:58,user4,search,245
2026-09-24 21:27:59,user2,search,906
2026-09-24 21:28:00,user2,purchase,133
2026-09-24 21:28:01,user5,login,283
2026-09-24 21:28:02,user4,view,167
2026-09-24 21:28:03,user4,login,92
2026-09-24 21:28:04,user5,logout,427
2026-09-24 21:28:05,user4,search,725
2026-09-24 21:28:06,user3,login,330
2026-09-24 21:28:07,user2,search,442
2026-09-24 21:28:08,user2,login,552
2026-09-24 21:28:09,user1,search,247
2026-09-24 21:28:10,user2,login,601
2026-09-24 21:28:11,user3,search,657
2026-09-24 21:28:12,user4,logout,491
2026-09-24 21:28:13,user4,login,335
2026-09-24 21:28:14,user5,purchase,189
2026-09-24 21:28:15,user5,logout,355
2026-09-24 21:28:16,user2,logout,865
2026-09-24 21:28:17,user2,login,139
2026-09-24 21:28:18,user4,purchase,557
2026-09-24 21:28:19,user5,search,229
2026-09-24 21:28:20,user4,view,75
2026-09-24 21:28:21,user4,purchase,473
2026-09-24 21:28:22,user2,view,101
2026-09-24 21:28:23,user2,view,931
2026-09-24 21:28:24,user2,purchase,786
2026-09-24 21:28:25,user2,view,282
2026-09-24 21:28:26,user4,view,939
2026-09-24 21:28:27,user3,search,509
2026-09-24 21:28:28,user4,view,267
2026-09-24 21:28:29,user3,purchase,352
2026-09-24 21:28:30,user1,view,838
2026-09-24 21:28:31,user1,purchase,492
2026-09-24 21:28:32,user3,search,498
2026-09-24 21:28:33,user3,search,887
2026-09-24 21:28:34,user2,logout,576
2026-09-24 21:28:35,user2,logout,224
2026-09-24 21:28:36,user1,search,794
2026-09-24 21:28:37,user1,logout,188
2026-09-24 21:28:38,user4,purchase,185
2026-09-24 21:28:39,user4,login,400
2026-09-24 21:28:40,user1,search,900
2026-09-24 21:28:41,user2,logout,626
2026-09-24 21:28:42,user2,view,381
2026-09-24 21:28:43,user3,login,964
2026-09-24 21:28:44,user2,logout,330
2026-09-24 21:28:45,user2,search,749
2026-09-24 21:28:46,user1,purchase,463
2026-09-24 21:28:47,user1,view,812
2026-09-24 21:28:48,user1,search,913
2026-09-24 21:28:49,user4,view,448
2026-09-24 21:28:50,user4,search,572
2026-09-24 21:28:51,user1,purchase,433
2026-09-24 21:28:52,user1,view,881
2026-09-24 21:28:53,user3,purchase,756
2026-09-24 21:28:54,user4,purchase,934
2026-09-24 21:28:55,user2,login,62
2026-09-24 21:28:56,user1,search,670
2026-09-24 21:28:57,user4,purchase,910
2026-09-24 21:28:58,user4,login,797
2026-09-24 21:28:59,user3,logout,304
2026-09-24 21:29:00,user1,purchase,133
2026-09-24 21:29:01,user3,view,275
2026-09-24 21:29:02,user2,purchase,377
2026-09-24 21:29:03,user4,view,84
2026-09-24 21:29:04,user2,view,200
2026-09-24 21:29:05,user5,logout,388
2026-09-24 21:29:06,user2,view,487
2026-09-24 21:29:07,user4,login,886
2026-09-24 21:29:08,user1,search,591
2026-09-24 21:29:09,user2,logout,312
2026-09-24 21:29:10,user4,view,452
2026-09-24 21:29:11,user2,login,750
2026-09-24 21:29:12,user1,logout,541
2026-09-24 21:29:13,user2,purchase,148
2026-09-24 21:29:14,user4,view,106
2026-09-24 21:29:15,user5,view,337
2026-09-24 21:29:16,user3,login,96
2026-09-24 21:29:17,user3,purchase,393
2026-09-24 21:29:18,user4,search,138
2026-09-24 21:29:19,user4,logout,88
2026-09-24 21:29:20,user3,search,457
2026-09-24 21:29:21,user3,logout,157
2026-09-24 21:29:22,user5,purchase,879
2026-09-24 21:29:23,user2,logout,743
2026-09-24 21:29:24,user1,view,61
2026-09-24 21:29:25,user2,view,366
2026-09-24 21:29:26,user1,search,658
2026-09-24 21:29:27,user2,search,691
2026-09-24 21:29:28,user2,login,930
2026-09-24 21:29:29,user5,logout,663
2026-09-24 21:29:30,user1,login,840
2026-09-24 21:29:31,user4,view,564
2026-09-24 21:29:32,user1,view,355
2026-09-24 21:29:33,user1,purchase,798
2026-09-24 21:29:34,user3,logout,808
2026-09-24 21:29:35,user1,logout,597
2026-09-24 21:29:36,user3,purchase,949
2026-09-24 21:29:37,user4,login,522
2026-09-24 21:29:38,user2,purchase,149
2026-09-24 21:29:39,user4,login,495
2026-09-24 21:29:40,user1,search,726
2026-09-24 21:29:41,user1,login,403
2026-09-24 21:29:42,user4,login,268
2026-09-24 21:29:43,user2,login,805
2026-09-24 21:29:44,user1,search,905
2026-09-24 21:29:45,user4,login,784
2026-09-24 21:29:46,user3,purchase,71
2026-09-24 21:29:47,user4,view,112
2026-09-24 21:29:48,user2,search,487
2026-09-24 21:29:49,user5,search,403
2026-09-24 21:29:50,user2,purchase,974
2026-09-24 21:29:51,user5,view,259
2026-09-24 21:29:52,user3,login,657
2026-09-24 21:29:53,user2,purchase,979
2026-09-24 21:29:54,user5,purchase,904
2026-09-24 21:29:55,user2,purchase,76
2026-09-24 21:29:56,user1,search,405
2026-09-24 21:29:57,user3,search,265
2026-09-24 21:29:58,user2,login,998
2026-09-24 21:29:59,user1,view,66
2026-09-24 21:30:00,user2,purchase,978
2026-09-24 21:30:01,user5,purchase,745
2026-09-24 21:30:02,user1,login,146
2026-09-24 21:30:03,user2,login,416
2026-09-24 21:30:04,user1,logout,532
2026-09-24 21:30:05,user3,login,50
2026-09-24 21:30:06,user5,view,474
2026-09-24 21:30:07,user3,view,435
2026-09-24 21:30:08,user2,search,484
2026-09-24 21:30:09,user1,search,677
2026-09-24 21:30:10,user3,view,830
2026-09-24 21:30:11,user3,search,924
2026-09-24 21:30:12,user1,login,87
2026-09-24 21:30:13,user3,purchase,514
2026-09-24 21:30:14,user5,logout,514
2026-09-24 21:30:15,user3,view,797
2026-09-24 21:30:16,user3,purchase,80
2026-09-24 21:30:17,user1,view,654
2026-09-24 21:30:18,user3,view,516
2026-09-24 21:30:19,user4,search,861
2026-09-24 21:30:20,user4,purchase,748
2026-09-24 21:30:21,user4,purchase,415
2026-09-24 21:30:22,user5,login,363
2026-09-24 21:30:23,user5,logout,951
2026-09-24 21:30:24,user1,login,644
2026-09-24 21:30:25,user2,view,160
2026-09-24 21:30:26,user4,logout,444
2026-09-24 21:30:27,user5,purchase,341
2026-09-24 21:30:28,user3,login,597
2026-09-24 21:30:29,user3,purchase,480
2026-09-24 21:30:30,user4,logout,695
2026-09-24 21:30:31,user3,logout,998
2026-09-24 21:30:32,user5,purchase,881
2026-09-24 21:30:33,user5,logout,83
2026-09-24 21:30:34,user1,purchase,498
2026-09-24 21:30:35,user2,login,190
2026-09-24 21:30:36,user2,logout,463
2026-09-24 21:30:37,user4,search,267
2026-09-24 21:30:38,user1,view,799
2026-09-24 21:30:39,user2,view,945
2026-09-24 21:30:40,user2,view,488
2026-09-24 21:30:41,user2,login,477
2026-09-24 21:30:42,user1,purchase,876
2026-09-24 21:30:43,user3,view,653
2026-09-24 21:30:44,user3,logout,650
2026-09-24 21:30:45,user3,search,251
2026-09-24 21:30:46,user5,search,777
2026-09-24 21:30:47,user1,view,157
2026-09-24 21:30:48,user3,purchase,777
2026-09-24 21:30:49,user1,logout,347
2026-09-24 21:30:50,user5,logout,197
2026-09-24 21:30:51,user3,view,321
2026-09-24 21:30:52,user5,search,677
2026-09-24 21:30:53,user4,purchase,830
2026-09-24 21:30:54,user2,view,65
2026-09-24 21:30:55,user1,logout,77
2026-09-24 21:30:56,user5,purchase,787
2026-09-24 21:30:57,user5,purchase,702
2026-09-24 21:30:58,user2,logout,100
2026-09-24 21:30:59,user2,search,370
2026-09-24 21:31:00,user3,search,234
2026-09-24 21:31:01,user5,view,601
2026-09-24 21:31:02,user3,purchase,237
2026-09-24 21:31:03,user1,logout,543
2026-09-24 21:31:04,user4,search,395
2026-09-24 21:31:05,user3,logout,253
2026-09-24 21:31:06,user4,view,496
2026-09-24 21:31:07,user2,search,914
2026-09-24 21:31:08,user2,login,253
2026-09-24 21:31:09,user2,login,863
2026-09-24 21:31:10,user1,view,430
2026-09-24 21:31:11,user2,search,411
2026-09-24 21:31:12,user1,view,654
2026-09-24 21:31:13,user5,view,206
2026-09-24 21:31:14,user3,login,314
2026-09-24 21:31:15,user1,logout,321
2026-09-24 21:31:16,user4,search,760
2026-09-24 21:31:17,user5,purchase,436
2026-09-24 21:31:18,user3,logout,325
2026-09-24 21:31:19,user3,logout,285
2026-09-24 21:31:20,user3,search,657
2026-09-24 21:31:21,user4,purchase,421
2026-09-24 21:31:22,user2,logout,129
2026-09-24 21:31:23,user3,login,240
2026-09-24 21:31:24,user2,search,174
2026-09-24 21:31:25,user2,logout,881
2026-09-24 21:31:26,user5,logout,116
2026-09-24 21:31:27,user1,view,522
2026-09-24 21:31:28,user4,logout,114
2026-09-24 21:31:29,user5,login,610
2026-09-24 21:31:30,user4,purchase,250
2026-09-24 21:31:31,user4,search,803
2026-09-24 21:31:32,user4,view,61
2026-09-24 21:31:33,user5,logout,185
2026-09-24 21:31:34,user1,search,374
2026-09-24 21:31:35,user5,search,355
2026-09-24 21:31:36,user2,view,336
2026-09-24 21:31:37,user2,login,718
2026-09-24 21:31:38,user1,search,106
2026-09-24 21:31:39,user3,search,905
2026-09-24 21:31:40,user5,logout,97
2026-09-24 21:31:41,user2,login,101
2026-09-24 21:31:42,user2,purchase,186
2026-09-24 21:31:43,user4,view,600
2026-09-24 21:31:44,user4,view,258
2026-09-24 21:31:45,user3,login,572
2026-09-24 21:31:46,user5,view,457
2026-09-24 21:31:47,user4,search,113
2026-09-24 21:31:48,user3,logout,575
2026-09-24 21:31:49,user5,view,481
2026-09-24 21:31:50,user3,logout,74
2026-09-24 21:31:51,user3,search,795
2026-09-24 21:31:52,user4,view,779
2026-09-24 21:31:53,user2,logout,446
2026-09-24 21:31:54,user3,purchase,347
2026-09-24 21:31:55,user5,view,765
2026-09-24 21:31:56,user2,purchase,788
2026-09-24 21:31:57,user2,logout,51
2026-09-24 21:31:58,user4,logout,657
2026-09-24 21:31:59,user5,view,308
2026-09-24 21:32:00,user4,purchase,381
2026-09-24 21:32:01,user3,logout,311
2026-09-24 21:32:02,user5,search,961
2026-09-24 21:32:03,user5,view,200
2026-09-24 21:32:04,user1,logout,595
2026-09-24 21:32:05,user2,login,456
2026-09-24 21:32:06,user1,login,118
2026-09-24 21:32:07,user2,search,382
2026-09-24 21:32:08,user3,view,205
2026-09-24 21:32:09,user1,purchase,600
2026-09-24 21:32:10,user1,logout,808
2026-09-24 21:32:11,user1,view,623
2026-09-24 21:32:12,user2,logout,988
2026-09-24 21:32:13,user5,search,970
2026-09-24 21:32:14,user1,view,987
2026-09-24 21:32:15,user5,login,177
2026-09-24 21:32:16,user1,view,738
2026-09-24 21:32:17,user2,logout,594
2026-09-24 21:32:18,user5,purchase,616
2026-09-24 21:32:19,user5,login,950
2026-09-24 21:32:20,user1,view,816
2026-09-24 21:32:21,user5,logout,885
2026-09-24 21:32:22,user3,view,807
2026-09-24 21:32:23,user5,purchase,127
2026-09-24 21:32:24,user1,view,69
2026-09-24 21:32:25,user3,search,426
2026-09-24 21:32:26,user5,purchase,596
2026-09-24 21:32:27,user1,login,556
2026-09-24 21:32:28,user1,purchase,350
2026-09-24 21:32:29,user3,purchase,85
2026-09-24 21:32:30,user3,purchase,164
2026-09-24 21:32:31,user3,search,258
2026-09-24 21:32:32,user2,view,145
2026-09-24 21:32:33,user2,login,568
2026-09-24 21:32:34,user3,login,821
2026-09-24 21:32:35,user4,search,684
2026-09-24 21:32:36,user5,login,497
2026-09-24 21:32:37,user3,search,848
2026-09-24 21:32:38,user3,login,134
2026-09-24 21:32:39,user5,view,654
2026-09-24 21:32:40,user5,view,529
2026-09-24 21:32:41,user3,view,355
2026-09-24 21:32:42,user5,login,101
2026-09-24 21:32:43,user2,purchase,439
2026-09-24 21:32:44,user3,logout,153
2026-09-24 21:32:45,user4,view,559
2026-09-24 21:32:46,user3,search,222
2026-09-24 21:32:47,user2,logout,613
2026-09-24 21:32:48,user2,purchase,404
2026-09-24 21:32:49,user1,logout,595
2026-09-24 21:32:50,user3,view,989
2026-09-24 21:32:51,user4,view,540
2026-09-24 21:32:52,user3,search,788
2026-09-24 21:32:53,user1,view,508
2026-09-24 21:32:54,user1,purchase,210
2026-09-24 21:32:55,user2,login,419
2026-09-24 21:32:56,user3,logout,306
2026-09-24 21:32:57,user4,logout,397
2026-09-24 21:32:58,user4,logout,689
2026-09-24 21:32:59,user5,search,624
2026-09-24 21:33:00,user2,view,669
2026-09-24 21:33:01,user2,logout,600
2026-09-24 21:33:02,user2,logout,473
2026-09-24 21:33:03,user4,view,759
2026-09-24 21:33:04,user5,view,505
2026-09-24 21:33:05,user2,logout,203
2026-09-24 21:33:06,user1,purchase,174
2026-09-24 21:33:07,user1,view,686
2026-09-24 21:33:08,user1,login,563
2026-09-24 21:33:09,user1,login,870
2026-09-24 21:33:10,user3,login,455
2026-09-24 21:33:11,user1,search,318
2026-09-24 21:33:12,user1,logout,447
2026-09-24 21:33:13,user3,purchase,618
2026-09-24 21:33:14,user4,search,245
2026-09-24 21:33:15,user1,view,566
2026-09-24 21:33:16,user3,login,439
2026-09-24 21:33:17,user3,login,883
2026-09-24 21:33:18,user4,logout,443
2026-09-24 21:33:19,user3,view,298
2026-09-24 21:33:20,user2,login,156
2026-09-24 21:33:21,user4,view,171
2026-09-24 21:33:22,user1,purchase,665
2026-09-24 21:33:23,user1,login,860
2026-09-24 21:33:24,user3,login,374
2026-09-24 21:33:25,user4,purchase,709
2026-09-24 21:33:26,user4,view,753
2026-09-24 21:33:27,user1,login,357
2026-09-24 21:33:28,user5,purchase,730
2026-09-24 21:33:29,user1,logout,109
2026-09-24 21:33:30,user3,search,598
2026-09-24 21:33:31,user4,search,800
2026-09-24 21:33:32,user4,purchase,230
2026-09-24 21:33:33,user4,search,863
2026-09-24 21:33:34,user1,view,740
2026-09-24 21:33:35,user2,purchase,129
2026-09-24 21:33:36,user2,login,653
2026-09-24 21:33:37,user2,purchase,308
2026-09-24 21:33:38,user2,view,717
2026-09-24 21:33:39,user5,logout,489
2026-09-24 21:33:40,user1,purchase,858
2026-09-24 21:33:41,user5,view,962
2026-09-24 21:33:42,user5,purchase,799
2026-09-24 21:33:43,user3,view,780
2026-09-24 21:33:44,user2,login,397
2026-09-24 21:33:45,user4,login,479
2026-09-24 21:33:46,user5,view,185
2026-09-24 21:33:47,user3,logout,534
2026-09-24 21:33:48,user2,view,585
2026-09-24 21:33:49,user5,logout,587
2026-09-24 21:33:50,user4,purchase,722
2026-09-24 21:33:51,user5,login,375
2026-09-24 21:33:52,user1,search,232
2026-09-24 21:33:53,user1,purchase,858
2026-09-24 21:33:54,user2,view,171
2026-09-24 21:33:55,user4,search,465
2026-09-24 21:33:56,user2,login,525
2026-09-24 21:33:57,user2,login,617
2026-09-24 21:33:58,user1,login,286
2026-09-24 21:33:59,user4,purchase,985
2026-09-24 21:34:00,user2,purchase,957
2026-09-24 21:34:01,user1,view,250
2026-09-24 21:34:02,user3,view,174
2026-09-24 21:34:03,user5,login,797
2026-09-24 21:34:04,user2,login,856
2026-09-24 21:34:05,user1,purchase,430
2026-09-24 21:34:06,user1,purchase,419
2026-09-24 21:34:07,user2,view,214
2026-09-24 21:34:08,user1,purchase,330
2026-09-24 21:34:09,user3,view,276
2026-09-24 21:34:10,user5,logout,183
2026-09-24 21:34:11,user5,login,769
2026-09-24 21:34:12,user4,login,133
2026-09-24 21:34:13,user4,search,908
2026-09-24 21:34:14,user4,login,530
2026-09-24 21:34:15,user1,logout,435
2026-09-24 21:34:16,user4,login,103
2026-09-24 21:34:17,user3,search,693
2026-09-24 21:34:18,user1,search,432
2026-09-24 21:34:19,user2,purchase,220
2026-09-24 21:34:20,user3,logout,347
2026-09-24 21:34:21,user3,login,579
2026-09-24 21:34:22,user1,purchase,408
2026-09-24 21:34:23,user4,view,517
2026-09-24 21:34:24,user2,view,981
2026-09-24 21:34:25,user2,login,354
2026-09-24 21:34:26,user3,view,383
2026-09-24 21:34:27,user4,login,238
2026-09-24 21:34:28,user1,login,868
2026-09-24 21:34:29,user1,logout,836
2026-09-24 21:34:30,user4,search,969
2026-09-24 21:34:31,user4,login,309
2026-09-24 21:34:32,user3,search,101
2026-09-24 21:34:33,user2,login,640
2026-09-24 21:34:34,user3,login,973
2026-09-24 21:34:35,user3,purchase,168
2026-09-24 21:34:36,user3,view,970
2026-09-24 21:34:37,user2,view,313
2026-09-24 21:34:38,user2,purchase,951
2026-09-24 21:34:39,user4,login,267
2026-09-24 21:34:40,user1,view,989
2026-09-24 21:34:41,user5,purchase,970
2026-09-24 21:34:42,user5,view,133
2026-09-24 21:34:43,user5,view,539
2026-09-24 21:34:44,user3,purchase,147
2026-09-24 21:34:45,user2,login,133
2026-09-24 21:34:46,user1,purchase,289
2026-09-24 21:34:47,user2,view,80
2026-09-24 21:34:48,user5,view,743
2026-09-24 21:34:49,user3,purchase,419
2026-09-24 21:34:50,user2,search,208
2026-09-24 21:34:51,user3,login,849
2026-09-24 21:34:52,user2,purchase,775
2026-09-24 21:34:53,user1,search,759
2026-09-24 21:34:54,user5,login,791
2026-09-24 21:34:55,user1,logout,682
2026-09-24 21:34:56,user5,purchase,160
2026-09-24 21:34:57,user5,purchase,50
2026-09-24 21:34:58,user1,logout,729
2026-09-24 21:34:59,user5,view,330
2026-09-24 21:35:00,user2,login,603
2026-09-24 21:35:01,user3,purchase,880
2026-09-24 21:35:02,user4,purchase,450
2026-09-24 21:35:03,user2,search,166
2026-09-24 21:35:04,user3,search,711
2026-09-24 21:35:05,user3,view,471
2026-09-24 21:35:06,user1,view,598
2026-09-24 21:35:07,user2,search,929
2026-09-24 21:35:08,user3,purchase,203
2026-09-24 21:35:09,user2,view,84
2026-09-24 21:35:10,user2,logout,205
2026-09-24 21:35:11,user5,login,640
2026-09-24 21:35:12,user4,view,788
2026-09-24 21:35:13,user4,view,965
2026-09-24 21:35:14,user2,logout,472
2026-09-24 21:35:15,user5,search,178
2026-09-24 21:35:16,user3,login,882
2026-09-24 21:35:17,user2,login,346
2026-09-24 21:35:18,user3,logout,461
2026-09-24 21:35:19,user3,purchase,679
2026-09-24 21:35:20,user1,view,739
2026-09-24 21:35:21,user2,view,369
2026-09-24 21:35:22,user5,logout,699
2026-09-24 21:35:23,user2,search,357
2026-09-24 21:35:24,user4,purchase,189
2026-09-24 21:35:25,user4,login,645
2026-09-24 21:35:26,user3,logout,673
2026-09-24 21:35:27,user1,view,435
2026-09-24 21:35:28,user4,purchase,588
2026-09-24 21:35:29,user4,purchase,645
2026-09-24 21:35:30,user3,purchase,632
2026-09-24 21:35:31,user4,view,638
2026-09-24 21:35:32,user4,view,630
2026-09-24 21:35:33,user4,search,396
2026-09-24 21:35:34,user2,login,349
2026-09-24 21:35:35,user1,purchase,586
2026-09-24 21:35:36,user3,purchase,374
2026-09-24 21:35:37,user1,login,477
2026-09-24 21:35:38,user4,view,662
2026-09-24 21:35:39,user2,purchase,510
2026-09-24 21:35:40,user4,view,753
2026-09-24 21:35:41,user2,search,862
2026-09-24 21:35:42,user2,logout,267
2026-09-24 21:35:43,user4,search,601
2026-09-24 21:35:44,user3,search,659
2026-09-24 21:35:45,user5,view,831
2026-09-24 21:35:46,user1,view,789
2026-09-24 21:35:47,user1,search,646
2026-09-24 21:35:48,user2,purchase,219
2026-09-24 21:35:49,user3,search,754
2026-09-24 21:35:50,user3,purchase,762
2026-09-24 21:35:51,user2,view,896
2026-09-24 21:35:52,user3,purchase,146
2026-09-24 21:35:53,user2,search,282
2026-09-24 21:35:54,user1,login,462
2026-09-24 21:35:55,user5,search,475
2026-09-24 21:35:56,user5,view,483
2026-09-24 21:35:57,user5,search,433
2026-09-24 21:35:58,user2,search,167
2026-09-24 21:35:59,user2,search,438
2026-09-24 21:36:00,user2,view,118
2026-09-24 21:36:01,user4,view,720
2026-09-24 21:36:02,user2,search,979
2026-09-24 21:36:03,user4,logout,104
2026-09-24 21:36:04,user3,search,520
2026-09-24 21:36:05,user4,logout,99
2026-09-24 21:36:06,user5,logout,754
2026-09-24 21:36:07,user3,logout,233
2026-09-24 21:36:08,user3,purchase,684
2026-09-24 21:36:09,user4,login,93
2026-09-24 21:36:10,user1,search,147
2026-09-24 21:36:11,user5,view,865
2026-09-24 21:36:12,user2,search,448
2026-09-24 21:36:13,user3,search,273
2026-09-24 21:36:14,user5,view,409
2026-09-24 21:36:15,user1,login,847
2026-09-24 21:36:16,user4,purchase,200
2026-09-24 21:36:17,user1,login,400
2026-09-24 21:36:18,user3,login,961
2026-09-24 21:36:19,user4,search,839
2026-09-24 21:36:20,user2,logout,898
2026-09-24 21:36:21,user3,view,315
2026-09-24 21:36:22,user5,view,722
2026-09-24 21:36:23,user3,search,615
2026-09-24 21:36:24,user2,logout,911
2026-09-24 21:36:25,user2,login,947
2026-09-24 21:36:26,user3,logout,699
2026-09-24 21:36:27,user1,view,905
2026-09-24 21:36:28,user5,search,383
2026-09-24 21:36:29,user5,login,422
2026-09-24 21:36:30,user2,search,541
2026-09-24 21:36:31,user1,view,236
2026-09-24 21:36:32,user1,purchase,675
2026-09-24 21:36:33,user2,view,84
2026-09-24 21:36:34,user2,view,879
2026-09-24 21:36:35,user3,logout,294
2026-09-24 21:36:36,user3,logout,843
2026-09-24 21:36:37,user3,purchase,732
2026-09-24 21:36:38,user3,search,193
2026-09-24 21:36:39,user3,view,430
2026-09-24 21:36:40,user2,search,915
2026-09-24 21:36:41,user1,logout,411
2026-09-24 21:36:42,user1,login,998
2026-09-24 21:36:43,user5,search,301
2026-09-24 21:36:44,user4,view,908
2026-09-24 21:36:45,user4,purchase,55
2026-09-24 21:36:46,user3,login,274
2026-09-24 21:36:47,user4,logout,150
2026-09-24 21:36:48,user4,purchase,189
2026-09-24 21:36:49,user4,purchase,602
2026-09-24 21:36:50,user4,logout,324
2026-09-24 21:36:51,user3,purchase,942
2026-09-24 21:36:52,user4,login,643
2026-09-24 21:36:53,user5,login,739
2026-09-24 21:36:54,user5,login,713
2026-09-24 21:36:55,user1,logout,217
2026-09-24 21:36:56,user4,view,218
2026-09-24 21:36:57,user5,logout,741
2026-09-24 21:36:58,user5,search,377
2026-09-24 21:36:59,user3,view,476
2026-09-24 21:37:00,user1,search,984
2026-09-24 21:37:01,user5,logout,467
2026-09-24 21:37:02,user5,view,129
2026-09-24 21:37:03,user5,purchase,360
2026-09-24 21:37:04,user4,purchase,793
2026-09-24 21:37:05,user1,search,933
2026-09-24 21:37:06,user3,login,82
2026-09-24 21:37:07,user1,login,692
2026-09-24 21:37:08,user3,login,171
2026-09-24 21:37:09,user4,purchase,920
2026-09-24 21:37:10,user1,search,639
2026-09-24 21:37:11,user4,purchase,715
2026-09-24 21:37:12,user4,search,391
2026-09-24 21:37:13,user1,logout,673
2026-09-24 21:37:14,user4,search,140
2026-09-24 21:37:15,user3,login,204
2026-09-24 21:37:16,user1,view,646
2026-09-24 21:37:17,user4,search,407
2026-09-24 21:37:18,user4,logout,562
2026-09-24 21:37:19,user3,search,648
2026-09-24 21:37:20,user2,logout,380
2026-09-24 21:37:21,user4,view,409
2026-09-24 21:37:22,user2,purchase,357
2026-09-24 21:37:23,user4,purchase,398
2026-09-24 21:37:24,user3,login,204
2026-09-24 21:37:25,user4,view,316
2026-09-24 21:37:26,user3,login,956
2026-09-24 21:37:27,user2,login,167
2026-09-24 21:37:28,user3,search,548
2026-09-24 21:37:29,user3,search,981
2026-09-24 21:37:30,user1,view,598
2026-09-24 21:37:31,user1,search,558
2026-09-24 21:37:32,user3,view,642
2026-09-24 21:37:33,user3,logout,92
2026-09-24 21:37:34,user1,login,80
2026-09-24 21:37:35,user2,search,992
2026-09-24 21:37:36,user4,login,171
2026-09-24 21:37:37,user2,logout,974
2026-09-24 21:37:38,user3,search,488
2026-09-24 21:37:39,user3,logout,752
2026-09-24 21:37:40,user4,search,442
2026-09-24 21:37:41,user3,login,186
2026-09-24 21:37:42,user5,view,914
2026-09-24 21:37:43,user2,purchase,108
2026-09-24 21:37:44,user4,purchase,775
2026-09-24 21:37:45,user4,search,518
2026-09-24 21:37:46,user1,logout,279
2026-09-24 21:37:47,user3,view,117
2026-09-24 21:37:48,user3,view,218
2026-09-24 21:37:49,user3,search,656
2026-09-24 21:37:50,user2,logout,774
2026-09-24 21:37:51,user3,logout,233
2026-09-24 21:37:52,user3,purchase,255
2026-09-24 21:37:53,user2,view,497
2026-09-24 21:37:54,user2,purchase,612
2026-09-24 21:37:55,user1,login,563
2026-09-24 21:37:56,user3,search,248
2026-09-24 21:37:57,user2,purchase,122
2026-09-24 21:37:58,user2,logout,338
2026-09-24 21:37:59,user1,view,248
2026-09-24 21:38:00,user5,purchase,508
2026-09-24 21:38:01,user2,purchase,271
2026-09-24 21:38:02,user2,view,125
2026-09-24 21:38:03,user4,logout,463
2026-09-24 21:38:04,user1,search,554
2026-09-24 21:38:05,user3,purchase,719
2026-09-24 21:38:06,user3,purchase,853
2026-09-24 21:38:07,user4,view,332
2026-09-24 21:38:08,user5,login,392
2026-09-24 21:38:09,user4,logout,673
2026-09-24 21:38:10,user5,logout,833
2026-09-24 21:38:11,user3,view,384
2026-09-24 21:38:12,user4,logout,984
2026-09-24 21:38:13,user1,view,635
2026-09-24 21:38:14,user5,logout,760
2026-09-24 21:38:15,user3,logout,146
2026-09-24 21:38:16,user1,purchase,220
2026-09-24 21:38:17,user3,purchase,493
2026-09-24 21:38:18,user3,view,746
2026-09-24 21:38:19,user4,logout,804
2026-09-24 21:38:20,user3,search,412
2026-09-24 21:38:21,user3,login,130
2026-09-24 21:38:22,user5,logout,104
2026-09-24 21:38:23,user1,logout,926
2026-09-24 21:38:24,user2,login,179
2026-09-24 21:38:25,user3,login,984
2026-09-24 21:38:26,user3,search,440
2026-09-24 21:38:27,user4,logout,226
2026-09-24 21:38:28,user5,view,141
2026-09-24 21:38:29,user4,purchase,393
2026-09-24 21:38:30,user3,search,200
2026-09-24 21:38:31,user3,logout,788
2026-09-24 21:38:32,user2,purchase,869
2026-09-24 21:38:33,user2,logout,559
2026-09-24 21:38:34,user5,search,374
2026-09-24 21:38:35,user4,purchase,273
2026-09-24 21:38:36,user1,logout,462
2026-09-24 21:38:37,user3,search,556
2026-09-24 21:38:38,user1,search,897
2026-09-24 21:38:39,user4,search,250
2026-09-24 21:38:40,user3,purchase,285
2026-09-24 21:38:41,user2,search,142
2026-09-24 21:38:42,user1,search,159
2026-09-24 21:38:43,user2,view,111
2026-09-24 21:38:44,user4,purchase,977
2026-09-24 21:38:45,user2,search,628
2026-09-24 21:38:46,user3,login,183
2026-09-24 21:38:47,user3,search,408
2026-09-24 21:38:48,user1,search,819
2026-09-24 21:38:49,user5,purchase,701
2026-09-24 21:38:50,user1,view,85
2026-09-24 21:38:51,user2,logout,196
2026-09-24 21:38:52,user1,logout,200
2026-09-24 21:38:53,user3,login,833
2026-09-24 21:38:54,user1,search,529
2026-09-24 21:38:55,user4,view,353
2026-09-24 21:38:56,user3,search,72
2026-09-24 21:38:57,user5,login,369
2026-09-24 21:38:58,user3,purchase,112
2026-09-24 21:38:59,user4,login,737
2026-09-24 21:39:00,user3,logout,298
2026-09-24 21:39:01,user3,search,838
2026-09-24 21:39:02,user4,view,482
2026-09-24 21:39:03,user5,logout,620
2026-09-24 21:39:04,user2,purchase,894
2026-09-24 21:39:05,user3,login,110
2026-09-24 21:39:06,user3,search,885
2026-09-24 21:39:07,user5,view,239
2026-09-24 21:39:08,user3,logout,856
2026-09-24 21:39:09,user1,view,196
2026-09-24 21:39:10,user2,login,188
2026-09-24 21:39:11,user2,search,903
2026-09-24 21:39:12,user5,view,653
2026-09-24 21:39:13,user1,login,461
2026-09-24 21:39:14,user5,login,192
2026-09-24 21:39:15,user5,purchase,597
2026-09-24 21:39:16,user4,purchase,679
2026-09-24 21:39:17,user4,login,92
2026-09-24 21:39:18,user5,purchase,733
2026-09-24 21:39:19,user4,view,374
2026-09-24 21:39:20,user5,view,432
2026-09-24 21:39:21,user5,purchase,588
2026-09-24 21:39:22,user4,logout,273
2026-09-24 21:39:23,user2,view,954
2026-09-24 21:39:24,user3,login,199
2026-09-24 21:39:25,user1,purchase,285
2026-09-24 21:39:26,user3,purchase,366
2026-09-24 21:39:27,user5,logout,814
2026-09-24 21:39:28,user1,login,481
2026-09-24 21:39:29,user5,logout,120
2026-09-24 21:39:30,user2,logout,269
2026-09-24 21:39:31,user5,search,691
2026-09-24 21:39:32,user2,view,611
2026-09-24 21:39:33,user3,purchase,758
2026-09-24 21:39:34,user1,logout,112
2026-09-24 21:39:35,user3,view,781
2026-09-24 21:39:36,user3,search,414
2026-09-24 21:39:37,user2,login,651
2026-09-24 21:39:38,user4,logout,238
2026-09-24 21:39:39,user1,logout,108
2026-09-24 21:39:40,user1,logout,703
2026-09-24 21:39:41,user2,login,685
2026-09-24 21:39:42,user1,purchase,631
2026-09-24 21:39:43,user5,login,837
2026-09-24 21:39:44,user3,view,727
2026-09-24 21:39:45,user3,logout,428
2026-09-24 21:39:46,user2,purchase,151
2026-09-24 21:39:47,user2,search,802
2026-09-24 21:39:48,user2,view,442
2026-09-24 21:39:49,user5,login,774
2026-09-24 21:39:50,user1,search,808
2026-09-24 21:39:51,user5,logout,864
2026-09-24 21:39:52,user2,search,531
2026-09-24 21:39:53,user1,purchase,351
2026-09-24 21:39:54,user2,login,148
2026-09-24 21:39:55,user4,view,351
2026-09-24 21:39:56,user1,purchase,942
2026-09-24 21:39:57,user5,login,448
2026-09-24 21:39:58,user5,logout,60
2026-09-24 21:39:59,user3,view,425
2026-09-24 21:40:00,user4,view,323
2026-09-24 21:40:01,user1,login,983
2026-09-24 21:40:02,user1,login,856
2026-09-24 21:40:03,user5,view,190
2026-09-24 21:40:04,user2,view,150
2026-09-24 21:40:05,user5,purchase,830
2026-09-24 21:40:06,user3,login,377
2026-09-24 21:40:07,user5,purchase,216
2026-09-24 21:40:08,user5,view,457
2026-09-24 21:40:09,user1,login,368
2026-09-24 21:40:10,user4,view,690
2026-09-24 21:40:11,user4,search,889
2026-09-24 21:40:12,user3,logout,417
2026-09-24 21:40:13,user4,login,401
2026-09-24 21:40:14,user4,search,735
2026-09-24 21:40:15,user2,view,681
2026-09-24 21:40:16,user4,purchase,856
2026-09-24 21:40:17,user3,purchase,184
2026-09-24 21:40:18,user1,logout,638
2026-09-24 21:40:19,user5,logout,599
2026-09-24 21:40:20,user1,purchase,736
2026-09-24 21:40:21,user2,purchase,634
2026-09-24 21:40:22,user1,view,206
2026-09-24 21:40:23,user5,logout,807
2026-09-24 21:40:24,user1,view,346
2026-09-24 21:40:25,user2,view,644
2026-09-24 21:40:26,user4,logout,510
2026-09-24 21:40:27,user1,search,999
2026-09-24 21:40:28,user4,view,449
2026-09-24 21:40:29,user4,view,600
2026-09-24 21:40:30,user4,purchase,836
2026-09-24 21:40:31,user2,purchase,561
2026-09-24 21:40:32,user5,search,980
2026-09-24 21:40:33,user5,purchase,264
2026-09-24 21:40:34,user2,purchase,376
2026-09-24 21:40:35,user2,login,830
2026-09-24 21:40:36,user3,login,798
2026-09-24 21:40:37,user1,view,872
2026-09-24 21:40:38,user5,login,577
2026-09-24 21:40:39,user5,purchase,989
2026-09-24 21:40:40,user1,login,237
2026-09-24 21:40:41,user4,logout,828
2026-09-24 21:40:42,user4,purchase,471
2026-09-24 21:40:43,user5,search,578
2026-09-24 21:40:44,user4,purchase,408
2026-09-24 21:40:45,user3,search,717
2026-09-24 21:40:46,user3,login,243
2026-09-24 21:40:47,user2,purchase,554
2026-09-24 21:40:48,user1,purchase,357
2026-09-24 21:40:49,user3,logout,638
2026-09-24 21:40:50,user5,login,515
2026-09-24 21:40:51,user1,logout,608
2026-09-24 21:40:52,user4,login,503
2026-09-24 21:40:53,user5,logout,970
2026-09-24 21:40:54,user3,purchase,217
2026-09-24 21:40:55,user5,purchase,575
2026-09-24 21:40:56,user1,search,402
2026-09-24 21:40:57,user5,purchase,535
2026-09-24 21:40:58,user4,login,634
2026-09-24 21:40:59,user3,logout,164
2026-09-24 21:41:00,user1,purchase,700
2026-09-24 21:41:01,user3,search,717
2026-09-24 21:41:02,user2,login,741
2026-09-24 21:41:03,user2,login,563
2026-09-24 21:41:04,user5,purchase,50
2026-09-24 21:41:05,user5,view,202
2026-09-24 21:41:06,user5,logout,499
2026-09-24 21:41:07,user1,logout,529
2026-09-24 21:41:08,user2,login,476
2026-09-24 21:41:09,user5,view,616
2026-09-24 21:41:10,user2,logout,206
2026-09-24 21:41:11,user1,logout,178
2026-09-24 21:41:12,user5,purchase,212
2026-09-24 21:41:13,user5,view,400
2026-09-24 21:41:14,user2,search,214
2026-09-24 21:41:15,user1,purchase,339
2026-09-24 21:41:16,user4,search,473
2026-09-24 21:41:17,user3,purchase,946
2026-09-24 21:41:18,user2,view,58
2026-09-24 21:41:19,user4,view,663
2026-09-24 21:41:20,user1,logout,763
2026-09-24 21:41:21,user5,view,712
2026-09-24 21:41:22,user5,logout,195
2026-09-24 21:41:23,user3,view,218
2026-09-24 21:41:24,user3,view,590
2026-09-24 21:41:25,user4,search,118
2026-09-24 21:41:26,user5,view,216
2026-09-24 21:41:27,user3,search,731
2026-09-24 21:41:28,user1,purchase,649
2026-09-24 21:41:29,user3,search,359
2026-09-24 21:41:30,user5,search,661
2026-09-24 21:41:31,user5,purchase,439
2026-09-24 21:41:32,user2,search,699
2026-09-24 21:41:33,user4,view,183
2026-09-24 21:41:34,user2,purchase,773
2026-09-24 21:41:35,user5,search,188
2026-09-24 21:41:36,user4,logout,81
2026-09-24 21:41:37,user1,view,546
2026-09-24 21:41:38,user5,search,634
2026-09-24 21:41:39,user4,view,779
2026-09-24 21:41:40,user1,view,944
2026-09-24 21:41:41,user1,purchase,968
2026-09-24 21:41:42,user1,purchase,945
2026-09-24 21:41:43,user4,logout,133
2026-09-24 21:41:44,user5,login,578
2026-09-24 21:41:45,user5,login,123
2026-09-24 21:41:46,user5,search,279
2026-09-24 21:41:47,user3,login,125
2026-09-24 21:41:48,user1,view,533
2026-09-24 21:41:49,user2,search,423
2026-09-24 21:41:50,user4,purchase,556
2026-09-24 21:41:51,user3,purchase,528
2026-09-24 21:41:52,user4,purchase,383
2026-09-24 21:41:53,user4,logout,992
2026-09-24 21:41:54,user5,search,330
2026-09-24 21:41:55,user3,search,358
2026-09-24 21:41:56,user3,logout,287
2026-09-24 21:41:57,user4,view,578
2026-09-24 21:41:58,user4,view,291
2026-09-24 21:41:59,user2,search,928
2026-09-24 21:42:00,user3,view,890
2026-09-24 21:42:01,user2,logout,582
2026-09-24 21:42:02,user2,logout,939
2026-09-24 21:42:03,user1,search,913
2026-09-24 21:42:04,user2,logout,978
2026-09-24 21:42:05,user5,search,201
2026-09-24 21:42:06,user2,search,135
2026-09-24 21:42:07,user5,view,291
2026-09-24 21:42:08,user5,purchase,239
2026-09-24 21:42:09,user4,search,956
2026-09-24 21:42:10,user5,purchase,267
2026-09-24 21:42:11,user2,logout,797
2026-09-24 21:42:12,user4,logout,613
2026-09-24 21:42:13,user1,purchase,632
2026-09-24 21:42:14,user4,logout,594
2026-09-24 21:42:15,user1,view,348
2026-09-24 21:42:16,user3,logout,526
2026-09-24 21:42:17,user1,view,741
2026-09-24 21:42:18,user2,search,556
2026-09-24 21:42:19,user3,purchase,101
2026-09-24 21:42:20,user3,purchase,767
2026-09-24 21:42:21,user3,purchase,472
2026-09-24 21:42:22,user5,view,863
2026-09-24 21:42:23,user1,logout,189
2026-09-24 21:42:24,user5,purchase,716
2026-09-24 21:42:25,user1,view,943
2026-09-24 21:42:26,user2,purchase,506
2026-09-24 21:42:27,user2,login,176
2026-09-24 21:42:28,user1,purchase,951
2026-09-24 21:42:29,user4,view,440
2026-09-24 21:42:30,user2,view,925
2026-09-24 21:42:31,user1,search,723
2026-09-24 21:42:32,user5,login,529
2026-09-24 21:42:33,user2,logout,401
2026-09-24 21:42:34,user5,purchase,394
2026-09-24 21:42:35,user2,view,978
2026-09-24 21:42:36,user1,login,873
2026-09-24 21:42:37,user5,view,514
2026-09-24 21:42:38,user1,search,523
2026-09-24 21:42:39,user3,login,153
2026-09-24 21:42:40,user5,search,882
2026-09-24 21:42:41,user5,search,311
2026-09-24 21:42:42,user3,search,96
2026-09-24 21:42:43,user3,logout,419
2026-09-24 21:42:44,user3,login,717
2026-09-24 21:42:45,user5,view,608
2026-09-24 21:42:46,user3,login,605
2026-09-24 21:42:47,user3,search,682
2026-09-24 21:42:48,user4,logout,914
2026-09-24 21:42:49,user5,search,250
2026-09-24 21:42:50,user2,purchase,819
2026-09-24 21:42:51,user3,search,325
2026-09-24 21:42:52,user2,login,286
2026-09-24 21:42:53,user4,view,981
2026-09-24 21:42:54,user1,purchase,698
2026-09-24 21:42:55,user4,logout,731
2026-09-24 21:42:56,user2,view,704
2026-09-24 21:42:57,user2,search,211
2026-09-24 21:42:58,user3,purchase,796
2026-09-24 21:42:59,user3,search,396
2026-09-24 21:43:00,user5,purchase,81
2026-09-24 21:43:01,user5,purchase,511
2026-09-24 21:43:02,user3,search,554
2026-09-24 21:43:03,user2,logout,719
2026-09-24 21:43:04,user4,purchase,540
2026-09-24 21:43:05,user4,search,816
2026-09-24 21:43:06,user1,view,538
2026-09-24 21:43:07,user4,view,200
2026-09-24 21:43:08,user3,view,718
2026-09-24 21:43:09,user4,search,409
2026-09-24 21:43:10,user4,search,938
2026-09-24 21:43:11,user2,view,576
2026-09-24 21:43:12,user4,search,530
2026-09-24 21:43:13,user1,purchase,904
2026-09-24 21:43:14,user1,search,862
2026-09-24 21:43:15,user1,search,918
2026-09-24 21:43:16,user3,login,995
2026-09-24 21:43:17,user4,view,653
2026-09-24 21:43:18,user3,purchase,707
2026-09-24 21:43:19,user5,search,347
2026-09-24 21:43:20,user3,login,860
2026-09-24 21:43:21,user4,view,321
2026-09-24 21:43:22,user3,search,514
2026-09-24 21:43:23,user1,view,627
2026-09-24 21:43:24,user3,purchase,940
2026-09-24 21:43:25,user2,purchase,752
2026-09-24 21:43:26,user5,purchase,744
2026-09-24 21:43:27,user1,purchase,351
2026-09-24 21:43:28,user3,view,968
2026-09-24 21:43:29,user4,purchase,803
2026-09-24 21:43:30,user2,view,683
2026-09-24 21:43:31,user4,search,677
2026-09-24 21:43:32,user1,login,409
2026-09-24 21:43:33,user4,purchase,260
2026-09-24 21:43:34,user5,search,404
2026-09-24 21:43:35,user4,purchase,394
2026-09-24 21:43:36,user2,logout,190
2026-09-24 21:43:37,user1,search,416
2026-09-24 21:43:38,user5,view,666
2026-09-24 21:43:39,user3,view,66
2026-09-24 21:43:40,user5,login,660
2026-09-24 21:43:41,user5,logout,794
2026-09-24 21:43:42,user1,logout,643
2026-09-24 21:43:43,user2,logout,588
2026-09-24 21:43:44,user3,login,231
2026-09-24 21:43:45,user2,logout,316
2026-09-24 21:43:46,user4,logout,224
2026-09-24 21:43:47,user2,purchase,283
2026-09-24 21:43:48,user2,search,971
2026-09-24 21:43:49,user5,search,498
2026-09-24 21:43:50,user3,purchase,481
2026-09-24 21:43:51,user2,logout,966
2026-09-24 21:43:52,user5,logout,922
2026-09-24 21:43:53,user2,purchase,582
2026-09-24 21:43:54,user5,search,800
2026-09-24 21:43:55,user3,search,212
2026-09-24 21:43:56,user5,search,622
2026-09-24 21:43:57,user4,login,316
2026-09-24 21:43:58,user2,purchase,440
2026-09-24 21:43:59,user1,login,282
2026-09-24 21:44:00,user1,search,301
2026-09-24 21:44:01,user3,view,446
2026-09-24 21:44:02,user2,search,391
2026-09-24 21:44:03,user3,search,108
2026-09-24 21:44:04,user1,view,318
2026-09-24 21:44:05,user1,logout,789
2026-09-24 21:44:06,user5,search,630
2026-09-24 21:44:07,user4,view,619
2026-09-24 21:44:08,user5,search,539
2026-09-24 21:44:09,user3,logout,209
2026-09-24 21:44:10,user1,purchase,776
2026-09-24 21:44:11,user3,search,353
2026-09-24 21:44:12,user3,purchase,885
2026-09-24 21:44:13,user4,view,864
2026-09-24 21:44:14,user2,search,840
2026-09-24 21:44:15,user1,logout,643
2026-09-24 21:44:16,user5,login,803
2026-09-24 21:44:17,user4,view,592
2026-09-24 21:44:18,user4,purchase,515
2026-09-24 21:44:19,user5,search,164
2026-09-24 21:44:20,user2,logout,685
2026-09-24 21:44:21,user4,login,562
2026-09-24 21:44:22,user1,logout,300
2026-09-24 21:44:23,user5,search,899
2026-09-24 21:44:24,user5,view,830
2026-09-24 21:44:25,user3,login,993
2026-09-24 21:44:26,user5,purchase,708
2026-09-24 21:44:27,user3,login,129
2026-09-24 21:44:28,user3,login,890
2026-09-24 21:44:29,user2,view,474
2026-09-24 21:44:30,user3,purchase,345
2026-09-24 21:44:31,user5,purchase,71
2026-09-24 21:44:32,user5,view,873
2026-09-24 21:44:33,user5,view,275
2026-09-24 21:44:34,user3,purchase,80
2026-09-24 21:44:35,user2,logout,892
2026-09-24 21:44:36,user5,view,810
2026-09-24 21:44:37,user4,login,698
2026-09-24 21:44:38,user5,view,704
2026-09-24 21:44:39,user4,logout,922
2026-09-24 21:44:40,user2,logout,123
2026-09-24 21:44:41,user2,logout,896
2026-09-24 21:44:42,user5,view,245
2026-09-24 21:44:43,user3,logout,881
2026-09-24 21:44:44,user1,search,663
2026-09-24 21:44:45,user1,purchase,485
2026-09-24 21:44:46,user2,search,459
2026-09-24 21:44:47,user4,view,648
2026-09-24 21:44:48,user2,login,618
2026-09-24 21:44:49,user3,logout,390
2026-09-24 21:44:50,user4,search,286
2026-09-24 21:44:51,user3,logout,461
2026-09-24 21:44:52,user1,search,346
2026-09-24 21:44:53,user5,view,365
2026-09-24 21:44:54,user3,view,280
2026-09-24 21:44:55,user4,login,215
2026-09-24 21:44:56,user3,login,92
2026-09-24 21:44:57,user4,logout,832
2026-09-24 21:44:58,user2,view,820
2026-09-24 21:44:59,user3,search,721
2026-09-24 21:45:00,user3,search,429
2026-09-24 21:45:01,user4,login,957
2026-09-24 21:45:02,user5,search,833
2026-09-24 21:45:03,user4,view,58
2026-09-24 21:45:04,user2,login,969
2026-09-24 21:45:05,user1,login,308
2026-09-24 21:45:06,user1,login,959
2026-09-24 21:45:07,user4,view,813
2026-09-24 21:45:08,user3,search,881
2026-09-24 21:45:09,user5,view,159
2026-09-24 21:45:10,user3,logout,750
2026-09-24 21:45:11,user5,logout,693
2026-09-24 21:45:12,user1,purchase,71
2026-09-24 21:45:13,user2,purchase,499
2026-09-24 21:45:14,user4,search,608
2026-09-24 21:45:15,user4,view,561
2026-09-24 21:45:16,user1,logout,863
2026-09-24 21:45:17,user4,login,232
2026-09-24 21:45:18,user3,purchase,167
2026-09-24 21:45:19,user1,purchase,588
2026-09-24 21:45:20,user3,logout,105
2026-09-24 21:45:21,user5,search,634
2026-09-24 21:45:22,user3,view,610
2026-09-24 21:45:23,user5,logout,417
2026-09-24 21:45:24,user4,view,640
2026-09-24 21:45:25,user1,logout,716
2026-09-24 21:45:26,user1,login,893
2026-09-24 21:45:27,user1,purchase,317
2026-09-24 21:45:28,user1,purchase,465
2026-09-24 21:45:29,user2,logout,344
2026-09-24 21:45:30,user1,logout,64
2026-09-24 21:45:31,user3,purchase,907
2026-09-24 21:45:32,user4,view,551
2026-09-24 21:45:33,user4,purchase,219
2026-09-24 21:45:34,user1,search,463
2026-09-24 21:45:35,user2,search,318
2026-09-24 21:45:36,user3,purchase,473
2026-09-24 21:45:37,user2,logout,807
2026-09-24 21:45:38,user5,view,936
2026-09-24 21:45:39,user4,logout,129
2026-09-24 21:45:40,user1,login,553
2026-09-24 21:45:41,user5,logout,472
2026-09-24 21:45:42,user1,logout,442
2026-09-24 21:45:43,user5,view,910
2026-09-24 21:45:44,user4,logout,711
2026-09-24 21:45:45,user1,search,151
2026-09-24 21:45:46,user5,search,254
2026-09-24 21:45:47,user4,view,174
2026-09-24 21:45:48,user3,purchase,945
2026-09-24 21:45:49,user2,purchase,889
2026-09-24 21:45:50,user4,search,611
2026-09-24 21:45:51,user3,purchase,72
2026-09-24 21:45:52,user4,purchase,143
2026-09-24 21:45:53,user2,purchase,725
2026-09-24 21:45:54,user3,logout,759
2026-09-24 21:45:55,user3,view,178
2026-09-24 21:45:56,user3,view,633
2026-09-24 21:45:57,user4,logout,247
2026-09-24 21:45:58,user2,view,58
2026-09-24 21:45:59,user2,logout,391
2026-09-24 21:46:00,user5,logout,76
2026-09-24 21:46:01,user1,logout,361
2026-09-24 21:46:02,user3,search,134
2026-09-24 21:46:03,user2,logout,258
2026-09-24 21:46:04,user5,purchase,324
2026-09-24 21:46:05,user4,purchase,80
2026-09-24 21:46:06,user5,purchase,651
2026-09-24 21:46:07,user2,login,438
2026-09-24 21:46:08,user1,login,539
2026-09-24 21:46:09,user2,view,163
2026-09-24 21:46:10,user2,purchase,717
2026-09-24 21:46:11,user1,purchase,168
2026-09-24 21:46:12,user1,search,278
2026-09-24 21:46:13,user2,logout,555
2026-09-24 21:46:14,user5,search,584
2026-09-24 21:46:15,user1,search,402
2026-09-24 21:46:16,user3,logout,697
2026-09-24 21:46:17,user3,search,151
2026-09-24 21:46:18,user5,logout,797
2026-09-24 21:46:19,user5,purchase,389
2026-09-24 21:46:20,user4,view,404
2026-09-24 21:46:21,user4,search,549
2026-09-24 21:46:22,user1,view,90
2026-09-24 21:46:23,user4,login,293
2026-09-24 21:46:24,user1,search,100
2026-09-24 21:46:25,user1,login,734
2026-09-24 21:46:26,user1,login,221
2026-09-24 21:46:27,user4,login,737
2026-09-24 21:46:28,user1,view,901
2026-09-24 21:46:29,user2,login,253
2026-09-24 21:46:30,user4,search,287
2026-09-24 21:46:31,user4,logout,776
2026-09-24 21:46:32,user3,login,916
2026-09-24 21:46:33,user3,logout,653
2026-09-24 21:46:34,user3,search,415
2026-09-24 21:46:35,user1,logout,166
2026-09-24 21:46:36,user5,login,772
2026-09-24 21:46:37,user2,view,913
2026-09-24 21:46:38,user4,logout,857
2026-09-24 21:46:39,user3,view,622
2026-09-24 21:46:40,user2,search,562
2026-09-24 21:46:41,user5,purchase,394
2026-09-24 21:46:42,user3,view,784
2026-09-24 21:46:43,user1,login,154
2026-09-24 21:46:44,user2,search,363
2026-09-24 21:46:45,user5,search,174
2026-09-24 21:46:46,user4,login,548
2026-09-24 21:46:47,user3,purchase,968
2026-09-24 21:46:48,user1,logout,421
2026-09-24 21:46:49,user2,purchase,875
2026-09-24 21:46:50,user1,view,85
2026-09-24 21:46:51,user3,search,313
2026-09-24 21:46:52,user4,view,984
2026-09-24 21:46:53,user3,search,966
2026-09-24 21:46:54,user3,search,923
2026-09-24 21:46:55,user4,logout,346
2026-09-24 21:46:56,user4,logout,554
2026-09-24 21:46:57,user2,purchase,657
2026-09-24 21:46:58,user4,login,156
2026-09-24 21:46:59,user1,logout,357
2026-09-24 21:47:00,user3,logout,54
2026-09-24 21:47:01,user1,purchase,437
2026-09-24 21:47:02,user1,logout,732
2026-09-24 21:47:03,user5,login,527
2026-09-24 21:47:04,user1,view,374
2026-09-24 21:47:05,user4,logout,90
2026-09-24 21:47:06,user5,search,827
2026-09-24 21:47:07,user2,logout,869
2026-09-24 21:47:08,user1,view,502
2026-09-24 21:47:09,user5,view,997
2026-09-24 21:47:10,user2,login,785
2026-09-24 21:47:11,user3,purchase,113
2026-09-24 21:47:12,user4,purchase,721
2026-09-24 21:47:13,user4,logout,743
2026-09-24 21:47:14,user3,purchase,722
2026-09-24 21:47:15,user4,login,862
2026-09-24 21:47:16,user2,login,885
2026-09-24 21:47:17,user5,view,914
2026-09-24 21:47:18,user1,logout,343
2026-09-24 21:47:19,user1,purchase,205
2026-09-24 21:47:20,user3,search,522
2026-09-24 21:47:21,user3,login,728
2026-09-24 21:47:22,user4,purchase,228
2026-09-24 21:47:23,user1,logout,98
2026-09-24 21:47:24,user3,logout,397
2026-09-24 21:47:25,user4,purchase,399
2026-09-24 21:47:26,user5,purchase,633
2026-09-24 21:47:27,user5,logout,793
2026-09-24 21:47:28,user3,purchase,859
2026-09-24 21:47:29,user5,logout,159
2026-09-24 21:47:30,user5,purchase,343
2026-09-24 21:47:31,user1,logout,235
2026-09-24 21:47:32,user1,purchase,294
2026-09-24 21:47:33,user3,purchase,783
2026-09-24 21:47:34,user2,logout,953
2026-09-24 21:47:35,user4,logout,209
2026-09-24 21:47:36,user4,view,90
2026-09-24 21:47:37,user5,view,115
2026-09-24 21:47:38,user4,search,853
2026-09-24 21:47:39,user4,logout,210
2026-09-24 21:47:40,user2,login,493
2026-09-24 21:47:41,user3,view,266
2026-09-24 21:47:42,user3,purchase,164
2026-09-24 21:47:43,user3,logout,77
2026-09-24 21:47:44,user4,view,750
2026-09-24 21:47:45,user5,purchase,754
2026-09-24 21:47:46,user1,logout,125
2026-09-24 21:47:47,user4,search,427
2026-09-24 21:47:48,user1,logout,115
2026-09-24 21:47:49,user4,view,592
2026-09-24 21:47:50,user5,logout,351
2026-09-24 21:47:51,user2,purchase,812
2026-09-24 21:47:52,user2,purchase,722
2026-09-24 21:47:53,user2,logout,480
2026-09-24 21:47:54,user2,login,505
2026-09-24 21:47:55,user5,search,393
2026-09-24 21:47:56,user3,login,114
2026-09-24 21:47:57,user4,purchase,431
2026-09-24 21:47:58,user5,view,866
2026-09-24 21:47:59,user3,logout,901
2026-09-24 21:48:00,user1,view,479
2026-09-24 21:48:01,user1,view,557
2026-09-24 21:48:02,user2,logout,439
2026-09-24 21:48:03,user5,view,716
2026-09-24 21:48:04,user5,login,772
2026-09-24 21:48:05,user2,view,280
2026-09-24 21:48:06,user5,login,845
2026-09-24 21:48:07,user4,logout,71
2026-09-24 21:48:08,user1,search,687
2026-09-24 21:48:09,user5,view,591
2026-09-24 21:48:10,user3,search,563
2026-09-24 21:48:11,user3,logout,695
2026-09-24 21:48:12,user5,login,785
2026-09-24 21:48:13,user3,search,711
2026-09-24 21:48:14,user1,login,248
2026-09-24 21:48:15,user4,purchase,218
2026-09-24 21:48:16,user1,logout,90
2026-09-24 21:48:17,user2,purchase,240
2026-09-24 21:48:18,user3,login,986
2026-09-24 21:48:19,user1,login,519
2026-09-24 21:48:20,user3,view,642
2026-09-24 21:48:21,user5,purchase,612
2026-09-24 21:48:22,user1,login,574
2026-09-24 21:48:23,user1,view,363
2026-09-24 21:48:24,user4,login,237
2026-09-24 21:48:25,user5,purchase,879
2026-09-24 21:48:26,user4,search,428
2026-09-24 21:48:27,user4,search,882
2026-09-24 21:48:28,user4,view,357
2026-09-24 21:48:29,user4,search,490
2026-09-24 21:48:30,user4,view,703
2026-09-24 21:48:31,user3,logout,994
2026-09-24 21:48:32,user1,search,146
2026-09-24 21:48:33,user2,logout,201
2026-09-24 21:48:34,user4,logout,84
2026-09-24 21:48:35,user2,login,920
2026-09-24 21:48:36,user5,login,168
2026-09-24 21:48:37,user2,view,655
2026-09-24 21:48:38,user2,login,370
2026-09-24 21:48:39,user2,search,625
2026-09-24 21:48:40,user4,view,518
2026-09-24 21:48:41,user2,login,965
2026-09-24 21:48:42,user2,logout,86
2026-09-24 21:48:43,user1,purchase,754
2026-09-24 21:48:44,user2,view,918
2026-09-24 21:48:45,user4,search,517
2026-09-24 21:48:46,user4,view,141
2026-09-24 21:48:47,user1,purchase,954
2026-09-24 21:48:48,user2,login,689
2026-09-24 21:48:49,user1,view,312
2026-09-24 21:48:50,user4,logout,322
2026-09-24 21:48:51,user4,search,409
2026-09-24 21:48:52,user3,logout,416
2026-09-24 21:48:53,user4,logout,814
2026-09-24 21:48:54,user3,logout,362
2026-09-24 21:48:55,user4,view,393
2026-09-24 21:48:56,user1,purchase,145
2026-09-24 21:48:57,user5,search,987
2026-09-24 21:48:58,user2,search,63
2026-09-24 21:48:59,user3,login,820
2026-09-24 21:49:00,user5,logout,244
2026-09-24 21:49:01,user3,view,436
2026-09-24 21:49:02,user5,login,486
2026-09-24 21:49:03,user1,logout,70
2026-09-24 21:49:04,user1,purchase,331
2026-09-24 21:49:05,user5,logout,67
2026-09-24 21:49:06,user5,view,223
2026-09-24 21:49:07,user5,login,148
2026-09-24 21:49:08,user5,search,173
2026-09-24 21:49:09,user2,search,389
2026-09-24 21:49:10,user1,search,960
2026-09-24 21:49:11,user4,search,742
2026-09-24 21:49:12,user5,view,517
2026-09-24 21:49:13,user2,search,221
2026-09-24 21:49:14,user3,view,719
2026-09-24 21:49:15,user3,logout,335
2026-09-24 21:49:16,user5,login,235
2026-09-24 21:49:17,user2,view,722
2026-09-24 21:49:18,user5,view,932
2026-09-24 21:49:19,user4,logout,724
2026-09-24 21:49:20,user3,view,585
2026-09-24 21:49:21,user1,logout,186
2026-09-24 21:49:22,user3,login,928
2026-09-24 21:49:23,user2,purchase,427
2026-09-24 21:49:24,user5,login,884
2026-09-24 21:49:25,user2,view,142
2026-09-24 21:49:26,user2,purchase,420
2026-09-24 21:49:27,user5,view,791
2026-09-24 21:49:28,user2,login,851
2026-09-24 21:49:29,user2,login,351
2026-09-24 21:49:30,user2,purchase,137
2026-09-24 21:49:31,user1,purchase,970
2026-09-24 21:49:32,user1,purchase,69
2026-09-24 21:49:33,user5,login,735
2026-09-24 21:49:34,user4,login,291
2026-09-24 21:49:35,user5,view,421
2026-09-24 21:49:36,user4,login,863
2026-09-24 21:49:37,user1,purchase,785
2026-09-24 21:49:38,user3,purchase,113
2026-09-24 21:49:39,user4,logout,880
2026-09-24 21:49:40,user5,logout,127
2026-09-24 21:49:41,user3,logout,538
2026-09-24 21:49:42,user2,search,618
2026-09-24 21:49:43,user3,logout,592
2026-09-24 21:49:44,user1,purchase,150
2026-09-24 21:49:45,user5,view,802
2026-09-24 21:49:46,user3,login,335
2026-09-24 21:49:47,user4,search,557
2026-09-24 21:49:48,user4,view,197
2026-09-24 21:49:49,user2,logout,688
2026-09-24 21:49:50,user5,logout,114
2026-09-24 21:49:51,user2,view,308
2026-09-24 21:49:52,user3,login,271
2026-09-24 21:49:53,user2,search,309
2026-09-24 21:49:54,user1,search,717
2026-09-24 21:49:55,user3,login,873
2026-09-24 21:49:56,user5,login,799
2026-09-24 21:49:57,user1,logout,475
2026-09-24 21:49:58,user2,search,821
2026-09-24 21:49:59,user4,login,519
2026-09-24 21:50:00,user2,search,365
2026-09-24 21:50:01,user4,logout,968
2026-09-24 21:50:02,user3,purchase,125
2026-09-24 21:50:03,user3,view,414
2026-09-24 21:50:04,user1,logout,346
2026-09-24 21:50:05,user4,view,587
2026-09-24 21:50:06,user5,logout,107
2026-09-24 21:50:07,user4,purchase,939
2026-09-24 21:50:08,user1,purchase,179
2026-09-24 21:50:09,user4,search,908
2026-09-24 21:50:10,user4,view,177
2026-09-24 21:50:11,user3,view,619
2026-09-24 21:50:12,user1,search,493
2026-09-24 21:50:13,user4,logout,933
2026-09-24 21:50:14,user5,view,500
2026-09-24 21:50:15,user2,purchase,285
2026-09-24 21:50:16,user2,search,279
2026-09-24 21:50:17,user4,view,132
2026-09-24 21:50:18,user4,login,865
2026-09-24 21:50:19,user4,view,222
2026-09-24 21:50:20,user1,purchase,305
2026-09-24 21:50:21,user5,search,689
2026-09-24 21:50:22,user1,purchase,938
2026-09-24 21:50:23,user3,purchase,522
2026-09-24 21:50:24,user3,purchase,232
2026-09-24 21:50:25,user4,search,781
2026-09-24 21:50:26,user3,purchase,506
2026-09-24 21:50:27,user2,view,139
2026-09-24 21:50:28,user4,logout,449
2026-09-24 21:50:29,user4,view,478
2026-09-24 21:50:30,user3,view,617
2026-09-24 21:50:31,user4,view,207
2026-09-24 21:50:32,user5,search,370
2026-09-24 21:50:33,user1,login,426
2026-09-24 21:50:34,user2,search,302
2026-09-24 21:50:35,user1,login,267
2026-09-24 21:50:36,user5,view,998
2026-09-24 21:50:37,user1,logout,581
2026-09-24 21:50:38,user1,purchase,710
2026-09-24 21:50:39,user4,login,707
2026-09-24 21:50:40,user4,logout,294
2026-09-24 21:50:41,user5,view,972
2026-09-24 21:50:42,user1,login,70
2026-09-24 21:50:43,user3,logout,320
2026-09-24 21:50:44,user4,logout,290
2026-09-24 21:50:45,user5,search,100
2026-09-24 21:50:46,user5,logout,608
2026-09-24 21:50:47,user1,search,99
2026-09-24 21:50:48,user5,view,356
2026-09-24 21:50:49,user3,login,54
2026-09-24 21:50:50,user2,search,735
2026-09-24 21:50:51,user2,logout,369
2026-09-24 21:50:52,user5,logout,708
2026-09-24 21:50:53,user3,purchase,76
2026-09-24 21:50:54,user5,search,568
2026-09-24 21:50:55,user1,purchase,923
2026-09-24 21:50:56,user4,search,110
2026-09-24 21:50:57,user2,login,801
2026-09-24 21:50:58,user2,logout,536
2026-09-24 21:50:59,user3,login,687
2026-09-24 21:51:00,user4,search,168
2026-09-24 21:51:01,user4,logout,331
2026-09-24 21:51:02,user2,search,864
2026-09-24 21:51:03,user4,search,341
2026-09-24 21:51:04,user5,search,200
2026-09-24 21:51:05,user3,purchase,528
2026-09-24 21:51:06,user5,login,124
2026-09-24 21:51:07,user2,search,889
2026-09-24 21:51:08,user3,login,918
2026-09-24 21:51:09,user1,purchase,263
2026-09-24 21:51:10,user4,search,251
2026-09-24 21:51:11,user3,purchase,294
2026-09-24 21:51:12,user1,view,749
2026-09-24 21:51:13,user5,view,298
2026-09-24 21:51:14,user4,search,274
2026-09-24 21:51:15,user2,search,141
2026-09-24 21:51:16,user3,view,603
2026-09-24 21:51:17,user4,view,824
2026-09-24 21:51:18,user1,purchase,813
2026-09-24 21:51:19,user1,search,227
2026-09-24 21:51:20,user4,logout,991
2026-09-24 21:51:21,user4,view,309
2026-09-24 21:51:22,user5,logout,863
2026-09-24 21:51:23,user2,purchase,506
2026-09-24 21:51:24,user4,view,597
2026-09-24 21:51:25,user5,logout,898
2026-09-24 21:51:26,user3,search,316
2026-09-24 21:51:27,user3,search,157
2026-09-24 21:51:28,user5,search,187
2026-09-24 21:51:29,user5,view,753
2026-09-24 21:51:30,user3,purchase,479
2026-09-24 21:51:31,user1,purchase,313
2026-09-24 21:51:32,user3,purchase,635
2026-09-24 21:51:33,user1,purchase,521
2026-09-24 21:51:34,user5,purchase,146
2026-09-24 21:51:35,user5,view,548
2026-09-24 21:51:36,user1,view,161
2026-09-24 21:51:37,user5,logout,63
2026-09-24 21:51:38,user1,logout,509
2026-09-24 21:51:39,user4,logout,182
2026-09-24 21:51:40,user5,login,349
2026-09-24 21:51:41,user3,logout,924
2026-09-24 21:51:42,user3,login,723
2026-09-24 21:51:43,user5,logout,636
2026-09-24 21:51:44,user1,logout,538
2026-09-24 21:51:45,user2,view,702
2026-09-24 21:51:46,user3,search,967
2026-09-24 21:51:47,user2,login,995
2026-09-24 21:51:48,user5,login,400
2026-09-24 21:51:49,user4,view,971
2026-09-24 21:51:50,user3,search,479
2026-09-24 21:51:51,user4,purchase,473
2026-09-24 21:51:52,user1,view,845
2026-09-24 21:51:53,user1,search,765
2026-09-24 21:51:54,user1,view,83
2026-09-24 21:51:55,user1,purchase,812
2026-09-24 21:51:56,user3,view,82
2026-09-24 21:51:57,user5,view,140
2026-09-24 21:51:58,user1,search,460
2026-09-24 21:51:59,user5,view,224
2026-09-24 21:52:00,user1,search,143
2026-09-24 21:52:01,user2,purchase,395
2026-09-24 21:52:02,user2,view,363
2026-09-24 21:52:03,user3,view,359
2026-09-24 21:52:04,user5,logout,395
2026-09-24 21:52:05,user4,view,602
2026-09-24 21:52:06,user2,search,348
2026-09-24 21:52:07,user1,purchase,137
2026-09-24 21:52:08,user3,purchase,622
2026-09-24 21:52:09,user4,search,769
2026-09-24 21:52:10,user3,purchase,427
2026-09-24 21:52:11,user5,logout,272
2026-09-24 21:52:12,user1,purchase,95
2026-09-24 21:52:13,user1,search,843
2026-09-24 21:52:14,user2,view,969
2026-09-24 21:52:15,user1,login,710
2026-09-24 21:52:16,user3,purchase,182
2026-09-24 21:52:17,user1,search,60
2026-09-24 21:52:18,user1,view,522
2026-09-24 21:52:19,user1,view,259
2026-09-24 21:52:20,user1,search,941
2026-09-24 21:52:21,user5,purchase,205
2026-09-24 21:52:22,user2,purchase,480
2026-09-24 21:52:23,user2,logout,984
2026-09-24 21:52:24,user1,view,770
2026-09-24 21:52:25,user4,view,186
2026-09-24 21:52:26,user3,logout,510
2026-09-24 21:52:27,user4,login,792
2026-09-24 21:52:28,user5,login,495
2026-09-24 21:52:29,user1,search,466
2026-09-24 21:52:30,user5,logout,729
2026-09-24 21:52:31,user4,login,104
2026-09-24 21:52:32,user3,login,496
2026-09-24 21:52:33,user5,login,498
2026-09-24 21:52:34,user4,logout,268
2026-09-24 21:52:35,user4,view,313
2026-09-24 21:52:36,user5,search,851
2026-09-24 21:52:37,user4,logout,214
2026-09-24 21:52:38,user1,purchase,776
2026-09-24 21:52:39,user4,login,91
2026-09-24 21:52:40,user2,purchase,954
2026-09-24 21:52:41,user3,view,790
2026-09-24 21:52:42,user5,logout,182
2026-09-24 21:52:43,user2,logout,676
2026-09-24 21:52:44,user4,logout,351
2026-09-24 21:52:45,user5,search,661
2026-09-24 21:52:46,user3,logout,55
2026-09-24 21:52:47,user4,purchase,164
2026-09-24 21:52:48,user1,logout,112
2026-09-24 21:52:49,user1,logout,750
2026-09-24 21:52:50,user3,purchase,897
2026-09-24 21:52:51,user5,login,547
2026-09-24 21:52:52,user4,logout,585
2026-09-24 21:52:53,user1,search,437
2026-09-24 21:52:54,user3,view,65
2026-09-24 21:52:55,user5,search,431
2026-09-24 21:52:56,user4,purchase,240
2026-09-24 21:52:57,user5,login,411
2026-09-24 21:52:58,user1,logout,615
2026-09-24 21:52:59,user4,logout,633
2026-09-24 21:53:00,user1,purchase,429
2026-09-24 21:53:01,user4,view,410
2026-09-24 21:53:02,user3,logout,802
2026-09-24 21:53:03,user5,search,752
2026-09-24 21:53:04,user2,view,77
2026-09-24 21:53:05,user4,search,268
2026-09-24 21:53:06,user4,search,247
2026-09-24 21:53:07,user3,login,552
2026-09-24 21:53:08,user4,purchase,976
2026-09-24 21:53:09,user5,search,416
2026-09-24 21:53:10,user4,logout,702
2026-09-24 21:53:11,user2,purchase,477
2026-09-24 21:53:12,user4,purchase,660
2026-09-24 21:53:13,user1,purchase,263
2026-09-24 21:53:14,user2,login,308
2026-09-24 21:53:15,user3,logout,296
2026-09-24 21:53:16,user2,login,447
2026-09-24 21:53:17,user1,view,100
2026-09-24 21:53:18,user2,login,850
2026-09-24 21:53:19,user1,logout,444
2026-09-24 21:53:20,user2,logout,983
2026-09-24 21:53:21,user3,logout,728
2026-09-24 21:53:22,user4,purchase,841
2026-09-24 21:53:23,user1,purchase,429
2026-09-24 21:53:24,user2,logout,410
2026-09-24 21:53:25,user4,logout,666
2026-09-24 21:53:26,user2,logout,557
2026-09-24 21:53:27,user4,search,339
2026-09-24 21:53:28,user4,view,378
2026-09-24 21:53:29,user1,purchase,596
2026-09-24 21:53:30,user2,view,698
2026-09-24 21:53:31,user5,search,355
2026-09-24 21:53:32,user5,search,810
2026-09-24 21:53:33,user1,login,106
2026-09-24 21:53:34,user2,login,392
2026-09-24 21:53:35,user4,view,224
2026-09-24 21:53:36,user5,login,922
2026-09-24 21:53:37,user5,logout,62
2026-09-24 21:53:38,user1,logout,586
2026-09-24 21:53:39,user3,logout,391
2026-09-24 21:53:40,user4,search,54
2026-09-24 21:53:41,user1,search,995
2026-09-24 21:53:42,user4,purchase,505
2026-09-24 21:53:43,user1,search,858
2026-09-24 21:53:44,user2,logout,274
2026-09-24 21:53:45,user5,logout,440
2026-09-24 21:53:46,user2,logout,583
2026-09-24 21:53:47,user5,logout,607
2026-09-24 21:53:48,user3,search,186
2026-09-24 21:53:49,user4,purchase,403
2026-09-24 21:53:50,user3,logout,802
2026-09-24 21:53:51,user5,search,143
2026-09-24 21:53:52,user4,login,212
2026-09-24 21:53:53,user3,search,59
2026-09-24 21:53:54,user3,logout,304
2026-09-24 21:53:55,user4,view,360
2026-09-24 21:53:56,user2,view,223
2026-09-24 21:53:57,user5,view,336
2026-09-24 21:53:58,user2,purchase,834
2026-09-24 21:53:59,user5,login,832
2026-09-24 21:54:00,user4,view,219
2026-09-24 21:54:01,user2,view,619
2026-09-24 21:54:02,user5,purchase,296
2026-09-24 21:54:03,user3,login,526
2026-09-24 21:54:04,user1,view,199
2026-09-24 21:54:05,user2,view,290
2026-09-24 21:54:06,user1,search,410
2026-09-24 21:54:07,user2,view,879
2026-09-24 21:54:08,user2,purchase,842
2026-09-24 21:54:09,user2,purchase,328
2026-09-24 21:54:10,user2,view,284
2026-09-24 21:54:11,user2,search,839
2026-09-24 21:54:12,user1,search,405
2026-09-24 21:54:13,user4,logout,516
2026-09-24 21:54:14,user4,login,646
2026-09-24 21:54:15,user3,logout,679
2026-09-24 21:54:16,user2,view,906
2026-09-24 21:54:17,user3,search,195
2026-09-24 21:54:18,user4,search,673
2026-09-24 21:54:19,user4,view,372
2026-09-24 21:54:20,user1,view,410
2026-09-24 21:54:21,user2,view,164
2026-09-24 21:54:22,user1,search,776
2026-09-24 21:54:23,user1,logout,101
2026-09-24 21:54:24,user1,logout,157
2026-09-24 21:54:25,user1,view,473
2026-09-24 21:54:26,user4,login,583
2026-09-24 21:54:27,user4,purchase,194
2026-09-24 21:54:28,user2,logout,163
2026-09-24 21:54:29,user3,login,162
2026-09-24 21:54:30,user2,purchase,794
2026-09-24 21:54:31,user1,logout,571
2026-09-24 21:54:32,user3,search,873
2026-09-24 21:54:33,user2,login,740
2026-09-24 21:54:34,user3,search,943
2026-09-24 21:54:35,user5,logout,76
2026-09-24 21:54:36,user2,login,78
2026-09-24 21:54:37,user1,search,828
2026-09-24 21:54:38,user5,search,748
2026-09-24 21:54:39,user1,logout,641
2026-09-24 21:54:40,user1,search,101
2026-09-24 21:54:41,user4,search,909
2026-09-24 21:54:42,user1,search,410
2026-09-24 21:54:43,user5,search,225
2026-09-24 21:54:44,user3,search,461
2026-09-24 21:54:45,user4,view,670
2026-09-24 21:54:46,user5,search,316
2026-09-24 21:54:47,user1,purchase,910
2026-09-24 21:54:48,user5,purchase,635
2026-09-24 21:54:49,user4,search,630
2026-09-24 21:54:50,user5,search,604
2026-09-24 21:54:51,user1,view,759
2026-09-24 21:54:52,user1,view,479
2026-09-24 21:54:53,user4,view,618
2026-09-24 21:54:54,user2,login,933
2026-09-24 21:54:55,user1,view,630
2026-09-24 21:54:56,user5,login,476
2026-09-24 21:54:57,user2,purchase,496
2026-09-24 21:54:58,user5,login,216
2026-09-24 21:54:59,user2,search,495
2026-09-24 21:55:00,user5,login,515
2026-09-24 21:55:01,user2,purchase,812
2026-09-24 21:55:02,user3,view,117
2026-09-24 21:55:03,user2,logout,474
2026-09-24 21:55:04,user3,logout,999
2026-09-24 21:55:05,user1,login,634
2026-09-24 21:55:06,user4,logout,820
2026-09-24 21:55:07,user1,purchase,697
2026-09-24 21:55:08,user1,view,393
2026-09-24 21:55:09,user5,login,302
2026-09-24 21:55:10,user3,view,577
2026-09-24 21:55:11,user5,purchase,958
2026-09-24 21:55:12,user2,search,381
2026-09-24 21:55:13,user5,purchase,937
2026-09-24 21:55:14,user3,search,731
2026-09-24 21:55:15,user5,logout,69
2026-09-24 21:55:16,user3,login,243
2026-09-24 21:55:17,user3,search,622
2026-09-24 21:55:18,user5,login,533
2026-09-24 21:55:19,user2,login,535
2026-09-24 21:55:20,user2,logout,610
2026-09-24 21:55:21,user3,view,692
2026-09-24 21:55:22,user1,logout,534
2026-09-24 21:55:23,user5,login,295
2026-09-24 21:55:24,user3,view,601
2026-09-24 21:55:25,user1,purchase,701
2026-09-24 21:55:26,user3,logout,577
2026-09-24 21:55:27,user2,logout,431
2026-09-24 21:55:28,user4,purchase,172
2026-09-24 21:55:29,user4,logout,401
2026-09-24 21:55:30,user2,search,127
2026-09-24 21:55:31,user5,purchase,144
2026-09-24 21:55:32,user3,logout,702
2026-09-24 21:55:33,user1,view,398
2026-09-24 21:55:34,user2,search,570
2026-09-24 21:55:35,user5,logout,952
2026-09-24 21:55:36,user2,purchase,279
2026-09-24 21:55:37,user3,login,896
2026-09-24 21:55:38,user4,view,865
2026-09-24 21:55:39,user1,purchase,255
2026-09-24 21:55:40,user2,view,619
2026-09-24 21:55:41,user1,purchase,245
2026-09-24 21:55:42,user5,search,504
2026-09-24 21:55:43,user3,logout,345
2026-09-24 21:55:44,user1,view,189
2026-09-24 21:55:45,user2,view,755
2026-09-24 21:55:46,user3,login,929
2026-09-24 21:55:47,user3,login,277
2026-09-24 21:55:48,user1,login,421
2026-09-24 21:55:49,user3,purchase,220
2026-09-24 21:55:50,user2,search,442
2026-09-24 21:55:51,user2,search,357
2026-09-24 21:55:52,user4,search,104
2026-09-24 21:55:53,user1,search,352
2026-09-24 21:55:54,user1,view,436
2026-09-24 21:55:55,user5,login,443
2026-09-24 21:55:56,user5,search,520
2026-09-24 21:55:57,user2,login,467
2026-09-24 21:55:58,user2,logout,372
2026-09-24 21:55:59,user3,search,555
2026-09-24 21:56:00,user4,view,226
2026-09-24 21:56:01,user5,view,956
2026-09-24 21:56:02,user3,search,437
2026-09-24 21:56:03,user4,logout,758
2026-09-24 21:56:04,user5,view,520
2026-09-24 21:56:05,user4,logout,875
2026-09-24 21:56:06,user3,view,958
2026-09-24 21:56:07,user1,logout,479
2026-09-24 21:56:08,user2,purchase,627
2026-09-24 21:56:09,user2,search,804
2026-09-24 21:56:10,user4,search,560
2026-09-24 21:56:11,user5,logout,879
2026-09-24 21:56:12,user1,logout,407
2026-09-24 21:56:13,user2,login,572
2026-09-24 21:56:14,user5,logout,450
2026-09-24 21:56:15,user2,login,803
2026-09-24 21:56:16,user5,view,276
2026-09-24 21:56:17,user2,purchase,100
2026-09-24 21:56:18,user2,login,460
2026-09-24 21:56:19,user3,login,622
2026-09-24 21:56:20,user4,view,108
2026-09-24 21:56:21,user5,login,606
2026-09-24 21:56:22,user2,login,723
2026-09-24 21:56:23,user5,search,244
2026-09-24 21:56:24,user4,login,276
2026-09-24 21:56:25,user1,view,560
2026-09-24 21:56:26,user2,logout,830
2026-09-24 21:56:27,user3,view,979
2026-09-24 21:56:28,user2,logout,830
2026-09-24 21:56:29,user1,logout,832
2026-09-24 21:56:30,user2,search,848
2026-09-24 21:56:31,user5,search,498
2026-09-24 21:56:32,user1,search,137
2026-09-24 21:56:33,user2,view,590
2026-09-24 21:56:34,user5,view,795
2026-09-24 21:56:35,user5,search,64
2026-09-24 21:56:36,user1,logout,654
2026-09-24 21:56:37,user1,purchase,220
2026-09-24 21:56:38,user5,login,866
2026-09-24 21:56:39,user2,search,877
2026-09-24 21:56:40,user4,view,358
2026-09-24 21:56:41,user4,purchase,415
2026-09-24 21:56:42,user2,view,364
2026-09-24 21:56:43,user3,login,309
2026-09-24 21:56:44,user3,login,455
2026-09-24 21:56:45,user5,view,144
2026-09-24 21:56:46,user1,logout,302
2026-09-24 21:56:47,user1,login,755
2026-09-24 21:56:48,user2,search,471
2026-09-24 21:56:49,user5,login,270
2026-09-24 21:56:50,user4,logout,80
2026-09-24 21:56:51,user2,view,188
2026-09-24 21:56:52,user2,logout,645
2026-09-24 21:56:53,user5,search,622
2026-09-24 21:56:54,user1,login,554
2026-09-24 21:56:55,user3,login,234
2026-09-24 21:56:56,user3,logout,333
2026-09-24 21:56:57,user5,login,561
2026-09-24 21:56:58,user5,login,253
2026-09-24 21:56:59,user5,login,798
2026-09-24 21:57:00,user4,view,957
2026-09-24 21:57:01,user3,logout,350
2026-09-24 21:57:02,user4,login,228
2026-09-24 21:57:03,user1,search,384
2026-09-24 21:57:04,user3,purchase,229
2026-09-24 21:57:05,user3,purchase,536
2026-09-24 21:57:06,user5,view,873
2026-09-24 21:57:07,user2,search,557
2026-09-24 21:57:08,user3,logout,274
2026-09-24 21:57:09,user3,login,707
2026-09-24 21:57:10,user1,login,935
2026-09-24 21:57:11,user3,search,428
2026-09-24 21:57:12,user4,login,667
2026-09-24 21:57:13,user1,logout,246
2026-09-24 21:57:14,user1,logout,425
2026-09-24 21:57:15,user2,view,854
2026-09-24 21:57:16,user3,view,921
2026-09-24 21:57:17,user2,search,788
2026-09-24 21:57:18,user1,logout,869
2026-09-24 21:57:19,user2,logout,247
2026-09-24 21:57:20,user3,login,270
2026-09-24 21:57:21,user2,search,241
2026-09-24 21:57:22,user3,login,393
2026-09-24 21:57:23,user3,view,476
2026-09-24 21:57:24,user4,search,431
2026-09-24 21:57:25,user5,view,548
2026-09-24 21:57:26,user2,search,146
2026-09-24 21:57:27,user2,logout,521
2026-09-24 21:57:28,user4,login,663
2026-09-24 21:57:29,user5,logout,802
2026-09-24 21:57:30,user3,logout,851
2026-09-24 21:57:31,user5,login,471
2026-09-24 21:57:32,user4,login,424
2026-09-24 21:57:33,user5,login,684
2026-09-24 21:57:34,user3,login,181
2026-09-24 21:57:35,user2,search,693
2026-09-24 21:57:36,user5,logout,910
2026-09-24 21:57:37,user3,search,787
2026-09-24 21:57:38,user4,purchase,473
2026-09-24 21:57:39,user3,purchase,554
2026-09-24 21:57:40,user3,search,894
2026-09-24 21:57:41,user2,purchase,217
2026-09-24 21:57:42,user2,purchase,931
2026-09-24 21:57:43,user1,view,818
2026-09-24 21:57:44,user5,logout,805
2026-09-24 21:57:45,user2,search,192
2026-09-24 21:57:46,user3,logout,773
2026-09-24 21:57:47,user4,logout,572
2026-09-24 21:57:48,user1,search,874
2026-09-24 21:57:49,user5,logout,554
2026-09-24 21:57:50,user1,purchase,674
2026-09-24 21:57:51,user2,login,185
2026-09-24 21:57:52,user4,search,184
2026-09-24 21:57:53,user1,search,580
2026-09-24 21:57:54,user3,purchase,782
2026-09-24 21:57:55,user5,purchase,210
2026-09-24 21:57:56,user3,search,645
2026-09-24 21:57:57,user2,logout,374
2026-09-24 21:57:58,user1,search,822
2026-09-24 21:57:59,user2,logout,210
2026-09-24 21:58:00,user2,logout,191
2026-09-24 21:58:01,user1,view,654
2026-09-24 21:58:02,user4,purchase,232
2026-09-24 21:58:03,user4,purchase,241
2026-09-24 21:58:04,user2,view,347
2026-09-24 21:58:05,user1,search,163
2026-09-24 21:58:06,user2,view,76
2026-09-24 21:58:07,user4,logout,228
2026-09-24 21:58:08,user4,login,153
2026-09-24 21:58:09,user2,purchase,598
2026-09-24 21:58:10,user5,view,750
2026-09-24 21:58:11,user4,purchase,232
2026-09-24 21:58:12,user3,login,914
2026-09-24 21:58:13,user2,view,699
2026-09-24 21:58:14,user3,search,68
2026-09-24 21:58:15,user4,login,62
2026-09-24 21:58:16,user4,purchase,417
2026-09-24 21:58:17,user5,purchase,552
2026-09-24 21:58:18,user3,logout,366
2026-09-24 21:58:19,user5,view,723
2026-09-24 21:58:20,user5,search,65
2026-09-24 21:58:21,user5,search,638
2026-09-24 21:58:22,user1,login,335
2026-09-24 21:58:23,user2,logout,380
2026-09-24 21:58:24,user2,purchase,87
2026-09-24 21:58:25,user4,view,636
2026-09-24 21:58:26,user5,login,944
2026-09-24 21:58:27,user5,logout,677
2026-09-24 21:58:28,user1,purchase,569
2026-09-24 21:58:29,user2,search,560
2026-09-24 21:58:30,user2,view,870
2026-09-24 21:58:31,user2,view,254
2026-09-24 21:58:32,user1,login,338
2026-09-24 21:58:33,user2,search,75
2026-09-24 21:58:34,user2,logout,627
2026-09-24 21:58:35,user5,login,891
2026-09-24 21:58:36,user5,purchase,92
2026-09-24 21:58:37,user2,search,979
2026-09-24 21:58:38,user5,login,705
2026-09-24 21:58:39,user2,login,236
2026-09-24 21:58:40,user3,search,830
2026-09-24 21:58:41,user2,view,891
2026-09-24 21:58:42,user4,purchase,854
2026-09-24 21:58:43,user4,view,525
2026-09-24 21:58:44,user2,logout,966
2026-09-24 21:58:45,user4,view,589
2026-09-24 21:58:46,user2,search,802
2026-09-24 21:58:47,user1,view,344
2026-09-24 21:58:48,user3,login,758
2026-09-24 21:58:49,user5,search,378
2026-09-24 21:58:50,user4,view,966
2026-09-24 21:58:51,user4,purchase,891
2026-09-24 21:58:52,user5,search,427
2026-09-24 21:58:53,user1,purchase,206
2026-09-24 21:58:54,user1,logout,370
2026-09-24 21:58:55,user1,search,406
2026-09-24 21:58:56,user3,purchase,380
2026-09-24 21:58:57,user2,purchase,305
2026-09-24 21:58:58,user5,logout,239
2026-09-24 21:58:59,user1,view,937
2026-09-24 21:59:00,user4,search,508
2026-09-24 21:59:01,user2,logout,434
2026-09-24 21:59:02,user4,view,305
2026-09-24 21:59:03,user1,login,404
2026-09-24 21:59:04,user1,search,889
2026-09-24 21:59:05,user2,search,915
2026-09-24 21:59:06,user5,logout,483
2026-09-24 21:59:07,user1,purchase,373
2026-09-24 21:59:08,user3,search,232
2026-09-24 21:59:09,user1,search,414
2026-09-24 21:59:10,user4,search,754
2026-09-24 21:59:11,user4,view,142
2026-09-24 21:59:12,user1,logout,856
2026-09-24 21:59:13,user2,view,273
2026-09-24 21:59:14,user2,purchase,104
2026-09-24 21:59:15,user4,logout,197
2026-09-24 21:59:16,user5,view,458
2026-09-24 21:59:17,user1,logout,251
2026-09-24 21:59:18,user1,view,609
2026-09-24 21:59:19,user4,logout,94
2026-09-24 21:59:20,user3,view,93
2026-09-24 21:59:21,user3,view,961
2026-09-24 21:59:22,user5,view,475
2026-09-24 21:59:23,user5,search,558
2026-09-24 21:59:24,user1,view,142
2026-09-24 21:59:25,user4,login,407
2026-09-24 21:59:26,user3,search,164
2026-09-24 21:59:27,user5,logout,854
2026-09-24 21:59:28,user3,login,481
2026-09-24 21:59:29,user4,view,440
2026-09-24 21:59:30,user2,login,489
2026-09-24 21:59:31,user4,logout,92
2026-09-24 21:59:32,user5,search,872
2026-09-24 21:59:33,user4,login,960
2026-09-24 21:59:34,user1,login,919
2026-09-24 21:59:35,user2,search,303
2026-09-24 21:59:36,user5,view,171
2026-09-24 21:59:37,user3,logout,273
2026-09-24 21:59:38,user5,search,627
2026-09-24 21:59:39,user5,purchase,526
2026-09-24 21:59:40,user3,purchase,221
2026-09-24 21:59:41,user5,login,974
2026-09-24 21:59:42,user4,view,64
2026-09-24 21:59:43,user4,logout,561
2026-09-24 21:59:44,user1,logout,232
2026-09-24 21:59:45,user4,view,109
2026-09-24 21:59:46,user3,search,455
2026-09-24 21:59:47,user3,login,797
2026-09-24 21:59:48,user2,logout,866
2026-09-24 21:59:49,user2,search,968
2026-09-24 21:59:50,user1,purchase,291
2026-09-24 21:59:51,user4,view,709
2026-09-24 21:59:52,user2,login,201
2026-09-24 21:59:53,user1,view,921
2026-09-24 21:59:54,user1,search,918
2026-09-24 21:59:55,user2,view,764
2026-09-24 21:59:56,user1,purchase,240
2026-09-24 21:59:57,user5,search,993
2026-09-24 21:59:58,user3,search,124
2026-09-24 21:59:59,user5,login,543
2026-09-24 22:00:00,user2,search,199
2026-09-24 22:00:01,user1,purchase,257
2026-09-24 22:00:02,user1,logout,894
2026-09-24 22:00:03,user4,view,784
2026-09-24 22:00:04,user2,login,708
2026-09-24 22:00:05,user4,login,893
2026-09-24 22:00:06,user3,view,949
2026-09-24 22:00:07,user4,view,845
2026-09-24 22:00:08,user5,search,547
2026-09-24 22:00:09,user4,search,646
2026-09-24 22:00:10,user1,view,844
2026-09-24 22:00:11,user2,logout,381
2026-09-24 22:00:12,user5,search,309
2026-09-24 22:00:13,user3,logout,277
2026-09-24 22:00:14,user5,search,495
2026-09-24 22:00:15,user5,logout,696
2026-09-24 22:00:16,user4,login,127
2026-09-24 22:00:17,user2,logout,941
2026-09-24 22:00:18,user2,search,615
2026-09-24 22:00:19,user3,logout,783
2026-09-24 22:00:20,user4,view,962
2026-09-24 22:00:21,user5,view,616
2026-09-24 22:00:22,user3,purchase,684
2026-09-24 22:00:23,user5,view,216
2026-09-24 22:00:24,user2,purchase,343
2026-09-24 22:00:25,user2,search,370
2026-09-24 22:00:26,user2,search,778
2026-09-24 22:00:27,user5,purchase,618
2026-09-24 22:00:28,user1,logout,206
2026-09-24 22:00:29,user1,search,446
2026-09-24 22:00:30,user2,logout,907
2026-09-24 22:00:31,user5,purchase,428
2026-09-24 22:00:32,user3,logout,838
2026-09-24 22:00:33,user2,search,285
2026-09-24 22:00:34,user2,purchase,337
2026-09-24 22:00:35,user5,login,186
2026-09-24 22:00:36,user2,view,529
2026-09-24 22:00:37,user1,login,870
2026-09-24 22:00:38,user3,logout,962
2026-09-24 22:00:39,user5,view,212
2026-09-24 22:00:40,user5,logout,672
2026-09-24 22:00:41,user3,login,98
2026-09-24 22:00:42,user1,purchase,358
2026-09-24 22:00:43,user3,purchase,290
2026-09-24 22:00:44,user4,login,548
2026-09-24 22:00:45,user4,search,249
2026-09-24 22:00:46,user2,logout,165
2026-09-24 22:00:47,user2,login,603
2026-09-24 22:00:48,user3,logout,272
2026-09-24 22:00:49,user5,view,831
2026-09-24 22:00:50,user2,logout,106
2026-09-24 22:00:51,user2,login,948
2026-09-24 22:00:52,user2,purchase,696
2026-09-24 22:00:53,user3,search,984
2026-09-24 22:00:54,user4,search,954
2026-09-24 22:00:55,user2,view,339
2026-09-24 22:00:56,user4,view,874
2026-09-24 22:00:57,user2,logout,769
2026-09-24 22:00:58,user1,view,948
2026-09-24 22:00:59,user4,search,376
2026-09-24 22:01:00,user5,view,621
2026-09-24 22:01:01,user5,view,861
2026-09-24 22:01:02,user4,purchase,811
2026-09-24 22:01:03,user5,purchase,394
2026-09-24 22:01:04,user4,view,845
2026-09-24 22:01:05,user5,purchase,895
2026-09-24 22:01:06,user1,logout,324
2026-09-24 22:01:07,user3,logout,763
2026-09-24 22:01:08,user4,search,594
2026-09-24 22:01:09,user1,purchase,134
2026-09-24 22:01:10,user3,search,472
2026-09-24 22:01:11,user4,login,583
2026-09-24 22:01:12,user2,login,820
2026-09-24 22:01:13,user3,logout,992
2026-09-24 22:01:14,user2,logout,844
2026-09-24 22:01:15,user3,search,293
2026-09-24 22:01:16,user1,purchase,703
2026-09-24 22:01:17,user3,view,520
2026-09-24 22:01:18,user4,logout,239
2026-09-24 22:01:19,user5,search,630
2026-09-24 22:01:20,user3,view,196
2026-09-24 22:01:21,user2,search,146
2026-09-24 22:01:22,user4,login,474
2026-09-24 22:01:23,user2,purchase,486
2026-09-24 22:01:24,user4,logout,179
2026-09-24 22:01:25,user3,view,81
2026-09-24 22:01:26,user4,login,851
2026-09-24 22:01:27,user2,purchase,555
2026-09-24 22:01:28,user2,login,266
2026-09-24 22:01:29,user5,view,181
2026-09-24 22:01:30,user2,login,584
2026-09-24 22:01:31,user3,purchase,751
2026-09-24 22:01:32,user4,purchase,449
2026-09-24 22:01:33,user1,view,897
2026-09-24 22:01:34,user1,logout,792
2026-09-24 22:01:35,user5,search,902
2026-09-24 22:01:36,user3,purchase,360
2026-09-24 22:01:37,user3,logout,704
2026-09-24 22:01:38,user5,search,430
2026-09-24 22:01:39,user5,logout,919
2026-09-24 22:01:40,user2,purchase,711
2026-09-24 22:01:41,user4,login,449
2026-09-24 22:01:42,user5,view,862
2026-09-24 22:01:43,user4,view,423
2026-09-24 22:01:44,user5,search,161
2026-09-24 22:01:45,user4,login,187
2026-09-24 22:01:46,user2,logout,665
2026-09-24 22:01:47,user4,search,847
2026-09-24 22:01:48,user2,login,612
2026-09-24 22:01:49,user4,view,989
2026-09-24 22:01:50,user5,logout,92
2026-09-24 22:01:51,user3,logout,751
2026-09-24 22:01:52,user3,purchase,475
2026-09-24 22:01:53,user4,search,550
2026-09-24 22:01:54,user2,logout,632
2026-09-24 22:01:55,user2,purchase,982
2026-09-24 22:01:56,user3,search,145
2026-09-24 22:01:57,user2,logout,971
2026-09-24 22:01:58,user3,view,853
2026-09-24 22:01:59,user1,logout,250
2026-09-24 22:02:00,user4,purchase,519
2026-09-24 22:02:01,user5,view,264
2026-09-24 22:02:02,user3,view,233
2026-09-24 22:02:03,user3,logout,746
2026-09-24 22:02:04,user4,view,177
2026-09-24 22:02:05,user1,logout,590
2026-09-24 22:02:06,user2,view,864
2026-09-24 22:02:07,user4,purchase,697
2026-09-24 22:02:08,user5,logout,234
2026-09-24 22:02:09,user4,search,231
2026-09-24 22:02:10,user3,login,80
2026-09-24 22:02:11,user2,login,58
2026-09-24 22:02:12,user5,logout,636
2026-09-24 22:02:13,user5,purchase,122
2026-09-24 22:02:14,user2,logout,359
2026-09-24 22:02:15,user5,view,861
2026-09-24 22:02:16,user5,search,278
2026-09-24 22:02:17,user3,search,559
2026-09-24 22:02:18,user1,view,609
2026-09-24 22:02:19,user5,view,277
2026-09-24 22:02:20,user4,purchase,295
2026-09-24 22:02:21,user1,login,90
2026-09-24 22:02:22,user3,purchase,119
2026-09-24 22:02:23,user3,purchase,723
2026-09-24 22:02:24,user4,login,980
2026-09-24 22:02:25,user4,purchase,433
2026-09-24 22:02:26,user5,logout,751
2026-09-24 22:02:27,user4,login,793
2026-09-24 22:02:28,user2,logout,692
2026-09-24 22:02:29,user5,search,512
2026-09-24 22:02:30,user4,purchase,246
2026-09-24 22:02:31,user4,purchase,333
2026-09-24 22:02:32,user4,logout,148
2026-09-24 22:02:33,user2,search,785
2026-09-24 22:02:34,user4,logout,350
2026-09-24 22:02:35,user2,purchase,59
2026-09-24 22:02:36,user2,search,576
2026-09-24 22:02:37,user5,view,604
2026-09-24 22:02:38,user1,search,949
2026-09-24 22:02:39,user2,login,98
2026-09-24 22:02:40,user1,view,472
2026-09-24 22:02:41,user5,purchase,506
2026-09-24 22:02:42,user1,login,655
2026-09-24 22:02:43,user4,login,180
2026-09-24 22:02:44,user2,login,332
2026-09-24 22:02:45,user4,purchase,536
2026-09-24 22:02:46,user4,logout,389
2026-09-24 22:02:47,user3,search,451
2026-09-24 22:02:48,user3,search,663
2026-09-24 22:02:49,user5,purchase,349
2026-09-24 22:02:50,user4,search,757
2026-09-24 22:02:51,user3,logout,501
2026-09-24 22:02:52,user4,purchase,636
2026-09-24 22:02:53,user3,search,211
2026-09-24 22:02:54,user5,search,251
2026-09-24 22:02:55,user1,login,273
2026-09-24 22:02:56,user3,login,539
2026-09-24 22:02:57,user4,logout,222
2026-09-24 22:02:58,user2,logout,757
2026-09-24 22:02:59,user1,view,349
2026-09-24 22:03:00,user1,purchase,986
2026-09-24 22:03:01,user5,search,187
2026-09-24 22:03:02,user4,search,142
2026-09-24 22:03:03,user5,view,502
2026-09-24 22:03:04,user4,search,597
2026-09-24 22:03:05,user5,purchase,110
2026-09-24 22:03:06,user4,purchase,763
2026-09-24 22:03:07,user5,logout,612
2026-09-24 22:03:08,user1,login,205
2026-09-24 22:03:09,user5,login,526
2026-09-24 22:03:10,user2,search,537
2026-09-24 22:03:11,user4,search,395
2026-09-24 22:03:12,user5,purchase,323
2026-09-24 22:03:13,user5,search,927
2026-09-24 22:03:14,user4,logout,628
2026-09-24 22:03:15,user3,view,163
2026-09-24 22:03:16,user4,logout,173
2026-09-24 22:03:17,user5,logout,863
2026-09-24 22:03:18,user4,view,211
2026-09-24 22:03:19,user5,login,907
2026-09-24 22:03:20,user2,purchase,236
2026-09-24 22:03:21,user2,purchase,106
2026-09-24 22:03:22,user4,login,820
2026-09-24 22:03:23,user3,purchase,649
2026-09-24 22:03:24,user1,login,757
2026-09-24 22:03:25,user2,search,360
2026-09-24 22:03:26,user2,login,678
2026-09-24 22:03:27,user2,login,571
2026-09-24 22:03:28,user4,view,399
2026-09-24 22:03:29,user2,view,222
2026-09-24 22:03:30,user3,search,790
2026-09-24 22:03:31,user5,purchase,206
2026-09-24 22:03:32,user3,purchase,368
2026-09-24 22:03:33,user1,view,869
2026-09-24 22:03:34,user3,purchase,774
2026-09-24 22:03:35,user2,logout,685
2026-09-24 22:03:36,user1,logout,461
2026-09-24 22:03:37,user4,search,293
2026-09-24 22:03:38,user2,logout,896
2026-09-24 22:03:39,user4,purchase,426
2026-09-24 22:03:40,user3,login,526
2026-09-24 22:03:41,user4,login,882
2026-09-24 22:03:42,user5,purchase,528
2026-09-24 22:03:43,user2,login,259
2026-09-24 22:03:44,user3,search,392
2026-09-24 22:03:45,user3,view,78
2026-09-24 22:03:46,user2,view,740
2026-09-24 22:03:47,user1,purchase,81
2026-09-24 22:03:48,user5,login,859
2026-09-24 22:03:49,user5,login,816
2026-09-24 22:03:50,user4,logout,172
2026-09-24 22:03:51,user3,view,350
2026-09-24 22:03:52,user5,logout,622
2026-09-24 22:03:53,user1,logout,391
2026-09-24 22:03:54,user3,logout,523
2026-09-24 22:03:55,user4,logout,52
2026-09-24 22:03:56,user4,logout,520
2026-09-24 22:03:57,user1,logout,426
2026-09-24 22:03:58,user1,login,981
2026-09-24 22:03:59,user3,logout,211
2026-09-24 22:04:00,user5,purchase,201
2026-09-24 22:04:01,user3,login,678
2026-09-24 22:04:02,user5,view,201
2026-09-24 22:04:03,user5,view,855
2026-09-24 22:04:04,user3,login,526
2026-09-24 22:04:05,user2,view,747
2026-09-24 22:04:06,user2,view,858
2026-09-24 22:04:07,user4,search,170
2026-09-24 22:04:08,user2,search,662
2026-09-24 22:04:09,user3,login,580
2026-09-24 22:04:10,user1,logout,725
2026-09-24 22:04:11,user5,search,482
2026-09-24 22:04:12,user2,purchase,206
2026-09-24 22:04:13,user3,view,580
2026-09-24 22:04:14,user4,view,286
2026-09-24 22:04:15,user1,purchase,809
2026-09-24 22:04:16,user5,search,577
2026-09-24 22:04:17,user4,purchase,996
2026-09-24 22:04:18,user1,view,426
2026-09-24 22:04:19,user5,search,124
2026-09-24 22:04:20,user5,search,80
2026-09-24 22:04:21,user4,view,703
2026-09-24 22:04:22,user4,search,465
2026-09-24 22:04:23,user4,search,316
2026-09-24 22:04:24,user2,logout,614
2026-09-24 22:04:25,user1,view,76
2026-09-24 22:04:26,user5,purchase,693
2026-09-24 22:04:27,user2,logout,974
2026-09-24 22:04:28,user1,search,566
2026-09-24 22:04:29,user3,search,289
2026-09-24 22:04:30,user4,purchase,95
2026-09-24 22:04:31,user3,view,953
2026-09-24 22:04:32,user1,view,54
2026-09-24 22:04:33,user1,login,814
2026-09-24 22:04:34,user3,login,179
2026-09-24 22:04:35,user3,view,529
2026-09-24 22:04:36,user4,view,760
2026-09-24 22:04:37,user1,purchase,875
2026-09-24 22:04:38,user3,logout,363
2026-09-24 22:04:39,user4,logout,702
2026-09-24 22:04:40,user4,search,919
2026-09-24 22:04:41,user4,purchase,184
2026-09-24 22:04:42,user4,search,293
2026-09-24 22:04:43,user1,logout,164
2026-09-24 22:04:44,user4,view,679
2026-09-24 22:04:45,user5,login,496
2026-09-24 22:04:46,user1,logout,855
2026-09-24 22:04:47,user3,view,542
2026-09-24 22:04:48,user2,purchase,729
2026-09-24 22:04:49,user4,view,532
2026-09-24 22:04:50,user4,login,513
2026-09-24 22:04:51,user5,purchase,278
2026-09-24 22:04:52,user2,login,369
2026-09-24 22:04:53,user4,login,312
2026-09-24 22:04:54,user4,logout,718
2026-09-24 22:04:55,user5,purchase,80
2026-09-24 22:04:56,user3,purchase,743
2026-09-24 22:04:57,user2,view,141
2026-09-24 22:04:58,user2,view,1000
2026-09-24 22:04:59,user2,login,809
2026-09-24 22:05:00,user3,view,293
2026-09-24 22:05:01,user1,logout,503
2026-09-24 22:05:02,user2,search,693
2026-09-24 22:05:03,user5,search,753
2026-09-24 22:05:04,user3,view,878
2026-09-24 22:05:05,user4,purchase,427
2026-09-24 22:05:06,user2,view,544
2026-09-24 22:05:07,user2,purchase,211
2026-09-24 22:05:08,user1,login,229
2026-09-24 22:05:09,user5,purchase,588
2026-09-24 22:05:10,user2,purchase,760
2026-09-24 22:05:11,user3,purchase,274
2026-09-24 22:05:12,user4,search,351
2026-09-24 22:05:13,user4,purchase,108
2026-09-24 22:05:14,user4,purchase,655
2026-09-24 22:05:15,user2,view,733
2026-09-24 22:05:16,user3,view,485
2026-09-24 22:05:17,user4,logout,791
2026-09-24 22:05:18,user4,logout,114
2026-09-24 22:05:19,user4,view,701
2026-09-24 22:05:20,user2,search,560
2026-09-24 22:05:21,user4,search,95
2026-09-24 22:05:22,user5,logout,938
2026-09-24 22:05:23,user1,logout,771
2026-09-24 22:05:24,user4,login,255
2026-09-24 22:05:25,user2,logout,300
2026-09-24 22:05:26,user2,logout,372
2026-09-24 22:05:27,user3,logout,415
2026-09-24 22:05:28,user1,login,517
2026-09-24 22:05:29,user4,logout,72
2026-09-24 22:05:30,user4,purchase,178
2026-09-24 22:05:31,user4,logout,753
2026-09-24 22:05:32,user2,login,229
2026-09-24 22:05:33,user2,purchase,355
2026-09-24 22:05:34,user1,search,860
2026-09-24 22:05:35,user2,purchase,796
2026-09-24 22:05:36,user5,logout,104
2026-09-24 22:05:37,user3,view,724
2026-09-24 22:05:38,user5,logout,855
2026-09-24 22:05:39,user5,logout,649
2026-09-24 22:05:40,user5,view,914
2026-09-24 22:05:41,user1,login,200
2026-09-24 22:05:42,user3,search,89
2026-09-24 22:05:43,user2,search,816
2026-09-24 22:05:44,user3,login,120
2026-09-24 22:05:45,user2,purchase,103
2026-09-24 22:05:46,user5,purchase,863
2026-09-24 22:05:47,user4,purchase,589
2026-09-24 22:05:48,user5,logout,265
2026-09-24 22:05:49,user1,login,384
2026-09-24 22:05:50,user1,logout,767
2026-09-24 22:05:51,user3,view,758
2026-09-24 22:05:52,user1,login,941
2026-09-24 22:05:53,user2,purchase,226
2026-09-24 22:05:54,user4,purchase,170
2026-09-24 22:05:55,user5,view,225
2026-09-24 22:05:56,user3,purchase,402
2026-09-24 22:05:57,user3,logout,296
2026-09-24 22:05:58,user4,login,477
2026-09-24 22:05:59,user5,purchase,985
2026-09-24 22:06:00,user2,purchase,856
2026-09-24 22:06:01,user5,purchase,632
2026-09-24 22:06:02,user5,login,980
2026-09-24 22:06:03,user3,logout,937
2026-09-24 22:06:04,user2,view,796
2026-09-24 22:06:05,user3,purchase,144
2026-09-24 22:06:06,user5,login,446
2026-09-24 22:06:07,user5,view,101
2026-09-24 22:06:08,user3,search,51
2026-09-24 22:06:09,user5,search,328
2026-09-24 22:06:10,user1,view,803
2026-09-24 22:06:11,user2,logout,468
2026-09-24 22:06:12,user4,search,569
2026-09-24 22:06:13,user3,view,417
2026-09-24 22:06:14,user3,logout,845
2026-09-24 22:06:15,user4,login,145
2026-09-24 22:06:16,user4,login,737
2026-09-24 22:06:17,user4,view,877
2026-09-24 22:06:18,user3,logout,364
2026-09-24 22:06:19,user1,logout,694
2026-09-24 22:06:20,user4,logout,489
2026-09-24 22:06:21,user1,logout,453
2026-09-24 22:06:22,user2,search,161
2026-09-24 22:06:23,user2,login,80
2026-09-24 22:06:24,user4,login,160
2026-09-24 22:06:25,user5,logout,494
2026-09-24 22:06:26,user1,search,177
2026-09-24 22:06:27,user3,purchase,672
2026-09-24 22:06:28,user5,view,339
2026-09-24 22:06:29,user1,purchase,211
2026-09-24 22:06:30,user4,search,482
2026-09-24 22:06:31,user2,view,867
2026-09-24 22:06:32,user2,view,720
2026-09-24 22:06:33,user5,logout,324
2026-09-24 22:06:34,user3,purchase,604
2026-09-24 22:06:35,user1,logout,508
2026-09-24 22:06:36,user2,login,394
2026-09-24 22:06:37,user2,purchase,551
2026-09-24 22:06:38,user3,logout,367
2026-09-24 22:06:39,user2,view,785
2026-09-24 22:06:40,user3,search,954
2026-09-24 22:06:41,user2,purchase,131
2026-09-24 22:06:42,user4,purchase,597
2026-09-24 22:06:43,user3,logout,419
2026-09-24 22:06:44,user1,view,298
2026-09-24 22:06:45,user1,purchase,907
2026-09-24 22:06:46,user2,view,325
2026-09-24 22:06:47,user3,search,125
2026-09-24 22:06:48,user2,purchase,755
2026-09-24 22:06:49,user2,logout,932
2026-09-24 22:06:50,user1,logout,751
2026-09-24 22:06:51,user5,search,398
2026-09-24 22:06:52,user2,logout,373
2026-09-24 22:06:53,user1,purchase,783
2026-09-24 22:06:54,user2,purchase,533
2026-09-24 22:06:55,user4,login,572
2026-09-24 22:06:56,user3,logout,357
2026-09-24 22:06:57,user1,view,77
2026-09-24 22:06:58,user1,view,591
2026-09-24 22:06:59,user3,view,549
2026-09-24 22:07:00,user4,view,620
2026-09-24 22:07:01,user4,purchase,722
2026-09-24 22:07:02,user5,purchase,374
2026-09-24 22:07:03,user4,purchase,943
2026-09-24 22:07:04,user3,search,959
2026-09-24 22:07:05,user3,purchase,139
2026-09-24 22:07:06,user2,purchase,717
2026-09-24 22:07:07,user5,view,857
2026-09-24 22:07:08,user4,view,211
2026-09-24 22:07:09,user4,view,748
2026-09-24 22:07:10,user4,logout,581
2026-09-24 22:07:11,user3,purchase,299
2026-09-24 22:07:12,user4,search,839
2026-09-24 22:07:13,user4,view,678
2026-09-24 22:07:14,user1,logout,964
2026-09-24 22:07:15,user1,search,580
2026-09-24 22:07:16,user1,purchase,593
2026-09-24 22:07:17,user2,view,415
2026-09-24 22:07:18,user2,purchase,316
2026-09-24 22:07:19,user1,purchase,437
2026-09-24 22:07:20,user4,login,201
2026-09-24 22:07:21,user1,search,254
2026-09-24 22:07:22,user4,view,388
2026-09-24 22:07:23,user1,search,984
2026-09-24 22:07:24,user4,logout,613
2026-09-24 22:07:25,user4,logout,633
2026-09-24 22:07:26,user4,login,625
2026-09-24 22:07:27,user2,logout,401
2026-09-24 22:07:28,user1,search,806
2026-09-24 22:07:29,user1,purchase,232
2026-09-24 22:07:30,user1,search,925
2026-09-24 22:07:31,user5,logout,459
2026-09-24 22:07:32,user2,view,437
2026-09-24 22:07:33,user2,view,394
2026-09-24 22:07:34,user5,login,444
2026-09-24 22:07:35,user3,view,573
2026-09-24 22:07:36,user4,login,443
2026-09-24 22:07:37,user3,search,148
2026-09-24 22:07:38,user3,logout,491
2026-09-24 22:07:39,user2,logout,286
2026-09-24 22:07:40,user2,view,774
2026-09-24 22:07:41,user1,view,479
2026-09-24 22:07:42,user3,login,225
2026-09-24 22:07:43,user2,view,92
2026-09-24 22:07:44,user3,search,840
2026-09-24 22:07:45,user1,search,641
2026-09-24 22:07:46,user3,login,703
2026-09-24 22:07:47,user5,login,336
2026-09-24 22:07:48,user1,logout,940
2026-09-24 22:07:49,user5,purchase,315
2026-09-24 22:07:50,user5,logout,269
2026-09-24 22:07:51,user5,purchase,853
2026-09-24 22:07:52,user4,view,297
2026-09-24 22:07:53,user5,login,288
2026-09-24 22:07:54,user2,purchase,204
2026-09-24 22:07:55,user5,search,828
2026-09-24 22:07:56,user4,logout,569
2026-09-24 22:07:57,user1,purchase,489
2026-09-24 22:07:58,user1,purchase,383
2026-09-24 22:07:59,user5,logout,251
2026-09-24 22:08:00,user1,logout,911
2026-09-24 22:08:01,user5,purchase,155
2026-09-24 22:08:02,user3,logout,362
2026-09-24 22:08:03,user5,view,882
2026-09-24 22:08:04,user3,purchase,884
2026-09-24 22:08:05,user2,purchase,776
2026-09-24 22:08:06,user4,logout,516
2026-09-24 22:08:07,user5,view,248
2026-09-24 22:08:08,user2,logout,674
2026-09-24 22:08:09,user2,view,381
2026-09-24 22:08:10,user3,view,260
2026-09-24 22:08:11,user3,purchase,104
2026-09-24 22:08:12,user1,search,769
2026-09-24 22:08:13,user5,view,566
2026-09-24 22:08:14,user3,purchase,100
2026-09-24 22:08:15,user1,purchase,282
2026-09-24 22:08:16,user1,login,830
2026-09-24 22:08:17,user4,login,558
2026-09-24 22:08:18,user3,view,331
2026-09-24 22:08:19,user4,logout,710
2026-09-24 22:08:20,user4,view,960
2026-09-24 22:08:21,user1,login,892
2026-09-24 22:08:22,user4,login,318
2026-09-24 22:08:23,user5,login,758
2026-09-24 22:08:24,user3,login,939
2026-09-24 22:08:25,user4,search,738
2026-09-24 22:08:26,user3,search,694
2026-09-24 22:08:27,user4,logout,374
2026-09-24 22:08:28,user2,purchase,760
2026-09-24 22:08:29,user5,logout,365
2026-09-24 22:08:30,user3,logout,88
2026-09-24 22:08:31,user3,login,936
2026-09-24 22:08:32,user5,view,137
2026-09-24 22:08:33,user4,purchase,164
2026-09-24 22:08:34,user5,purchase,82
2026-09-24 22:08:35,user3,search,242
2026-09-24 22:08:36,user2,login,967
2026-09-24 22:08:37,user2,search,138
2026-09-24 22:08:38,user1,purchase,631
2026-09-24 22:08:39,user5,login,306
2026-09-24 22:08:40,user4,login,572
2026-09-24 22:08:41,user2,login,436
2026-09-24 22:08:42,user5,purchase,493
2026-09-24 22:08:43,user2,logout,712
2026-09-24 22:08:44,user5,purchase,304
2026-09-24 22:08:45,user2,login,547
2026-09-24 22:08:46,user2,view,733
2026-09-24 22:08:47,user4,purchase,443
2026-09-24 22:08:48,user2,purchase,124
2026-09-24 22:08:49,user5,view,960
2026-09-24 22:08:50,user5,search,60
2026-09-24 22:08:51,user1,login,972
2026-09-24 22:08:52,user5,search,666
2026-09-24 22:08:53,user5,purchase,652
2026-09-24 22:08:54,user2,logout,578
2026-09-24 22:08:55,user1,logout,633
2026-09-24 22:08:56,user2,login,787
2026-09-24 22:08:57,user5,logout,854
2026-09-24 22:08:58,user3,login,650
2026-09-24 22:08:59,user3,purchase,673
2026-09-24 22:09:00,user4,view,885
2026-09-24 22:09:01,user5,purchase,944
2026-09-24 22:09:02,user4,purchase,472
2026-09-24 22:09:03,user4,view,453
2026-09-24 22:09:04,user3,logout,719
2026-09-24 22:09:05,user5,view,252
2026-09-24 22:09:06,user3,search,82
2026-09-24 22:09:07,user1,search,555
2026-09-24 22:09:08,user1,login,985
2026-09-24 22:09:09,user2,search,711
2026-09-24 22:09:10,user4,logout,833
2026-09-24 22:09:11,user5,login,329
2026-09-24 22:09:12,user1,purchase,346
2026-09-24 22:09:13,user4,login,243
2026-09-24 22:09:14,user1,view,651
2026-09-24 22:09:15,user4,login,250
2026-09-24 22:09:16,user5,logout,649
2026-09-24 22:09:17,user4,view,615
2026-09-24 22:09:18,user1,view,636
2026-09-24 22:09:19,user4,login,354
2026-09-24 22:09:20,user2,logout,867
2026-09-24 22:09:21,user1,view,302
2026-09-24 22:09:22,user3,view,735
2026-09-24 22:09:23,user5,logout,80
2026-09-24 22:09:24,user3,search,796
2026-09-24 22:09:25,user3,view,142
2026-09-24 22:09:26,user1,view,307
2026-09-24 22:09:27,user1,logout,943
2026-09-24 22:09:28,user3,purchase,703
2026-09-24 22:09:29,user2,logout,552
2026-09-24 22:09:30,user1,search,574
2026-09-24 22:09:31,user5,logout,63
2026-09-24 22:09:32,user3,purchase,863
2026-09-24 22:09:33,user4,logout,819
2026-09-24 22:09:34,user3,login,619
2026-09-24 22:09:35,user3,logout,623
2026-09-24 22:09:36,user4,logout,583
2026-09-24 22:09:37,user4,logout,404
2026-09-24 22:09:38,user5,login,96
2026-09-24 22:09:39,user2,view,546
2026-09-24 22:09:40,user4,logout,330
2026-09-24 22:09:41,user4,logout,380
2026-09-24 22:09:42,user3,logout,448
2026-09-24 22:09:43,user4,logout,981
2026-09-24 22:09:44,user2,search,895
2026-09-24 22:09:45,user5,login,696
2026-09-24 22:09:46,user1,search,684
2026-09-24 22:09:47,user4,login,126
2026-09-24 22:09:48,user1,logout,218
2026-09-24 22:09:49,user5,search,287
2026-09-24 22:09:50,user3,login,229
2026-09-24 22:09:51,user3,purchase,125
2026-09-24 22:09:52,user3,purchase,722
2026-09-24 22:09:53,user4,search,939
2026-09-24 22:09:54,user4,purchase,468
2026-09-24 22:09:55,user3,login,588
2026-09-24 22:09:56,user5,purchase,689
2026-09-24 22:09:57,user1,search,691
2026-09-24 22:09:58,user1,login,857
2026-09-24 22:09:59,user5,login,294
2026-09-24 22:10:00,user2,view,257
2026-09-24 22:10:01,user1,logout,573
2026-09-24 22:10:02,user1,logout,297
2026-09-24 22:10:03,user2,view,850
2026-09-24 22:10:04,user2,login,174
2026-09-24 22:10:05,user4,view,746
2026-09-24 22:10:06,user2,purchase,176
2026-09-24 22:10:07,user4,login,703
2026-09-24 22:10:08,user1,purchase,229
2026-09-24 22:10:09,user2,search,294
2026-09-24 22:10:10,user4,search,90
2026-09-24 22:10:11,user3,view,204
2026-09-24 22:10:12,user2,purchase,710
2026-09-24 22:10:13,user2,login,885
2026-09-24 22:10:14,user2,logout,985
2026-09-24 22:10:15,user2,logout,127
2026-09-24 22:10:16,user3,search,145
2026-09-24 22:10:17,user5,search,758
2026-09-24 22:10:18,user4,search,81
2026-09-24 22:10:19,user2,logout,536
2026-09-24 22:10:20,user2,view,760
2026-09-24 22:10:21,user3,logout,749
2026-09-24 22:10:22,user5,logout,104
2026-09-24 22:10:23,user4,search,293
2026-09-24 22:10:24,user1,search,621
2026-09-24 22:10:25,user5,search,171
2026-09-24 22:10:26,user1,logout,164
2026-09-24 22:10:27,user2,view,158
2026-09-24 22:10:28,user4,search,641
2026-09-24 22:10:29,user5,purchase,495
2026-09-24 22:10:30,user4,login,930
2026-09-24 22:10:31,user1,search,458
2026-09-24 22:10:32,user3,view,896
2026-09-24 22:10:33,user3,search,825
2026-09-24 22:10:34,user4,purchase,227
2026-09-24 22:10:35,user3,purchase,593
2026-09-24 22:10:36,user1,search,61
2026-09-24 22:10:37,user4,purchase,781
2026-09-24 22:10:38,user5,search,608
2026-09-24 22:10:39,user4,purchase,420
2026-09-24 22:10:40,user5,login,935
2026-09-24 22:10:41,user1,view,297
2026-09-24 22:10:42,user5,login,381
2026-09-24 22:10:43,user1,logout,564
2026-09-24 22:10:44,user5,view,670
2026-09-24 22:10:45,user5,login,254
2026-09-24 22:10:46,user3,purchase,292
2026-09-24 22:10:47,user5,logout,380
2026-09-24 22:10:48,user4,login,463
2026-09-24 22:10:49,user4,purchase,80
2026-09-24 22:10:50,user2,logout,581
2026-09-24 22:10:51,user4,search,395
2026-09-24 22:10:52,user5,logout,99
2026-09-24 22:10:53,user1,search,99
2026-09-24 22:10:54,user4,purchase,322
2026-09-24 22:10:55,user4,login,110
2026-09-24 22:10:56,user1,purchase,808
2026-09-24 22:10:57,user3,logout,444
2026-09-24 22:10:58,user4,login,967
2026-09-24 22:10:59,user4,logout,151
2026-09-24 22:11:00,user4,login,78
2026-09-24 22:11:01,user5,view,737
2026-09-24 22:11:02,user4,logout,666
2026-09-24 22:11:03,user1,purchase,60
2026-09-24 22:11:04,user5,purchase,498
2026-09-24 22:11:05,user2,view,734
2026-09-24 22:11:06,user4,search,118
2026-09-24 22:11:07,user3,login,515
2026-09-24 22:11:08,user5,search,559
2026-09-24 22:11:09,user1,view,349
2026-09-24 22:11:10,user2,login,58
2026-09-24 22:11:11,user4,view,420
2026-09-24 22:11:12,user5,logout,709
2026-09-24 22:11:13,user1,login,96
2026-09-24 22:11:14,user1,purchase,211
2026-09-24 22:11:15,user4,logout,62
2026-09-24 22:11:16,user1,purchase,85
2026-09-24 22:11:17,user2,view,169
2026-09-24 22:11:18,user1,view,459
2026-09-24 22:11:19,user3,logout,273
2026-09-24 22:11:20,user4,login,284
2026-09-24 22:11:21,user1,view,711
2026-09-24 22:11:22,user2,view,778
2026-09-24 22:11:23,user1,view,129
2026-09-24 22:11:24,user2,logout,514
2026-09-24 22:11:25,user3,purchase,763
2026-09-24 22:11:26,user1,purchase,987
2026-09-24 22:11:27,user1,purchase,193
2026-09-24 22:11:28,user3,view,757
2026-09-24 22:11:29,user2,login,170
2026-09-24 22:11:30,user1,login,768
2026-09-24 22:11:31,user5,purchase,425
2026-09-24 22:11:32,user4,purchase,498
2026-09-24 22:11:33,user2,view,397
2026-09-24 22:11:34,user2,login,361
2026-09-24 22:11:35,user5,login,709
2026-09-24 22:11:36,user2,purchase,292
2026-09-24 22:11:37,user2,search,615
2026-09-24 22:11:38,user1,logout,646
2026-09-24 22:11:39,user4,logout,171
2026-09-24 22:11:40,user2,view,110
2026-09-24 22:11:41,user1,logout,74
2026-09-24 22:11:42,user2,purchase,255
2026-09-24 22:11:43,user5,view,845
2026-09-24 22:11:44,user1,view,671
2026-09-24 22:11:45,user2,view,688
2026-09-24 22:11:46,user1,logout,524
2026-09-24 22:11:47,user5,view,238
2026-09-24 22:11:48,user2,purchase,266
2026-09-24 22:11:49,user1,logout,177
2026-09-24 22:11:50,user1,login,217
2026-09-24 22:11:51,user2,purchase,151
2026-09-24 22:11:52,user3,login,220
2026-09-24 22:11:53,user2,logout,581
2026-09-24 22:11:54,user1,search,647
2026-09-24 22:11:55,user5,logout,331
2026-09-24 22:11:56,user1,view,491
2026-09-24 22:11:57,user2,logout,398
2026-09-24 22:11:58,user5,login,607
2026-09-24 22:11:59,user1,purchase,908
2026-09-24 22:12:00,user2,search,739
2026-09-24 22:12:01,user2,search,610
2026-09-24 22:12:02,user4,view,830
2026-09-24 22:12:03,user3,purchase,844
2026-09-24 22:12:04,user2,view,588
2026-09-24 22:12:05,user1,logout,972
2026-09-24 22:12:06,user4,search,776
2026-09-24 22:12:07,user4,purchase,469
2026-09-24 22:12:08,user3,login,857
2026-09-24 22:12:09,user1,search,468
2026-09-24 22:12:10,user1,logout,665
2026-09-24 22:12:11,user4,logout,59
2026-09-24 22:12:12,user2,view,642
2026-09-24 22:12:13,user2,purchase,870
2026-09-24 22:12:14,user3,login,304
2026-09-24 22:12:15,user5,login,401
2026-09-24 22:12:16,user1,purchase,497
2026-09-24 22:12:17,user2,login,214
2026-09-24 22:12:18,user5,view,611
2026-09-24 22:12:19,user2,search,159
2026-09-24 22:12:20,user1,login,602
2026-09-24 22:12:21,user1,login,761
2026-09-24 22:12:22,user4,search,180
2026-09-24 22:12:23,user5,purchase,902
2026-09-24 22:12:24,user4,purchase,706
2026-09-24 22:12:25,user4,login,105
2026-09-24 22:12:26,user5,logout,554
2026-09-24 22:12:27,user2,logout,516
2026-09-24 22:12:28,user3,login,561
2026-09-24 22:12:29,user4,purchase,301
2026-09-24 22:12:30,user3,search,321
2026-09-24 22:12:31,user1,login,355
2026-09-24 22:12:32,user4,login,391
2026-09-24 22:12:33,user3,purchase,980
2026-09-24 22:12:34,user1,search,909
2026-09-24 22:12:35,user3,purchase,972
2026-09-24 22:12:36,user1,logout,919
2026-09-24 22:12:37,user1,login,606
2026-09-24 22:12:38,user4,search,199
2026-09-24 22:12:39,user4,login,534
2026-09-24 22:12:40,user4,purchase,350
2026-09-24 22:12:41,user4,logout,265
2026-09-24 22:12:42,user4,logout,421
2026-09-24 22:12:43,user1,search,971
2026-09-24 22:12:44,user1,view,465
2026-09-24 22:12:45,user4,search,552
2026-09-24 22:12:46,user2,view,312
2026-09-24 22:12:47,user3,view,791
2026-09-24 22:12:48,user4,logout,878
2026-09-24 22:12:49,user4,purchase,797
2026-09-24 22:12:50,user3,view,160
2026-09-24 22:12:51,user1,purchase,200
2026-09-24 22:12:52,user1,logout,134
2026-09-24 22:12:53,user4,purchase,980
2026-09-24 22:12:54,user4,purchase,562
2026-09-24 22:12:55,user2,view,307
2026-09-24 22:12:56,user4,login,554
2026-09-24 22:12:57,user5,purchase,454
2026-09-24 22:12:58,user3,purchase,921
2026-09-24 22:12:59,user4,search,339
2026-09-24 22:13:00,user4,login,537
2026-09-24 22:13:01,user4,logout,749
2026-09-24 22:13:02,user2,purchase,849
2026-09-24 22:13:03,user1,view,877
2026-09-24 22:13:04,user5,search,204
2026-09-24 22:13:05,user4,login,216
2026-09-24 22:13:06,user2,logout,639
2026-09-24 22:13:07,user4,view,184
2026-09-24 22:13:08,user2,view,865
2026-09-24 22:13:09,user2,logout,506
2026-09-24 22:13:10,user2,purchase,517
2026-09-24 22:13:11,user2,purchase,674
2026-09-24 22:13:12,user4,purchase,493
2026-09-24 22:13:13,user1,login,945
2026-09-24 22:13:14,user3,search,503
2026-09-24 22:13:15,user1,login,779
2026-09-24 22:13:16,user5,search,774
2026-09-24 22:13:17,user2,search,977
2026-09-24 22:13:18,user2,purchase,464
2026-09-24 22:13:19,user4,search,411
2026-09-24 22:13:20,user5,login,943
2026-09-24 22:13:21,user4,search,527
2026-09-24 22:13:22,user1,login,893
2026-09-24 22:13:23,user1,login,580
2026-09-24 22:13:24,user4,logout,554
2026-09-24 22:13:25,user4,login,687
2026-09-24 22:13:26,user4,purchase,285
2026-09-24 22:13:27,user4,search,570
2026-09-24 22:13:28,user2,purchase,408
2026-09-24 22:13:29,user3,view,840
2026-09-24 22:13:30,user4,logout,867
2026-09-24 22:13:31,user1,view,644
2026-09-24 22:13:32,user5,search,717
2026-09-24 22:13:33,user1,logout,911
2026-09-24 22:13:34,user5,purchase,100
2026-09-24 22:13:35,user4,purchase,618
2026-09-24 22:13:36,user1,view,830
2026-09-24 22:13:37,user1,view,353
2026-09-24 22:13:38,user1,search,659
2026-09-24 22:13:39,user2,login,758
2026-09-24 22:13:40,user2,search,267
2026-09-24 22:13:41,user5,purchase,209
2026-09-24 22:13:42,user3,logout,201
2026-09-24 22:13:43,user3,purchase,822
2026-09-24 22:13:44,user1,login,148
2026-09-24 22:13:45,user5,search,219
2026-09-24 22:13:46,user4,login,986
2026-09-24 22:13:47,user4,view,917
2026-09-24 22:13:48,user3,logout,607
2026-09-24 22:13:49,user1,view,306
2026-09-24 22:13:50,user5,view,517
2026-09-24 22:13:51,user3,purchase,118
2026-09-24 22:13:52,user5,logout,530
2026-09-24 22:13:53,user3,view,371
2026-09-24 22:13:54,user3,login,514
2026-09-24 22:13:55,user3,login,799
2026-09-24 22:13:56,user2,logout,445
2026-09-24 22:13:57,user1,purchase,428
2026-09-24 22:13:58,user2,view,115
2026-09-24 22:13:59,user3,login,739
2026-09-24 22:14:00,user5,login,263
2026-09-24 22:14:01,user2,purchase,867
2026-09-24 22:14:02,user4,search,803
2026-09-24 22:14:03,user5,search,747
2026-09-24 22:14:04,user4,view,722
2026-09-24 22:14:05,user3,view,146
2026-09-24 22:14:06,user4,view,555
2026-09-24 22:14:07,user1,purchase,698
2026-09-24 22:14:08,user5,view,459
2026-09-24 22:14:09,user4,purchase,319
2026-09-24 22:14:10,user3,login,676
2026-09-24 22:14:11,user5,view,513
2026-09-24 22:14:12,user2,logout,477
2026-09-24 22:14:13,user4,login,145
2026-09-24 22:14:14,user2,view,288
2026-09-24 22:14:15,user5,view,351
2026-09-24 22:14:16,user4,purchase,202
2026-09-24 22:14:17,user2,purchase,805
2026-09-24 22:14:18,user5,purchase,322
2026-09-24 22:14:19,user2,search,757
2026-09-24 22:14:20,user1,login,864
2026-09-24 22:14:21,user1,logout,176
2026-09-24 22:14:22,user5,purchase,427
2026-09-24 22:14:23,user4,login,798
2026-09-24 22:14:24,user3,view,527
2026-09-24 22:14:25,user4,search,480
2026-09-24 22:14:26,user2,search,562
2026-09-24 22:14:27,user2,login,562
2026-09-24 22:14:28,user4,search,474
2026-09-24 22:14:29,user1,login,727
2026-09-24 22:14:30,user4,view,904
2026-09-24 22:14:31,user2,login,479
2026-09-24 22:14:32,user3,login,986
2026-09-24 22:14:33,user4,search,501
2026-09-24 22:14:34,user4,view,305
2026-09-24 22:14:35,user4,view,676
2026-09-24 22:14:36,user5,login,873
2026-09-24 22:14:37,user2,login,138
2026-09-24 22:14:38,user3,purchase,917
2026-09-24 22:14:39,user4,logout,473
2026-09-24 22:14:40,user1,search,211
2026-09-24 22:14:41,user5,view,650
2026-09-24 22:14:42,user2,search,243
2026-09-24 22:14:43,user2,purchase,496
2026-09-24 22:14:44,user3,view,714
2026-09-24 22:14:45,user4,search,671
2026-09-24 22:14:46,user4,search,141
2026-09-24 22:14:47,user1,logout,785
2026-09-24 22:14:48,user4,search,930
2026-09-24 22:14:49,user2,search,507
2026-09-24 22:14:50,user1,purchase,581
2026-09-24 22:14:51,user5,login,789
2026-09-24 22:14:52,user3,login,275
2026-09-24 22:14:53,user2,view,495
2026-09-24 22:14:54,user5,login,268
2026-09-24 22:14:55,user2,view,194
2026-09-24 22:14:56,user5,logout,847
2026-09-24 22:14:57,user2,purchase,877
2026-09-24 22:14:58,user2,login,448
2026-09-24 22:14:59,user1,logout,282
2026-09-24 22:15:00,user3,logout,74
2026-09-24 22:15:01,user5,logout,756
2026-09-24 22:15:02,user1,login,973
2026-09-24 22:15:03,user4,login,416
2026-09-24 22:15:04,user2,search,206
2026-09-24 22:15:05,user2,purchase,481
2026-09-24 22:15:06,user5,view,714
2026-09-24 22:15:07,user3,purchase,89
2026-09-24 22:15:08,user1,logout,256
2026-09-24 22:15:09,user1,logout,309
2026-09-24 22:15:10,user3,login,268
2026-09-24 22:15:11,user2,view,724
2026-09-24 22:15:12,user4,view,880
2026-09-24 22:15:13,user1,logout,608
2026-09-24 22:15:14,user3,purchase,268
2026-09-24 22:15:15,user1,search,102
2026-09-24 22:15:16,user4,purchase,451
2026-09-24 22:15:17,user2,view,798
2026-09-24 22:15:18,user2,purchase,272
2026-09-24 22:15:19,user5,login,438
2026-09-24 22:15:20,user2,purchase,945
2026-09-24 22:15:21,user3,logout,215
2026-09-24 22:15:22,user3,logout,203
2026-09-24 22:15:23,user4,purchase,326
2026-09-24 22:15:24,user2,view,960
2026-09-24 22:15:25,user2,view,736
2026-09-24 22:15:26,user4,search,348
2026-09-24 22:15:27,user2,logout,325
2026-09-24 22:15:28,user1,view,682
2026-09-24 22:15:29,user2,purchase,309
2026-09-24 22:15:30,user5,search,465
2026-09-24 22:15:31,user2,login,611
2026-09-24 22:15:32,user3,login,565
2026-09-24 22:15:33,user1,logout,169
2026-09-24 22:15:34,user4,view,300
2026-09-24 22:15:35,user5,purchase,824
2026-09-24 22:15:36,user1,logout,307
2026-09-24 22:15:37,user4,view,567
2026-09-24 22:15:38,user1,purchase,556
2026-09-24 22:15:39,user5,purchase,927
2026-09-24 22:15:40,user4,search,287
2026-09-24 22:15:41,user4,logout,132
2026-09-24 22:15:42,user2,purchase,641
2026-09-24 22:15:43,user4,search,853
2026-09-24 22:15:44,user4,login,109
2026-09-24 22:15:45,user1,purchase,122
2026-09-24 22:15:46,user4,view,859
2026-09-24 22:15:47,user4,purchase,592
2026-09-24 22:15:48,user2,view,600
2026-09-24 22:15:49,user1,login,745
2026-09-24 22:15:50,user4,login,281
2026-09-24 22:15:51,user2,purchase,812
2026-09-24 22:15:52,user4,purchase,726
2026-09-24 22:15:53,user4,login,754
2026-09-24 22:15:54,user5,login,730
2026-09-24 22:15:55,user2,logout,399
2026-09-24 22:15:56,user1,logout,882
2026-09-24 22:15:57,user5,login,606
2026-09-24 22:15:58,user5,logout,662
2026-09-24 22:15:59,user3,view,731
2026-09-24 22:16:00,user3,login,650
2026-09-24 22:16:01,user3,view,314
2026-09-24 22:16:02,user3,search,751
2026-09-24 22:16:03,user1,login,395
2026-09-24 22:16:04,user4,search,833
2026-09-24 22:16:05,user2,search,812
2026-09-24 22:16:06,user5,login,700
2026-09-24 22:16:07,user5,purchase,821
2026-09-24 22:16:08,user4,login,582
2026-09-24 22:16:09,user1,search,313
2026-09-24 22:16:10,user1,purchase,832
2026-09-24 22:16:11,user4,search,198
2026-09-24 22:16:12,user5,view,719
2026-09-24 22:16:13,user2,logout,407
2026-09-24 22:16:14,user3,login,159
2026-09-24 22:16:15,user1,logout,86
2026-09-24 22:16:16,user4,purchase,51
2026-09-24 22:16:17,user3,purchase,498
2026-09-24 22:16:18,user3,login,95
2026-09-24 22:16:19,user4,view,347
2026-09-24 22:16:20,user1,search,527
2026-09-24 22:16:21,user1,search,798
2026-09-24 22:16:22,user3,purchase,604
2026-09-24 22:16:23,user4,login,74
2026-09-24 22:16:24,user2,logout,473
2026-09-24 22:16:25,user5,login,537
2026-09-24 22:16:26,user2,search,243
2026-09-24 22:16:27,user5,login,693
2026-09-24 22:16:28,user4,login,942
2026-09-24 22:16:29,user4,purchase,223
2026-09-24 22:16:30,user5,purchase,324
2026-09-24 22:16:31,user5,purchase,276
2026-09-24 22:16:32,user1,view,720
2026-09-24 22:16:33,user5,view,834
2026-09-24 22:16:34,user2,search,323
2026-09-24 22:16:35,user5,logout,199
2026-09-24 22:16:36,user4,search,253
2026-09-24 22:16:37,user4,view,876
2026-09-24 22:16:38,user4,purchase,587
2026-09-24 22:16:39,user4,search,841
2026-09-24 22:16:40,user5,login,969
2026-09-24 22:16:41,user1,logout,983
2026-09-24 22:16:42,user4,login,235
2026-09-24 22:16:43,user1,purchase,367
2026-09-24 22:16:44,user2,search,175
2026-09-24 22:16:45,user3,logout,153
2026-09-24 22:16:46,user3,logout,225
2026-09-24 22:16:47,user2,logout,876
2026-09-24 22:16:48,user3,logout,727
2026-09-24 22:16:49,user5,logout,132
2026-09-24 22:16:50,user5,purchase,552
2026-09-24 22:16:51,user1,search,71
2026-09-24 22:16:52,user1,login,705
2026-09-24 22:16:53,user2,purchase,674
2026-09-24 22:16:54,user4,login,815
2026-09-24 22:16:55,user5,login,957
2026-09-24 22:16:56,user2,login,422
2026-09-24 22:16:57,user5,purchase,340
2026-09-24 22:16:58,user5,search,383
2026-09-24 22:16:59,user1,search,330
2026-09-24 22:17:00,user5,view,419
2026-09-24 22:17:01,user2,search,836
2026-09-24 22:17:02,user3,login,150
2026-09-24 22:17:03,user1,search,656
2026-09-24 22:17:04,user5,purchase,540
2026-09-24 22:17:05,user1,search,250
2026-09-24 22:17:06,user3,search,853
2026-09-24 22:17:07,user2,search,489
2026-09-24 22:17:08,user3,purchase,305
2026-09-24 22:17:09,user5,view,666
2026-09-24 22:17:10,user1,purchase,926
2026-09-24 22:17:11,user4,search,621
2026-09-24 22:17:12,user5,logout,653
2026-09-24 22:17:13,user1,purchase,265
2026-09-24 22:17:14,user1,logout,68
2026-09-24 22:17:15,user4,login,679
2026-09-24 22:17:16,user5,search,464
2026-09-24 22:17:17,user3,logout,655
2026-09-24 22:17:18,user4,search,452
2026-09-24 22:17:19,user4,login,465
2026-09-24 22:17:20,user2,view,824
2026-09-24 22:17:21,user4,search,793
2026-09-24 22:17:22,user3,logout,351
2026-09-24 22:17:23,user3,purchase,431
2026-09-24 22:17:24,user4,purchase,301
2026-09-24 22:17:25,user1,logout,838
2026-09-24 22:17:26,user3,logout,917
2026-09-24 22:17:27,user3,login,200
2026-09-24 22:17:28,user4,search,96
2026-09-24 22:17:29,user3,purchase,784
2026-09-24 22:17:30,user5,logout,417
2026-09-24 22:17:31,user2,view,389
2026-09-24 22:17:32,user4,view,958
2026-09-24 22:17:33,user2,purchase,934
2026-09-24 22:17:34,user1,purchase,493
2026-09-24 22:17:35,user4,logout,877
2026-09-24 22:17:36,user4,search,541
2026-09-24 22:17:37,user2,view,86
2026-09-24 22:17:38,user5,purchase,182
2026-09-24 22:17:39,user3,search,595
2026-09-24 22:17:40,user3,login,715
2026-09-24 22:17:41,user4,login,125
2026-09-24 22:17:42,user1,logout,960
2026-09-24 22:17:43,user4,purchase,820
2026-09-24 22:17:44,user3,login,472
2026-09-24 22:17:45,user3,login,898
2026-09-24 22:17:46,user2,logout,735
2026-09-24 22:17:47,user4,logout,536
2026-09-24 22:17:48,user2,purchase,524
2026-09-24 22:17:49,user4,search,474
2026-09-24 22:17:50,user3,logout,296
2026-09-24 22:17:51,user5,purchase,934
2026-09-24 22:17:52,user3,search,768
2026-09-24 22:17:53,user2,view,913
2026-09-24 22:17:54,user5,login,861
2026-09-24 22:17:55,user4,login,763
2026-09-24 22:17:56,user5,search,534
2026-09-24 22:17:57,user5,login,636
2026-09-24 22:17:58,user2,logout,798
2026-09-24 22:17:59,user2,search,892
2026-09-24 22:18:00,user2,purchase,997
2026-09-24 22:18:01,user4,view,731
2026-09-24 22:18:02,user2,view,405
2026-09-24 22:18:03,user5,logout,295
2026-09-24 22:18:04,user5,search,542
2026-09-24 22:18:05,user1,search,312
2026-09-24 22:18:06,user4,logout,354
2026-09-24 22:18:07,user2,search,458
2026-09-24 22:18:08,user5,view,877
2026-09-24 22:18:09,user4,purchase,532
2026-09-24 22:18:10,user5,purchase,388
2026-09-24 22:18:11,user3,logout,670
2026-09-24 22:18:12,user1,view,991
2026-09-24 22:18:13,user2,login,960
2026-09-24 22:18:14,user2,login,937
2026-09-24 22:18:15,user3,logout,449
2026-09-24 22:18:16,user2,purchase,996
2026-09-24 22:18:17,user3,login,314
2026-09-24 22:18:18,user2,logout,486
2026-09-24 22:18:19,user3,search,940
2026-09-24 22:18:20,user1,login,96
2026-09-24 22:18:21,user3,view,827
2026-09-24 22:18:22,user1,logout,597
2026-09-24 22:18:23,user4,login,382
2026-09-24 22:18:24,user3,search,916
2026-09-24 22:18:25,user1,logout,583
2026-09-24 22:18:26,user4,purchase,477
2026-09-24 22:18:27,user3,view,330
2026-09-24 22:18:28,user4,search,345
2026-09-24 22:18:29,user5,login,236
2026-09-24 22:18:30,user1,login,146
2026-09-24 22:18:31,user4,search,964
2026-09-24 22:18:32,user3,purchase,745
2026-09-24 22:18:33,user3,purchase,284
2026-09-24 22:18:34,user4,logout,987
2026-09-24 22:18:35,user2,login,949
2026-09-24 22:18:36,user4,logout,584
2026-09-24 22:18:37,user5,purchase,665
2026-09-24 22:18:38,user4,login,321
2026-09-24 22:18:39,user5,view,985
2026-09-24 22:18:40,user1,login,388
2026-09-24 22:18:41,user1,view,340
2026-09-24 22:18:42,user2,search,197
2026-09-24 22:18:43,user5,login,446
2026-09-24 22:18:44,user1,login,815
2026-09-24 22:18:45,user4,view,590
2026-09-24 22:18:46,user4,view,983
2026-09-24 22:18:47,user1,login,148
2026-09-24 22:18:48,user3,login,436
2026-09-24 22:18:49,user4,search,239
2026-09-24 22:18:50,user4,login,800
2026-09-24 22:18:51,user2,login,298
2026-09-24 22:18:52,user4,search,494
2026-09-24 22:18:53,user2,login,393
2026-09-24 22:18:54,user4,search,405
2026-09-24 22:18:55,user2,search,152
2026-09-24 22:18:56,user5,purchase,658
2026-09-24 22:18:57,user5,search,264
2026-09-24 22:18:58,user5,login,984
2026-09-24 22:18:59,user3,purchase,247
2026-09-24 22:19:00,user2,view,716
2026-09-24 22:19:01,user5,search,157
2026-09-24 22:19:02,user4,logout,372
2026-09-24 22:19:03,user2,logout,868
2026-09-24 22:19:04,user1,view,204
2026-09-24 22:19:05,user4,view,66
2026-09-24 22:19:06,user2,purchase,745
2026-09-24 22:19:07,user4,view,221
2026-09-24 22:19:08,user2,logout,348
2026-09-24 22:19:09,user3,view,855
2026-09-24 22:19:10,user4,purchase,964
2026-09-24 22:19:11,user3,view,931
2026-09-24 22:19:12,user5,search,329
2026-09-24 22:19:13,user2,login,973
2026-09-24 22:19:14,user3,purchase,384
2026-09-24 22:19:15,user5,logout,233
2026-09-24 22:19:16,user1,search,344
2026-09-24 22:19:17,user5,logout,143
2026-09-24 22:19:18,user1,login,73
2026-09-24 22:19:19,user5,view,242
2026-09-24 22:19:20,user2,login,599
2026-09-24 22:19:21,user5,search,257
2026-09-24 22:19:22,user2,logout,105
2026-09-24 22:19:23,user2,logout,812
2026-09-24 22:19:24,user5,purchase,782
2026-09-24 22:19:25,user2,logout,826
2026-09-24 22:19:26,user4,purchase,847
2026-09-24 22:19:27,user4,search,474
2026-09-24 22:19:28,user4,view,442
2026-09-24 22:19:29,user5,logout,138
2026-09-24 22:19:30,user4,search,206
2026-09-24 22:19:31,user3,view,242
2026-09-24 22:19:32,user4,search,718
2026-09-24 22:19:33,user1,view,293
2026-09-24 22:19:34,user4,login,621
2026-09-24 22:19:35,user5,logout,740
2026-09-24 22:19:36,user5,search,546
2026-09-24 22:19:37,user3,logout,659
2026-09-24 22:19:38,user4,purchase,715
2026-09-24 22:19:39,user5,purchase,614
2026-09-24 22:19:40,user2,login,464
2026-09-24 22:19:41,user3,search,871
2026-09-24 22:19:42,user3,logout,707
2026-09-24 22:19:43,user3,view,604
2026-09-24 22:19:44,user2,logout,781
2026-09-24 22:19:45,user5,purchase,252
2026-09-24 22:19:46,user4,search,245
2026-09-24 22:19:47,user4,view,130
2026-09-24 22:19:48,user1,view,551
2026-09-24 22:19:49,user5,logout,269
2026-09-24 22:19:50,user2,logout,693
2026-09-24 22:19:51,user1,search,946
2026-09-24 22:19:52,user1,purchase,690
2026-09-24 22:19:53,user1,view,631
2026-09-24 22:19:54,user2,purchase,666
2026-09-24 22:19:55,user4,login,557
2026-09-24 22:19:56,user5,purchase,593
2026-09-24 22:19:57,user3,view,397
2026-09-24 22:19:58,user4,purchase,685
2026-09-24 22:19:59,user3,purchase,597
2026-09-24 22:20:00,user3,login,241
2026-09-24 22:20:01,user4,search,540
2026-09-24 22:20:02,user3,view,185
2026-09-24 22:20:03,user3,purchase,768
2026-09-24 22:20:04,user1,login,445
2026-09-24 22:20:05,user4,search,664
2026-09-24 22:20:06,user3,login,343
2026-09-24 22:20:07,user2,search,714
2026-09-24 22:20:08,user5,search,655
2026-09-24 22:20:09,user4,search,487
2026-09-24 22:20:10,user5,logout,597
2026-09-24 22:20:11,user3,logout,821
2026-09-24 22:20:12,user2,login,898
2026-09-24 22:20:13,user5,purchase,753
2026-09-24 22:20:14,user3,logout,812
2026-09-24 22:20:15,user5,purchase,163
2026-09-24 22:20:16,user4,logout,734
2026-09-24 22:20:17,user1,logout,561
2026-09-24 22:20:18,user4,purchase,785
2026-09-24 22:20:19,user3,login,954
2026-09-24 22:20:20,user1,view,461
2026-09-24 22:20:21,user4,purchase,480
2026-09-24 22:20:22,user4,view,258
2026-09-24 22:20:23,user5,logout,448
2026-09-24 22:20:24,user1,view,272
2026-09-24 22:20:25,user5,logout,727
2026-09-24 22:20:26,user4,logout,888
2026-09-24 22:20:27,user1,view,68
2026-09-24 22:20:28,user3,logout,555
2026-09-24 22:20:29,user1,search,710
2026-09-24 22:20:30,user2,purchase,59
2026-09-24 22:20:31,user4,search,967
2026-09-24 22:20:32,user5,view,721
2026-09-24 22:20:33,user2,login,783
2026-09-24 22:20:34,user3,search,153
2026-09-24 22:20:35,user4,logout,993
2026-09-24 22:20:36,user5,logout,264
2026-09-24 22:20:37,user1,logout,345
2026-09-24 22:20:38,user5,purchase,169
2026-09-24 22:20:39,user4,login,547
2026-09-24 22:20:40,user1,purchase,647
2026-09-24 22:20:41,user2,login,252
2026-09-24 22:20:42,user2,login,849
2026-09-24 22:20:43,user5,login,135
2026-09-24 22:20:44,user1,login,639
2026-09-24 22:20:45,user3,login,886
2026-09-24 22:20:46,user4,view,358
2026-09-24 22:20:47,user1,purchase,746
2026-09-24 22:20:48,user4,search,97
2026-09-24 22:20:49,user5,view,657
2026-09-24 22:20:50,user2,purchase,761
2026-09-24 22:20:51,user1,purchase,746
2026-09-24 22:20:52,user5,purchase,721
2026-09-24 22:20:53,user5,purchase,53
2026-09-24 22:20:54,user2,login,914
2026-09-24 22:20:55,user3,logout,396
2026-09-24 22:20:56,user5,view,812
2026-09-24 22:20:57,user1,view,928
2026-09-24 22:20:58,user1,purchase,848
2026-09-24 22:20:59,user1,view,306
2026-09-24 22:21:00,user5,login,511
2026-09-24 22:21:01,user5,purchase,167
2026-09-24 22:21:02,user1,search,307
2026-09-24 22:21:03,user4,purchase,793
2026-09-24 22:21:04,user5,view,422
2026-09-24 22:21:05,user5,search,504
2026-09-24 22:21:06,user5,login,255
2026-09-24 22:21:07,user2,view,157
2026-09-24 22:21:08,user2,search,664
2026-09-24 22:21:09,user5,purchase,908
2026-09-24 22:21:10,user4,search,733
2026-09-24 22:21:11,user2,view,154
2026-09-24 22:21:12,user3,logout,367
2026-09-24 22:21:13,user1,view,432
2026-09-24 22:21:14,user5,search,745
2026-09-24 22:21:15,user3,purchase,894
2026-09-24 22:21:16,user2,logout,506
2026-09-24 22:21:17,user3,view,700
2026-09-24 22:21:18,user1,search,375
2026-09-24 22:21:19,user5,login,90
2026-09-24 22:21:20,user4,login,53
2026-09-24 22:21:21,user4,login,269
2026-09-24 22:21:22,user2,purchase,696
2026-09-24 22:21:23,user4,logout,788
2026-09-24 22:21:24,user2,purchase,784
2026-09-24 22:21:25,user4,login,634
2026-09-24 22:21:26,user4,view,419
2026-09-24 22:21:27,user4,search,270
2026-09-24 22:21:28,user3,view,686
2026-09-24 22:21:29,user1,view,328
2026-09-24 22:21:30,user2,view,969
2026-09-24 22:21:31,user1,search,465
2026-09-24 22:21:32,user3,purchase,952
2026-09-24 22:21:33,user2,login,139
2026-09-24 22:21:34,user1,view,495
2026-09-24 22:21:35,user5,search,510
2026-09-24 22:21:36,user5,view,999
2026-09-24 22:21:37,user1,logout,265
2026-09-24 22:21:38,user1,search,524
2026-09-24 22:21:39,user5,purchase,506
2026-09-24 22:21:40,user3,purchase,461
2026-09-24 22:21:41,user2,logout,642
2026-09-24 22:21:42,user3,view,615
2026-09-24 22:21:43,user2,login,726
2026-09-24 22:21:44,user1,search,982
2026-09-24 22:21:45,user4,view,409
2026-09-24 22:21:46,user4,login,100
2026-09-24 22:21:47,user5,login,53
2026-09-24 22:21:48,user4,login,107
2026-09-24 22:21:49,user3,purchase,199
2026-09-24 22:21:50,user3,logout,386
2026-09-24 22:21:51,user1,search,698
2026-09-24 22:21:52,user5,purchase,506
2026-09-24 22:21:53,user2,view,480
2026-09-24 22:21:54,user1,search,377
2026-09-24 22:21:55,user4,purchase,850
2026-09-24 22:21:56,user5,login,383
2026-09-24 22:21:57,user1,search,226
2026-09-24 22:21:58,user2,login,929
2026-09-24 22:21:59,user3,login,914
2026-09-24 22:22:00,user3,purchase,387
2026-09-24 22:22:01,user5,login,572
2026-09-24 22:22:02,user2,view,456
2026-09-24 22:22:03,user1,purchase,691
2026-09-24 22:22:04,user3,login,889
2026-09-24 22:22:05,user1,logout,255
2026-09-24 22:22:06,user5,logout,549
2026-09-24 22:22:07,user3,search,210
2026-09-24 22:22:08,user5,logout,513
2026-09-24 22:22:09,user4,view,141
2026-09-24 22:22:10,user2,login,736
2026-09-24 22:22:11,user3,login,117
2026-09-24 22:22:12,user2,view,346
2026-09-24 22:22:13,user4,login,856
2026-09-24 22:22:14,user2,login,629
2026-09-24 22:22:15,user2,view,882
2026-09-24 22:22:16,user3,search,281
2026-09-24 22:22:17,user3,login,860
2026-09-24 22:22:18,user2,logout,302
2026-09-24 22:22:19,user5,search,592
2026-09-24 22:22:20,user5,purchase,100
2026-09-24 22:22:21,user1,view,82
2026-09-24 22:22:22,user3,search,811
2026-09-24 22:22:23,user2,search,201
2026-09-24 22:22:24,user3,logout,972
2026-09-24 22:22:25,user2,search,93
2026-09-24 22:22:26,user1,search,621
2026-09-24 22:22:27,user5,purchase,163
2026-09-24 22:22:28,user3,search,561
2026-09-24 22:22:29,user4,login,454
2026-09-24 22:22:30,user4,login,807
2026-09-24 22:22:31,user2,login,686
2026-09-24 22:22:32,user4,view,343
2026-09-24 22:22:33,user5,search,844
2026-09-24 22:22:34,user4,purchase,980
2026-09-24 22:22:35,user5,logout,735
2026-09-24 22:22:36,user5,logout,530
2026-09-24 22:22:37,user4,logout,905
2026-09-24 22:22:38,user4,view,738
2026-09-24 22:22:39,user1,view,778
2026-09-24 22:22:40,user4,logout,926
2026-09-24 22:22:41,user1,search,897
2026-09-24 22:22:42,user4,login,277
2026-09-24 22:22:43,user4,view,219
2026-09-24 22:22:44,user3,search,511
2026-09-24 22:22:45,user4,view,933
2026-09-24 22:22:46,user1,purchase,367
2026-09-24 22:22:47,user1,purchase,557
2026-09-24 22:22:48,user2,view,550
2026-09-24 22:22:49,user3,view,518
2026-09-24 22:22:50,user1,purchase,661
2026-09-24 22:22:51,user3,view,554
2026-09-24 22:22:52,user3,logout,761
2026-09-24 22:22:53,user3,purchase,551
2026-09-24 22:22:54,user5,logout,949
2026-09-24 22:22:55,user4,logout,956
2026-09-24 22:22:56,user3,login,718
2026-09-24 22:22:57,user5,purchase,804
2026-09-24 22:22:58,user3,login,281
2026-09-24 22:22:59,user1,login,550
2026-09-24 22:23:00,user3,view,967
2026-09-24 22:23:01,user3,search,564
2026-09-24 22:23:02,user1,login,262
2026-09-24 22:23:03,user2,search,917
2026-09-24 22:23:04,user4,search,104
2026-09-24 22:23:05,user3,login,264
2026-09-24 22:23:06,user2,logout,838
2026-09-24 22:23:07,user3,login,336
2026-09-24 22:23:08,user2,purchase,56
2026-09-24 22:23:09,user4,purchase,548
2026-09-24 22:23:10,user5,purchase,55
2026-09-24 22:23:11,user5,logout,178
2026-09-24 22:23:12,user5,view,153
2026-09-24 22:23:13,user5,login,520
2026-09-24 22:23:14,user4,search,904
2026-09-24 22:23:15,user3,purchase,749
2026-09-24 22:23:16,user1,view,519
2026-09-24 22:23:17,user5,view,979
2026-09-24 22:23:18,user5,view,458
2026-09-24 22:23:19,user2,logout,988
2026-09-24 22:23:20,user4,search,870
2026-09-24 22:23:21,user2,view,995
2026-09-24 22:23:22,user1,login,204
2026-09-24 22:23:23,user2,login,815
2026-09-24 22:23:24,user1,purchase,464
2026-09-24 22:23:25,user5,login,374
2026-09-24 22:23:26,user5,login,392
2026-09-24 22:23:27,user1,logout,922
2026-09-24 22:23:28,user2,purchase,124
2026-09-24 22:23:29,user3,login,195
2026-09-24 22:23:30,user4,view,606
2026-09-24 22:23:31,user3,purchase,279
2026-09-24 22:23:32,user1,login,300
2026-09-24 22:23:33,user4,logout,465
2026-09-24 22:23:34,user4,search,761
2026-09-24 22:23:35,user4,logout,805
2026-09-24 22:23:36,user4,view,71
2026-09-24 22:23:37,user1,view,760
2026-09-24 22:23:38,user2,logout,153
2026-09-24 22:23:39,user1,logout,85
2026-09-24 22:23:40,user1,view,479
2026-09-24 22:23:41,user4,login,293
2026-09-24 22:23:42,user2,logout,341
2026-09-24 22:23:43,user3,view,951
2026-09-24 22:23:44,user1,search,663
2026-09-24 22:23:45,user2,view,227
2026-09-24 22:23:46,user2,search,749
2026-09-24 22:23:47,user5,view,960
2026-09-24 22:23:48,user3,purchase,514
2026-09-24 22:23:49,user5,purchase,95
2026-09-24 22:23:50,user2,login,979
2026-09-24 22:23:51,user1,login,248
2026-09-24 22:23:52,user2,search,223
2026-09-24 22:23:53,user3,logout,974
2026-09-24 22:23:54,user5,search,101
2026-09-24 22:23:55,user2,login,883
2026-09-24 22:23:56,user5,search,596
2026-09-24 22:23:57,user3,view,634
2026-09-24 22:23:58,user3,purchase,364
2026-09-24 22:23:59,user3,purchase,982
2026-09-24 22:24:00,user5,logout,691
2026-09-24 22:24:01,user1,login,830
2026-09-24 22:24:02,user5,search,316
2026-09-24 22:24:03,user3,view,268
2026-09-24 22:24:04,user2,logout,852
2026-09-24 22:24:05,user5,purchase,464
2026-09-24 22:24:06,user3,purchase,71
2026-09-24 22:24:07,user2,view,71
2026-09-24 22:24:08,user4,view,566
2026-09-24 22:24:09,user1,purchase,752
2026-09-24 22:24:10,user2,search,290
2026-09-24 22:24:11,user3,view,309
2026-09-24 22:24:12,user3,purchase,847
2026-09-24 22:24:13,user1,logout,752
2026-09-24 22:24:14,user4,purchase,474
2026-09-24 22:24:15,user2,logout,458
2026-09-24 22:24:16,user3,search,177
2026-09-24 22:24:17,user1,purchase,834
2026-09-24 22:24:18,user3,view,655
2026-09-24 22:24:19,user4,purchase,769
2026-09-24 22:24:20,user1,logout,611
2026-09-24 22:24:21,user1,login,964
2026-09-24 22:24:22,user2,view,751
2026-09-24 22:24:23,user4,view,278
2026-09-24 22:24:24,user1,logout,346
2026-09-24 22:24:25,user3,login,169
2026-09-24 22:24:26,user1,login,324
2026-09-24 22:24:27,user3,logout,499
2026-09-24 22:24:28,user1,login,111
2026-09-24 22:24:29,user1,logout,878
2026-09-24 22:24:30,user5,logout,162
2026-09-24 22:24:31,user4,purchase,242
2026-09-24 22:24:32,user5,login,249
2026-09-24 22:24:33,user2,login,682
2026-09-24 22:24:34,user4,purchase,922
2026-09-24 22:24:35,user4,login,594
2026-09-24 22:24:36,user5,view,653
2026-09-24 22:24:37,user1,search,400
2026-09-24 22:24:38,user3,login,347
2026-09-24 22:24:39,user3,view,128
2026-09-24 22:24:40,user5,logout,710
2026-09-24 22:24:41,user4,login,365
2026-09-24 22:24:42,user4,view,980
2026-09-24 22:24:43,user5,login,146
2026-09-24 22:24:44,user4,search,183
2026-09-24 22:24:45,user2,purchase,723
2026-09-24 22:24:46,user3,search,151
2026-09-24 22:24:47,user5,login,857
2026-09-24 22:24:48,user5,search,710
2026-09-24 22:24:49,user3,login,696
2026-09-24 22:24:50,user2,purchase,246
2026-09-24 22:24:51,user5,search,308
2026-09-24 22:24:52,user4,search,973
2026-09-24 22:24:53,user1,logout,487
2026-09-24 22:24:54,user3,logout,141
2026-09-24 22:24:55,user1,purchase,430
2026-09-24 22:24:56,user1,purchase,194
2026-09-24 22:24:57,user4,search,451
2026-09-24 22:24:58,user3,purchase,620
2026-09-24 22:24:59,user5,logout,531
2026-09-24 22:25:00,user5,login,766
2026-09-24 22:25:01,user1,login,261
2026-09-24 22:25:02,user2,logout,262
2026-09-24 22:25:03,user1,purchase,209
2026-09-24 22:25:04,user1,purchase,960
2026-09-24 22:25:05,user4,login,717
2026-09-24 22:25:06,user1,login,246
2026-09-24 22:25:07,user2,purchase,591
2026-09-24 22:25:08,user2,logout,842
2026-09-24 22:25:09,user3,login,230
2026-09-24 22:25:10,user2,search,416
2026-09-24 22:25:11,user4,purchase,543
2026-09-24 22:25:12,user1,search,489
2026-09-24 22:25:13,user4,view,262
2026-09-24 22:25:14,user3,purchase,260
2026-09-24 22:25:15,user5,logout,91
2026-09-24 22:25:16,user2,purchase,884
2026-09-24 22:25:17,user4,search,589
2026-09-24 22:25:18,user4,view,485
2026-09-24 22:25:19,user2,view,438
2026-09-24 22:25:20,user4,purchase,626
2026-09-24 22:25:21,user4,search,231
2026-09-24 22:25:22,user5,logout,331
2026-09-24 22:25:23,user5,view,869
2026-09-24 22:25:24,user4,logout,492
2026-09-24 22:25:25,user3,logout,708
2026-09-24 22:25:26,user5,search,214
2026-09-24 22:25:27,user5,search,117
2026-09-24 22:25:28,user3,view,884
2026-09-24 22:25:29,user5,purchase,839
2026-09-24 22:25:30,user1,purchase,263
2026-09-24 22:25:31,user1,logout,299
2026-09-24 22:25:32,user5,view,285
2026-09-24 22:25:33,user3,view,300
2026-09-24 22:25:34,user1,logout,529
2026-09-24 22:25:35,user2,search,112
2026-09-24 22:25:36,user5,purchase,777
2026-09-24 22:25:37,user4,search,561
2026-09-24 22:25:38,user3,purchase,464
2026-09-24 22:25:39,user3,view,555
2026-09-24 22:25:40,user4,view,550
2026-09-24 22:25:41,user3,purchase,242
2026-09-24 22:25:42,user2,login,536
2026-09-24 22:25:43,user2,logout,551
2026-09-24 22:25:44,user2,purchase,90
2026-09-24 22:25:45,user5,logout,451
2026-09-24 22:25:46,user4,view,991
2026-09-24 22:25:47,user4,logout,149
2026-09-24 22:25:48,user5,view,241
2026-09-24 22:25:49,user5,purchase,106
2026-09-24 22:25:50,user4,login,664
2026-09-24 22:25:51,user4,login,411
2026-09-24 22:25:52,user5,search,931
2026-09-24 22:25:53,user3,purchase,350
2026-09-24 22:25:54,user1,view,165
2026-09-24 22:25:55,user5,view,595
2026-09-24 22:25:56,user2,login,982
2026-09-24 22:25:57,user1,purchase,700
2026-09-24 22:25:58,user5,login,931
2026-09-24 22:25:59,user1,search,524
2026-09-24 22:26:00,user4,view,934
2026-09-24 22:26:01,user1,logout,408
2026-09-24 22:26:02,user5,purchase,533
2026-09-24 22:26:03,user3,purchase,591
2026-09-24 22:26:04,user5,purchase,447
2026-09-24 22:26:05,user5,search,282
2026-09-24 22:26:06,user4,logout,301
2026-09-24 22:26:07,user5,view,829
2026-09-24 22:26:08,user4,view,231
2026-09-24 22:26:09,user4,view,488
2026-09-24 22:26:10,user4,logout,215
2026-09-24 22:26:11,user3,view,824
2026-09-24 22:26:12,user1,view,733
2026-09-24 22:26:13,user4,logout,349
2026-09-24 22:26:14,user3,logout,158
2026-09-24 22:26:15,user1,logout,400
2026-09-24 22:26:16,user2,logout,830
2026-09-24 22:26:17,user5,purchase,973
2026-09-24 22:26:18,user2,search,125
2026-09-24 22:26:19,user1,search,228
2026-09-24 22:26:20,user1,login,561
2026-09-24 22:26:21,user5,logout,726
2026-09-24 22:26:22,user3,logout,527
2026-09-24 22:26:23,user5,logout,697
2026-09-24 22:26:24,user1,search,548
2026-09-24 22:26:25,user1,logout,259
2026-09-24 22:26:26,user1,view,715
2026-09-24 22:26:27,user1,search,352
2026-09-24 22:26:28,user1,view,870
2026-09-24 22:26:29,user2,purchase,846
2026-09-24 22:26:30,user3,view,221
2026-09-24 22:26:31,user1,login,322
2026-09-24 22:26:32,user5,purchase,498
2026-09-24 22:26:33,user5,logout,423
2026-09-24 22:26:34,user4,logout,387
2026-09-24 22:26:35,user1,search,211
2026-09-24 22:26:36,user5,purchase,558
2026-09-24 22:26:37,user3,logout,126
2026-09-24 22:26:38,user2,view,381
2026-09-24 22:26:39,user4,view,299
2026-09-24 22:26:40,user1,view,752
2026-09-24 22:26:41,user5,purchase,726
2026-09-24 22:26:42,user5,logout,315
2026-09-24 22:26:43,user4,purchase,682
2026-09-24 22:26:44,user1,view,674
2026-09-24 22:26:45,user4,purchase,912
2026-09-24 22:26:46,user2,login,409
2026-09-24 22:26:47,user2,view,420
2026-09-24 22:26:48,user2,logout,940
2026-09-24 22:26:49,user5,search,907
2026-09-24 22:26:50,user5,purchase,614
2026-09-24 22:26:51,user3,search,331
2026-09-24 22:26:52,user3,login,827
2026-09-24 22:26:53,user2,logout,343
2026-09-24 22:26:54,user1,search,742
2026-09-24 22:26:55,user2,login,319
2026-09-24 22:26:56,user1,view,940
2026-09-24 22:26:57,user2,purchase,79
2026-09-24 22:26:58,user1,purchase,961
2026-09-24 22:26:59,user4,search,194
2026-09-24 22:27:00,user2,logout,755
2026-09-24 22:27:01,user2,view,232
2026-09-24 22:27:02,user4,search,370
2026-09-24 22:27:03,user5,login,131
2026-09-24 22:27:04,user4,logout,548
2026-09-24 22:27:05,user3,purchase,279
2026-09-24 22:27:06,user2,logout,935
2026-09-24 22:27:07,user4,search,644
2026-09-24 22:27:08,user1,login,436
2026-09-24 22:27:09,user2,view,68
2026-09-24 22:27:10,user3,search,514
2026-09-24 22:27:11,user1,search,575
2026-09-24 22:27:12,user2,search,677
2026-09-24 22:27:13,user4,purchase,604
2026-09-24 22:27:14,user1,search,378
2026-09-24 22:27:15,user3,login,789
2026-09-24 22:27:16,user5,search,941
2026-09-24 22:27:17,user5,view,992
2026-09-24 22:27:18,user1,view,993
2026-09-24 22:27:19,user5,purchase,552
2026-09-24 22:27:20,user3,view,114
2026-09-24 22:27:21,user5,purchase,70
2026-09-24 22:27:22,user4,login,189
2026-09-24 22:27:23,user4,login,343
2026-09-24 22:27:24,user1,purchase,73
2026-09-24 22:27:25,user1,view,121
2026-09-24 22:27:26,user4,purchase,537
2026-09-24 22:27:27,user3,view,369
2026-09-24 22:27:28,user1,view,612
2026-09-24 22:27:29,user4,search,778
2026-09-24 22:27:30,user1,login,335
2026-09-24 22:27:31,user1,login,54
2026-09-24 22:27:32,user3,search,455
2026-09-24 22:27:33,user5,login,200
2026-09-24 22:27:34,user5,login,419
2026-09-24 22:27:35,user2,search,381
2026-09-24 22:27:36,user1,search,996
2026-09-24 22:27:37,user5,login,959
2026-09-24 22:27:38,user1,logout,578
2026-09-24 22:27:39,user4,purchase,608
2026-09-24 22:27:40,user2,view,737
2026-09-24 22:27:41,user3,purchase,605
2026-09-24 22:27:42,user1,search,956
2026-09-24 22:27:43,user5,search,477
2026-09-24 22:27:44,user2,purchase,491
2026-09-24 22:27:45,user1,logout,265
2026-09-24 22:27:46,user1,view,636
2026-09-24 22:27:47,user4,purchase,348
2026-09-24 22:27:48,user5,search,262
2026-09-24 22:27:49,user2,view,205
2026-09-24 22:27:50,user5,purchase,470
2026-09-24 22:27:51,user3,logout,310
2026-09-24 22:27:52,user2,logout,348
2026-09-24 22:27:53,user5,login,163
2026-09-24 22:27:54,user5,view,502
2026-09-24 22:27:55,user3,login,415
2026-09-24 22:27:56,user3,logout,182
2026-09-24 22:27:57,user5,view,979
2026-09-24 22:27:58,user1,purchase,475
2026-09-24 22:27:59,user3,view,703
2026-09-24 22:28:00,user4,logout,639
2026-09-24 22:28:01,user5,login,220
2026-09-24 22:28:02,user4,search,600
2026-09-24 22:28:03,user1,search,982
2026-09-24 22:28:04,user3,logout,763
2026-09-24 22:28:05,user5,search,168
2026-09-24 22:28:06,user1,view,761
2026-09-24 22:28:07,user5,logout,253
2026-09-24 22:28:08,user5,search,441
2026-09-24 22:28:09,user4,view,497
2026-09-24 22:28:10,user5,login,78
2026-09-24 22:28:11,user3,purchase,315
2026-09-24 22:28:12,user5,logout,343
2026-09-24 22:28:13,user2,purchase,882
2026-09-24 22:28:14,user5,view,826
2026-09-24 22:28:15,user2,view,598
2026-09-24 22:28:16,user5,login,175
2026-09-24 22:28:17,user2,purchase,665
2026-09-24 22:28:18,user4,search,416
2026-09-24 22:28:19,user2,logout,739
2026-09-24 22:28:20,user4,logout,295
2026-09-24 22:28:21,user1,login,529
2026-09-24 22:28:22,user1,view,444
2026-09-24 22:28:23,user3,view,689
2026-09-24 22:28:24,user1,login,153
2026-09-24 22:28:25,user1,purchase,136
2026-09-24 22:28:26,user1,login,207
2026-09-24 22:28:27,user1,purchase,255
2026-09-24 22:28:28,user2,login,437
2026-09-24 22:28:29,user3,purchase,444
2026-09-24 22:28:30,user1,purchase,673
2026-09-24 22:28:31,user3,search,855
2026-09-24 22:28:32,user2,logout,578
2026-09-24 22:28:33,user1,view,542
2026-09-24 22:28:34,user1,purchase,692
2026-09-24 22:28:35,user3,purchase,968
2026-09-24 22:28:36,user2,purchase,376
2026-09-24 22:28:37,user3,view,156
2026-09-24 22:28:38,user5,purchase,738
2026-09-24 22:28:39,user5,search,953
2026-09-24 22:28:40,user5,purchase,706
2026-09-24 22:28:41,user4,logout,209
2026-09-24 22:28:42,user3,view,202
2026-09-24 22:28:43,user4,search,896
2026-09-24 22:28:44,user5,login,549
2026-09-24 22:28:45,user5,login,339
2026-09-24 22:28:46,user4,view,475
2026-09-24 22:28:47,user4,search,479
2026-09-24 22:28:48,user1,view,100
2026-09-24 22:28:49,user3,view,877
2026-09-24 22:28:50,user4,login,934
2026-09-24 22:28:51,user4,login,506
2026-09-24 22:28:52,user1,logout,596
2026-09-24 22:28:53,user1,login,209
2026-09-24 22:28:54,user1,login,161
2026-09-24 22:28:55,user5,purchase,664
2026-09-24 22:28:56,user3,purchase,415
2026-09-24 22:28:57,user4,search,794
2026-09-24 22:28:58,user2,view,798
2026-09-24 22:28:59,user1,logout,331
2026-09-24 22:29:00,user3,login,243
2026-09-24 22:29:01,user5,search,319
2026-09-24 22:29:02,user3,login,845
2026-09-24 22:29:03,user4,search,903
2026-09-24 22:29:04,user4,purchase,151
2026-09-24 22:29:05,user5,login,60
2026-09-24 22:29:06,user4,view,320
2026-09-24 22:29:07,user2,login,252
2026-09-24 22:29:08,user1,view,499
2026-09-24 22:29:09,user4,view,679
2026-09-24 22:29:10,user2,logout,149
2026-09-24 22:29:11,user2,logout,536
2026-09-24 22:29:12,user1,purchase,216
2026-09-24 22:29:13,user3,logout,888
2026-09-24 22:29:14,user1,search,862
2026-09-24 22:29:15,user2,purchase,777
2026-09-24 22:29:16,user2,search,963
2026-09-24 22:29:17,user1,search,944
2026-09-24 22:29:18,user1,view,319
2026-09-24 22:29:19,user2,purchase,555
2026-09-24 22:29:20,user4,purchase,937
2026-09-24 22:29:21,user3,logout,693
2026-09-24 22:29:22,user3,purchase,930
2026-09-24 22:29:23,user5,view,107
2026-09-24 22:29:24,user3,purchase,391
2026-09-24 22:29:25,user1,purchase,608
2026-09-24 22:29:26,user3,logout,837
2026-09-24 22:29:27,user2,login,398
2026-09-24 22:29:28,user4,search,502
2026-09-24 22:29:29,user5,logout,546
2026-09-24 22:29:30,user3,purchase,562
2026-09-24 22:29:31,user3,purchase,865
2026-09-24 22:29:32,user5,logout,587
2026-09-24 22:29:33,user3,logout,288
2026-09-24 22:29:34,user2,search,883
2026-09-24 22:29:35,user4,purchase,138
2026-09-24 22:29:36,user3,purchase,369
2026-09-24 22:29:37,user1,view,711
2026-09-24 22:29:38,user3,logout,533
2026-09-24 22:29:39,user3,purchase,778
2026-09-24 22:29:40,user3,view,113
2026-09-24 22:29:41,user5,purchase,697
2026-09-24 22:29:42,user4,login,794
2026-09-24 22:29:43,user3,purchase,388
2026-09-24 22:29:44,user1,search,843
2026-09-24 22:29:45,user3,login,760
2026-09-24 22:29:46,user5,login,402
2026-09-24 22:29:47,user4,purchase,751
2026-09-24 22:29:48,user3,purchase,468
2026-09-24 22:29:49,user3,logout,374
2026-09-24 22:29:50,user3,purchase,911
2026-09-24 22:29:51,user4,view,239
2026-09-24 22:29:52,user4,login,428
2026-09-24 22:29:53,user3,search,988
2026-09-24 22:29:54,user1,logout,508
2026-09-24 22:29:55,user2,search,505
2026-09-24 22:29:56,user2,view,182
2026-09-24 22:29:57,user2,search,422
2026-09-24 22:29:58,user1,logout,688
2026-09-24 22:29:59,user3,logout,436
2026-09-24 22:30:00,user3,logout,583
2026-09-24 22:30:01,user4,login,135
2026-09-24 22:30:02,user2,view,581
2026-09-24 22:30:03,user4,view,658
2026-09-24 22:30:04,user4,search,282
2026-09-24 22:30:05,user4,login,444
2026-09-24 22:30:06,user2,login,931
2026-09-24 22:30:07,user5,logout,420
2026-09-24 22:30:08,user5,login,281
2026-09-24 22:30:09,user1,logout,88
2026-09-24 22:30:10,user5,logout,815
2026-09-24 22:30:11,user5,purchase,915
2026-09-24 22:30:12,user5,logout,714
2026-09-24 22:30:13,user1,purchase,611
2026-09-24 22:30:14,user5,login,379
2026-09-24 22:30:15,user3,view,490
2026-09-24 22:30:16,user5,logout,731
2026-09-24 22:30:17,user4,logout,813
2026-09-24 22:30:18,user3,search,474
2026-09-24 22:30:19,user3,logout,800
2026-09-24 22:30:20,user3,search,892
2026-09-24 22:30:21,user3,logout,347
2026-09-24 22:30:22,user1,search,51
2026-09-24 22:30:23,user5,purchase,560
2026-09-24 22:30:24,user2,login,641
2026-09-24 22:30:25,user5,view,637
2026-09-24 22:30:26,user2,purchase,581
2026-09-24 22:30:27,user3,logout,343
2026-09-24 22:30:28,user2,login,256
2026-09-24 22:30:29,user4,logout,937
2026-09-24 22:30:30,user4,logout,183
2026-09-24 22:30:31,user1,search,112
2026-09-24 22:30:32,user3,login,901
2026-09-24 22:30:33,user3,view,973
2026-09-24 22:30:34,user5,view,195
2026-09-24 22:30:35,user1,purchase,963
2026-09-24 22:30:36,user2,search,496
2026-09-24 22:30:37,user5,search,472
2026-09-24 22:30:38,user4,view,834
2026-09-24 22:30:39,user3,login,633
2026-09-24 22:30:40,user2,login,486
2026-09-24 22:30:41,user4,logout,154
2026-09-24 22:30:42,user4,login,315
2026-09-24 22:30:43,user4,view,361
2026-09-24 22:30:44,user5,view,827
2026-09-24 22:30:45,user4,view,565
2026-09-24 22:30:46,user2,view,719
2026-09-24 22:30:47,user3,search,750
2026-09-24 22:30:48,user5,search,605
2026-09-24 22:30:49,user4,logout,942
2026-09-24 22:30:50,user2,login,433
2026-09-24 22:30:51,user4,purchase,376
2026-09-24 22:30:52,user1,logout,941
2026-09-24 22:30:53,user1,purchase,657
2026-09-24 22:30:54,user3,search,70
2026-09-24 22:30:55,user5,search,461
2026-09-24 22:30:56,user1,purchase,498
2026-09-24 22:30:57,user5,logout,729
2026-09-24 22:30:58,user2,login,694
2026-09-24 22:30:59,user2,purchase,631
2026-09-24 22:31:00,user4,login,173
2026-09-24 22:31:01,user3,login,583
2026-09-24 22:31:02,user1,purchase,99
2026-09-24 22:31:03,user3,logout,565
2026-09-24 22:31:04,user1,search,213
2026-09-24 22:31:05,user2,search,92
2026-09-24 22:31:06,user1,view,265
2026-09-24 22:31:07,user2,login,909
2026-09-24 22:31:08,user2,login,781
2026-09-24 22:31:09,user3,login,374
2026-09-24 22:31:10,user5,login,69
2026-09-24 22:31:11,user1,search,274
2026-09-24 22:31:12,user3,search,356
2026-09-24 22:31:13,user1,purchase,580
2026-09-24 22:31:14,user3,view,699
2026-09-24 22:31:15,user1,purchase,234
2026-09-24 22:31:16,user2,purchase,661
2026-09-24 22:31:17,user2,search,234
2026-09-24 22:31:18,user3,view,778
2026-09-24 22:31:19,user2,view,681
2026-09-24 22:31:20,user3,purchase,329
2026-09-24 22:31:21,user5,search,587
2026-09-24 22:31:22,user3,view,843
2026-09-24 22:31:23,user2,search,364
2026-09-24 22:31:24,user1,purchase,595
2026-09-24 22:31:25,user3,logout,854
2026-09-24 22:31:26,user5,view,723
2026-09-24 22:31:27,user2,view,944
2026-09-24 22:31:28,user1,search,77
2026-09-24 22:31:29,user2,purchase,699
2026-09-24 22:31:30,user3,logout,726
2026-09-24 22:31:31,user5,view,934
2026-09-24 22:31:32,user3,view,858
2026-09-24 22:31:33,user2,view,602
2026-09-24 22:31:34,user2,purchase,368
2026-09-24 22:31:35,user4,login,570
2026-09-24 22:31:36,user3,logout,147
2026-09-24 22:31:37,user4,purchase,159
2026-09-24 22:31:38,user3,login,94
2026-09-24 22:31:39,user5,search,646
2026-09-24 22:31:40,user3,view,396
2026-09-24 22:31:41,user5,logout,622
2026-09-24 22:31:42,user3,login,187
2026-09-24 22:31:43,user2,view,413
2026-09-24 22:31:44,user5,login,318
2026-09-24 22:31:45,user5,logout,835
2026-09-24 22:31:46,user3,login,415
2026-09-24 22:31:47,user3,purchase,353
2026-09-24 22:31:48,user1,view,311
2026-09-24 22:31:49,user1,logout,312
2026-09-24 22:31:50,user5,search,409
2026-09-24 22:31:51,user2,purchase,565
2026-09-24 22:31:52,user2,login,55
2026-09-24 22:31:53,user3,logout,856
2026-09-24 22:31:54,user4,logout,491
2026-09-24 22:31:55,user4,logout,671
2026-09-24 22:31:56,user4,view,834
2026-09-24 22:31:57,user4,purchase,732
2026-09-24 22:31:58,user1,logout,978
2026-09-24 22:31:59,user1,search,785
2026-09-24 22:32:00,user1,login,791
2026-09-24 22:32:01,user2,search,61
2026-09-24 22:32:02,user2,login,396
2026-09-24 22:32:03,user3,view,633
2026-09-24 22:32:04,user5,login,827
2026-09-24 22:32:05,user3,search,538
2026-09-24 22:32:06,user1,logout,146
2026-09-24 22:32:07,user4,purchase,499
2026-09-24 22:32:08,user4,view,987
2026-09-24 22:32:09,user5,login,443
2026-09-24 22:32:10,user2,logout,504
2026-09-24 22:32:11,user5,logout,797
2026-09-24 22:32:12,user1,login,477
2026-09-24 22:32:13,user2,logout,925
2026-09-24 22:32:14,user1,view,740
2026-09-24 22:32:15,user2,purchase,916
2026-09-24 22:32:16,user2,view,809
2026-09-24 22:32:17,user4,search,196
2026-09-24 22:32:18,user5,logout,339
2026-09-24 22:32:19,user4,logout,94
2026-09-24 22:32:20,user4,search,481
2026-09-24 22:32:21,user2,logout,177
2026-09-24 22:32:22,user3,login,165
2026-09-24 22:32:23,user4,search,389
2026-09-24 22:32:24,user1,search,289
2026-09-24 22:32:25,user1,view,263
2026-09-24 22:32:26,user2,login,412
2026-09-24 22:32:27,user1,purchase,189
2026-09-24 22:32:28,user5,purchase,244
2026-09-24 22:32:29,user5,purchase,630
2026-09-24 22:32:30,user1,search,60
2026-09-24 22:32:31,user1,login,530
2026-09-24 22:32:32,user1,login,594
2026-09-24 22:32:33,user3,logout,640
2026-09-24 22:32:34,user4,search,750
2026-09-24 22:32:35,user2,login,244
2026-09-24 22:32:36,user2,view,508
2026-09-24 22:32:37,user2,logout,258
2026-09-24 22:32:38,user3,logout,785
2026-09-24 22:32:39,user3,view,606
2026-09-24 22:32:40,user5,view,695
2026-09-24 22:32:41,user3,purchase,403
2026-09-24 22:32:42,user1,purchase,447
2026-09-24 22:32:43,user1,search,925
2026-09-24 22:32:44,user2,login,292
2026-09-24 22:32:45,user4,logout,177
2026-09-24 22:32:46,user1,purchase,748
2026-09-24 22:32:47,user1,login,231
2026-09-24 22:32:48,user2,logout,185
2026-09-24 22:32:49,user3,search,397
2026-09-24 22:32:50,user5,purchase,570
2026-09-24 22:32:51,user2,view,961
2026-09-24 22:32:52,user5,purchase,331
2026-09-24 22:32:53,user3,login,209
2026-09-24 22:32:54,user4,search,788
2026-09-24 22:32:55,user3,purchase,462
2026-09-24 22:32:56,user1,logout,298
2026-09-24 22:32:57,user5,purchase,930
2026-09-24 22:32:58,user5,view,410
2026-09-24 22:32:59,user1,login,308
2026-09-24 22:33:00,user3,login,267
2026-09-24 22:33:01,user4,search,397
2026-09-24 22:33:02,user5,purchase,105
2026-09-24 22:33:03,user3,purchase,609
2026-09-24 22:33:04,user1,purchase,220
2026-09-24 22:33:05,user3,search,643
2026-09-24 22:33:06,user3,login,648
2026-09-24 22:33:07,user3,login,120
2026-09-24 22:33:08,user3,purchase,912
2026-09-24 22:33:09,user2,login,331
2026-09-24 22:33:10,user3,login,979
2026-09-24 22:33:11,user5,search,490
2026-09-24 22:33:12,user5,purchase,955
2026-09-24 22:33:13,user4,logout,582
2026-09-24 22:33:14,user5,login,206
2026-09-24 22:33:15,user4,search,154
2026-09-24 22:33:16,user1,login,95
2026-09-24 22:33:17,user2,login,112
2026-09-24 22:33:18,user5,search,98
2026-09-24 22:33:19,user4,purchase,257
2026-09-24 22:33:20,user4,logout,176
2026-09-24 22:33:21,user1,search,498
2026-09-24 22:33:22,user1,view,678
2026-09-24 22:33:23,user4,logout,994
2026-09-24 22:33:24,user2,login,224
2026-09-24 22:33:25,user2,login,77
2026-09-24 22:33:26,user5,purchase,693
2026-09-24 22:33:27,user4,logout,586
2026-09-24 22:33:28,user5,purchase,463
2026-09-24 22:33:29,user4,purchase,562
2026-09-24 22:33:30,user2,search,150
2026-09-24 22:33:31,user5,purchase,291
2026-09-24 22:33:32,user3,purchase,57
2026-09-24 22:33:33,user3,search,593
2026-09-24 22:33:34,user3,search,839
2026-09-24 22:33:35,user2,login,290
2026-09-24 22:33:36,user5,search,422
2026-09-24 22:33:37,user1,search,255
2026-09-24 22:33:38,user2,logout,638
2026-09-24 22:33:39,user4,view,888
2026-09-24 22:33:40,user4,view,720
2026-09-24 22:33:41,user2,login,253
2026-09-24 22:33:42,user1,search,88
2026-09-24 22:33:43,user5,search,454
2026-09-24 22:33:44,user5,purchase,773
2026-09-24 22:33:45,user3,view,916
2026-09-24 22:33:46,user2,search,194
2026-09-24 22:33:47,user2,login,826
2026-09-24 22:33:48,user5,login,264
2026-09-24 22:33:49,user5,search,995
2026-09-24 22:33:50,user1,purchase,764
2026-09-24 22:33:51,user3,search,937
2026-09-24 22:33:52,user1,purchase,1000
2026-09-24 22:33:53,user4,view,443
2026-09-24 22:33:54,user3,search,153
2026-09-24 22:33:55,user1,purchase,982
2026-09-24 22:33:56,user4,purchase,108
2026-09-24 22:33:57,user3,purchase,322
2026-09-24 22:33:58,user2,search,579
2026-09-24 22:33:59,user3,login,99
2026-09-24 22:34:00,user1,purchase,77
2026-09-24 22:34:01,user1,login,528
2026-09-24 22:34:02,user2,login,721
2026-09-24 22:34:03,user4,logout,812
2026-09-24 22:34:04,user5,logout,606
2026-09-24 22:34:05,user2,login,609
2026-09-24 22:34:06,user1,login,783
2026-09-24 22:34:07,user2,search,711
2026-09-24 22:34:08,user3,login,520
2026-09-24 22:34:09,user1,purchase,676
2026-09-24 22:34:10,user1,view,87
2026-09-24 22:34:11,user2,purchase,227
2026-09-24 22:34:12,user2,purchase,920
2026-09-24 22:34:13,user3,logout,769
2026-09-24 22:34:14,user3,search,964
2026-09-24 22:34:15,user5,login,636
2026-09-24 22:34:16,user5,logout,688
2026-09-24 22:34:17,user1,search,167
2026-09-24 22:34:18,user4,search,189
2026-09-24 22:34:19,user3,logout,547
2026-09-24 22:34:20,user3,view,740
2026-09-24 22:34:21,user1,search,519
2026-09-24 22:34:22,user1,purchase,491
2026-09-24 22:34:23,user3,view,862
2026-09-24 22:34:24,user5,logout,958
2026-09-24 22:34:25,user5,search,849
2026-09-24 22:34:26,user3,search,226
2026-09-24 22:34:27,user3,purchase,864
2026-09-24 22:34:28,user4,search,708
2026-09-24 22:34:29,user5,login,968
2026-09-24 22:34:30,user4,view,347
2026-09-24 22:34:31,user5,login,312
2026-09-24 22:34:32,user2,login,53
2026-09-24 22:34:33,user3,search,105
2026-09-24 22:34:34,user4,login,970
2026-09-24 22:34:35,user4,logout,121
2026-09-24 22:34:36,user1,purchase,689
2026-09-24 22:34:37,user4,logout,838
2026-09-24 22:34:38,user3,login,999
2026-09-24 22:34:39,user4,search,623
2026-09-24 22:34:40,user2,login,834
2026-09-24 22:34:41,user1,view,581
2026-09-24 22:34:42,user5,view,457
2026-09-24 22:34:43,user4,view,888
2026-09-24 22:34:44,user3,search,151
2026-09-24 22:34:45,user5,view,645
2026-09-24 22:34:46,user1,purchase,611
2026-09-24 22:34:47,user1,logout,349
2026-09-24 22:34:48,user3,purchase,523
2026-09-24 22:34:49,user2,purchase,623
2026-09-24 22:34:50,user3,purchase,69
2026-09-24 22:34:51,user1,search,511
2026-09-24 22:34:52,user4,login,634
2026-09-24 22:34:53,user3,purchase,82
2026-09-24 22:34:54,user4,login,784
2026-09-24 22:34:55,user5,view,802
2026-09-24 22:34:56,user5,logout,381
2026-09-24 22:34:57,user2,view,615
2026-09-24 22:34:58,user5,login,672
2026-09-24 22:34:59,user3,view,582
2026-09-24 22:35:00,user4,search,404
2026-09-24 22:35:01,user5,login,418
2026-09-24 22:35:02,user4,purchase,512
2026-09-24 22:35:03,user4,logout,60
2026-09-24 22:35:04,user4,view,72
2026-09-24 22:35:05,user4,search,377
2026-09-24 22:35:06,user1,view,900
2026-09-24 22:35:07,user5,login,757
2026-09-24 22:35:08,user4,purchase,521
2026-09-24 22:35:09,user5,purchase,713
2026-09-24 22:35:10,user3,purchase,900
2026-09-24 22:35:11,user1,search,125
2026-09-24 22:35:12,user4,login,575
2026-09-24 22:35:13,user5,logout,751
2026-09-24 22:35:14,user2,login,850
2026-09-24 22:35:15,user5,search,162
2026-09-24 22:35:16,user4,logout,297
2026-09-24 22:35:17,user4,purchase,669
2026-09-24 22:35:18,user2,search,577
2026-09-24 22:35:19,user2,purchase,807
2026-09-24 22:35:20,user1,search,121
2026-09-24 22:35:21,user2,view,507
2026-09-24 22:35:22,user5,view,521
2026-09-24 22:35:23,user5,purchase,673
2026-09-24 22:35:24,user2,search,493
2026-09-24 22:35:25,user2,logout,378
2026-09-24 22:35:26,user2,view,378
2026-09-24 22:35:27,user3,logout,246
2026-09-24 22:35:28,user4,purchase,951
2026-09-24 22:35:29,user5,purchase,640
2026-09-24 22:35:30,user2,login,118
2026-09-24 22:35:31,user2,search,536
2026-09-24 22:35:32,user4,login,700
2026-09-24 22:35:33,user2,logout,787
2026-09-24 22:35:34,user3,view,116
2026-09-24 22:35:35,user2,view,989
2026-09-24 22:35:36,user4,search,916
2026-09-24 22:35:37,user1,search,348
2026-09-24 22:35:38,user3,purchase,146
2026-09-24 22:35:39,user1,view,136
2026-09-24 22:35:40,user1,view,376
2026-09-24 22:35:41,user3,login,385
2026-09-24 22:35:42,user3,logout,252
2026-09-24 22:35:43,user1,login,489
2026-09-24 22:35:44,user2,logout,946
2026-09-24 22:35:45,user4,login,791
2026-09-24 22:35:46,user4,search,283
2026-09-24 22:35:47,user2,login,411
2026-09-24 22:35:48,user2,view,211
2026-09-24 22:35:49,user4,purchase,761
2026-09-24 22:35:50,user3,view,614
2026-09-24 22:35:51,user2,logout,945
2026-09-24 22:35:52,user2,search,906
2026-09-24 22:35:53,user4,search,695
2026-09-24 22:35:54,user2,search,370
2026-09-24 22:35:55,user3,view,664
2026-09-24 22:35:56,user4,view,175
2026-09-24 22:35:57,user5,logout,560
2026-09-24 22:35:58,user1,search,789
2026-09-24 22:35:59,user5,logout,221
2026-09-24 22:36:00,user4,search,992
2026-09-24 22:36:01,user1,search,356
2026-09-24 22:36:02,user4,search,430
2026-09-24 22:36:03,user1,login,181
2026-09-24 22:36:04,user2,login,510
2026-09-24 22:36:05,user3,purchase,904
2026-09-24 22:36:06,user3,logout,130
2026-09-24 22:36:07,user5,view,597
2026-09-24 22:36:08,user3,view,788
2026-09-24 22:36:09,user5,purchase,811
2026-09-24 22:36:10,user1,purchase,984
2026-09-24 22:36:11,user5,logout,169
2026-09-24 22:36:12,user2,logout,367
2026-09-24 22:36:13,user2,purchase,589
2026-09-24 22:36:14,user2,search,207
2026-09-24 22:36:15,user1,purchase,62
2026-09-24 22:36:16,user4,login,629
2026-09-24 22:36:17,user1,logout,169
2026-09-24 22:36:18,user1,logout,438
2026-09-24 22:36:19,user4,logout,437
2026-09-24 22:36:20,user5,purchase,475
2026-09-24 22:36:21,user2,search,794
2026-09-24 22:36:22,user2,login,721
2026-09-24 22:36:23,user1,login,806
2026-09-24 22:36:24,user4,purchase,380
2026-09-24 22:36:25,user5,view,598
2026-09-24 22:36:26,user3,search,129
2026-09-24 22:36:27,user1,logout,463
2026-09-24 22:36:28,user5,view,338
2026-09-24 22:36:29,user2,purchase,809
2026-09-24 22:36:30,user5,view,955
2026-09-24 22:36:31,user2,purchase,468
2026-09-24 22:36:32,user2,view,605
2026-09-24 22:36:33,user3,purchase,115
2026-09-24 22:36:34,user1,logout,597
2026-09-24 22:36:35,user2,logout,574
2026-09-24 22:36:36,user3,login,480
2026-09-24 22:36:37,user4,view,352
2026-09-24 22:36:38,user4,search,394
2026-09-24 22:36:39,user2,login,479
2026-09-24 22:36:40,user5,login,745
2026-09-24 22:36:41,user3,purchase,639
2026-09-24 22:36:42,user5,view,923
2026-09-24 22:36:43,user4,view,469
2026-09-24 22:36:44,user4,search,917
2026-09-24 22:36:45,user3,purchase,736
2026-09-24 22:36:46,user4,logout,746
2026-09-24 22:36:47,user5,view,909
2026-09-24 22:36:48,user2,search,960
2026-09-24 22:36:49,user4,purchase,851
2026-09-24 22:36:50,user4,login,978
2026-09-24 22:36:51,user2,view,754
2026-09-24 22:36:52,user2,view,902
2026-09-24 22:36:53,user4,login,187
2026-09-24 22:36:54,user1,view,774
2026-09-24 22:36:55,user5,logout,934
2026-09-24 22:36:56,user4,search,811
2026-09-24 22:36:57,user5,login,777
2026-09-24 22:36:58,user5,purchase,824
2026-09-24 22:36:59,user1,purchase,648
2026-09-24 22:37:00,user2,logout,272
2026-09-24 22:37:01,user4,logout,546
2026-09-24 22:37:02,user5,view,209
2026-09-24 22:37:03,user1,search,846
2026-09-24 22:37:04,user1,logout,331
2026-09-24 22:37:05,user4,login,405
2026-09-24 22:37:06,user1,search,284
2026-09-24 22:37:07,user1,view,829
2026-09-24 22:37:08,user4,logout,277
2026-09-24 22:37:09,user5,logout,899
2026-09-24 22:37:10,user1,login,421
2026-09-24 22:37:11,user3,search,290
2026-09-24 22:37:12,user1,logout,656
2026-09-24 22:37:13,user5,search,866
2026-09-24 22:37:14,user5,purchase,624
2026-09-24 22:37:15,user1,search,463
2026-09-24 22:37:16,user1,login,170
2026-09-24 22:37:17,user1,logout,717
2026-09-24 22:37:18,user3,purchase,144
2026-09-24 22:37:19,user4,search,649
2026-09-24 22:37:20,user5,view,804
2026-09-24 22:37:21,user1,search,829
2026-09-24 22:37:22,user5,search,471
2026-09-24 22:37:23,user2,view,953
2026-09-24 22:37:24,user1,search,378
2026-09-24 22:37:25,user3,view,100
2026-09-24 22:37:26,user2,search,136
2026-09-24 22:37:27,user5,search,778
2026-09-24 22:37:28,user1,view,486
2026-09-24 22:37:29,user3,purchase,914
2026-09-24 22:37:30,user4,purchase,517
2026-09-24 22:37:31,user5,purchase,261
2026-09-24 22:37:32,user3,logout,362
2026-09-24 22:37:33,user3,login,551
2026-09-24 22:37:34,user5,search,436
2026-09-24 22:37:35,user4,purchase,272
2026-09-24 22:37:36,user3,view,694
2026-09-24 22:37:37,user4,view,319
2026-09-24 22:37:38,user4,logout,960
2026-09-24 22:37:39,user1,login,928
2026-09-24 22:37:40,user1,view,849
2026-09-24 22:37:41,user1,search,508
2026-09-24 22:37:42,user5,logout,346
2026-09-24 22:37:43,user2,logout,440
2026-09-24 22:37:44,user3,logout,279
2026-09-24 22:37:45,user1,search,483
2026-09-24 22:37:46,user1,login,222
2026-09-24 22:37:47,user3,logout,790
2026-09-24 22:37:48,user3,view,191
2026-09-24 22:37:49,user3,search,576
2026-09-24 22:37:50,user1,view,298
2026-09-24 22:37:51,user3,search,655
2026-09-24 22:37:52,user2,login,54
2026-09-24 22:37:53,user2,purchase,542
2026-09-24 22:37:54,user5,view,834
2026-09-24 22:37:55,user1,login,106
2026-09-24 22:37:56,user4,view,597
2026-09-24 22:37:57,user1,search,453
2026-09-24 22:37:58,user3,purchase,924
2026-09-24 22:37:59,user2,login,274
2026-09-24 22:38:00,user2,logout,489
2026-09-24 22:38:01,user1,purchase,770
2026-09-24 22:38:02,user4,purchase,525
2026-09-24 22:38:03,user5,purchase,276
2026-09-24 22:38:04,user5,search,500
2026-09-24 22:38:05,user4,logout,79
2026-09-24 22:38:06,user4,view,766
2026-09-24 22:38:07,user3,view,847
2026-09-24 22:38:08,user4,view,517
2026-09-24 22:38:09,user1,view,199
2026-09-24 22:38:10,user3,purchase,868
2026-09-24 22:38:11,user5,view,480
2026-09-24 22:38:12,user2,view,933
2026-09-24 22:38:13,user1,purchase,183
2026-09-24 22:38:14,user1,search,733
2026-09-24 22:38:15,user1,logout,880
2026-09-24 22:38:16,user2,logout,51
2026-09-24 22:38:17,user4,view,184
2026-09-24 22:38:18,user2,view,100
2026-09-24 22:38:19,user1,logout,767
2026-09-24 22:38:20,user5,purchase,766
2026-09-24 22:38:21,user2,purchase,875
2026-09-24 22:38:22,user1,search,759
2026-09-24 22:38:23,user3,logout,125
2026-09-24 22:38:24,user3,logout,487
2026-09-24 22:38:25,user2,view,295
2026-09-24 22:38:26,user4,logout,917
2026-09-24 22:38:27,user2,purchase,699
2026-09-24 22:38:28,user3,purchase,772
2026-09-24 22:38:29,user1,search,481
2026-09-24 22:38:30,user4,view,202
2026-09-24 22:38:31,user5,logout,743
2026-09-24 22:38:32,user3,logout,183
2026-09-24 22:38:33,user5,search,221
2026-09-24 22:38:34,user1,search,627
2026-09-24 22:38:35,user5,view,552
2026-09-24 22:38:36,user4,logout,139
2026-09-24 22:38:37,user2,purchase,843
2026-09-24 22:38:38,user3,view,417
2026-09-24 22:38:39,user3,view,990
2026-09-24 22:38:40,user2,search,349
2026-09-24 22:38:41,user4,view,995
2026-09-24 22:38:42,user3,view,815
2026-09-24 22:38:43,user4,view,730
2026-09-24 22:38:44,user3,purchase,738
2026-09-24 22:38:45,user1,purchase,907
2026-09-24 22:38:46,user3,purchase,111
2026-09-24 22:38:47,user5,search,281
2026-09-24 22:38:48,user5,logout,656
2026-09-24 22:38:49,user2,view,631
2026-09-24 22:38:50,user1,purchase,273
2026-09-24 22:38:51,user4,login,84
2026-09-24 22:38:52,user1,logout,691
2026-09-24 22:38:53,user1,logout,93
2026-09-24 22:38:54,user1,login,559
2026-09-24 22:38:55,user2,purchase,256
2026-09-24 22:38:56,user3,search,714
2026-09-24 22:38:57,user5,search,937
2026-09-24 22:38:58,user2,search,870
2026-09-24 22:38:59,user1,login,989
2026-09-24 22:39:00,user1,search,570
2026-09-24 22:39:01,user3,login,392
2026-09-24 22:39:02,user2,search,193
2026-09-24 22:39:03,user5,search,221
2026-09-24 22:39:04,user3,login,234
2026-09-24 22:39:05,user3,login,205
2026-09-24 22:39:06,user5,view,416
2026-09-24 22:39:07,user5,login,224
2026-09-24 22:39:08,user5,purchase,200
2026-09-24 22:39:09,user5,purchase,88
2026-09-24 22:39:10,user2,view,459
2026-09-24 22:39:11,user2,search,952
2026-09-24 22:39:12,user4,search,312
2026-09-24 22:39:13,user2,view,830
2026-09-24 22:39:14,user4,view,268
2026-09-24 22:39:15,user4,login,120
2026-09-24 22:39:16,user3,view,140
2026-09-24 22:39:17,user3,view,519
2026-09-24 22:39:18,user1,purchase,340
2026-09-24 22:39:19,user2,login,461
2026-09-24 22:39:20,user5,search,345
2026-09-24 22:39:21,user3,search,134
2026-09-24 22:39:22,user1,view,127
2026-09-24 22:39:23,user3,login,482
2026-09-24 22:39:24,user1,logout,528
2026-09-24 22:39:25,user4,login,799
2026-09-24 22:39:26,user4,purchase,146
2026-09-24 22:39:27,user1,view,98
2026-09-24 22:39:28,user3,login,347
2026-09-24 22:39:29,user5,login,455
2026-09-24 22:39:30,user5,purchase,941
2026-09-24 22:39:31,user3,purchase,857
2026-09-24 22:39:32,user3,search,272
2026-09-24 22:39:33,user1,view,628
2026-09-24 22:39:34,user5,login,960
2026-09-24 22:39:35,user4,view,429
2026-09-24 22:39:36,user2,view,505
2026-09-24 22:39:37,user3,login,774
2026-09-24 22:39:38,user1,purchase,797
2026-09-24 22:39:39,user3,search,120
2026-09-24 22:39:40,user4,purchase,578
2026-09-24 22:39:41,user3,purchase,271
2026-09-24 22:39:42,user3,purchase,837
2026-09-24 22:39:43,user2,search,88
2026-09-24 22:39:44,user3,view,789
2026-09-24 22:39:45,user4,login,879
2026-09-24 22:39:46,user5,purchase,557
2026-09-24 22:39:47,user2,search,723
2026-09-24 22:39:48,user1,purchase,71
2026-09-24 22:39:49,user2,search,177
2026-09-24 22:39:50,user2,purchase,739
2026-09-24 22:39:51,user3,login,584
2026-09-24 22:39:52,user3,view,974
2026-09-24 22:39:53,user4,search,746
2026-09-24 22:39:54,user1,logout,789
2026-09-24 22:39:55,user2,login,938
2026-09-24 22:39:56,user2,view,974
2026-09-24 22:39:57,user4,purchase,179
2026-09-24 22:39:58,user2,logout,472
2026-09-24 22:39:59,user1,purchase,684
2026-09-24 22:40:00,user2,view,361
2026-09-24 22:40:01,user2,search,447
2026-09-24 22:40:02,user3,login,177
2026-09-24 22:40:03,user1,login,508
2026-09-24 22:40:04,user3,purchase,618
2026-09-24 22:40:05,user4,purchase,745
2026-09-24 22:40:06,user3,logout,181
2026-09-24 22:40:07,user2,view,808
2026-09-24 22:40:08,user3,view,681
2026-09-24 22:40:09,user3,purchase,538
2026-09-24 22:40:10,user1,login,482
2026-09-24 22:40:11,user3,purchase,963
2026-09-24 22:40:12,user2,login,83
2026-09-24 22:40:13,user1,view,548
2026-09-24 22:40:14,user1,view,634
2026-09-24 22:40:15,user2,search,278
2026-09-24 22:40:16,user2,purchase,820
2026-09-24 22:40:17,user2,view,219
2026-09-24 22:40:18,user5,logout,869
2026-09-24 22:40:19,user2,login,897
2026-09-24 22:40:20,user3,search,500
2026-09-24 22:40:21,user1,login,62
2026-09-24 22:40:22,user3,logout,618
2026-09-24 22:40:23,user3,search,926
2026-09-24 22:40:24,user5,logout,700
2026-09-24 22:40:25,user2,search,763
2026-09-24 22:40:26,user5,logout,572
2026-09-24 22:40:27,user4,view,356
2026-09-24 22:40:28,user3,login,218
2026-09-24 22:40:29,user3,login,233
2026-09-24 22:40:30,user1,search,188
2026-09-24 22:40:31,user4,purchase,987
2026-09-24 22:40:32,user2,view,208
2026-09-24 22:40:33,user1,view,457
2026-09-24 22:40:34,user3,login,980
2026-09-24 22:40:35,user3,logout,244
2026-09-24 22:40:36,user4,search,281
2026-09-24 22:40:37,user2,search,533
2026-09-24 22:40:38,user4,purchase,457
2026-09-24 22:40:39,user4,logout,211
2026-09-24 22:40:40,user3,login,124
2026-09-24 22:40:41,user5,search,351
2026-09-24 22:40:42,user3,view,453
2026-09-24 22:40:43,user4,purchase,112
2026-09-24 22:40:44,user5,view,537
2026-09-24 22:40:45,user4,search,335
2026-09-24 22:40:46,user2,purchase,95
2026-09-24 22:40:47,user4,login,675
2026-09-24 22:40:48,user3,view,825
2026-09-24 22:40:49,user2,purchase,505
2026-09-24 22:40:50,user3,login,589
2026-09-24 22:40:51,user1,view,566
2026-09-24 22:40:52,user2,logout,112
2026-09-24 22:40:53,user4,search,104
2026-09-24 22:40:54,user2,logout,60
2026-09-24 22:40:55,user5,purchase,401
2026-09-24 22:40:56,user4,search,570
2026-09-24 22:40:57,user2,view,251
2026-09-24 22:40:58,user5,search,580
2026-09-24 22:40:59,user4,purchase,134
2026-09-24 22:41:00,user4,logout,89
2026-09-24 22:41:01,user2,view,363
2026-09-24 22:41:02,user3,logout,606
2026-09-24 22:41:03,user5,purchase,806
2026-09-24 22:41:04,user3,logout,568
2026-09-24 22:41:05,user5,purchase,690
2026-09-24 22:41:06,user2,login,536
2026-09-24 22:41:07,user5,search,869
2026-09-24 22:41:08,user1,logout,424
2026-09-24 22:41:09,user1,view,726
2026-09-24 22:41:10,user5,view,252
2026-09-24 22:41:11,user1,search,925
2026-09-24 22:41:12,user1,purchase,807
2026-09-24 22:41:13,user2,logout,515
2026-09-24 22:41:14,user2,logout,106
2026-09-24 22:41:15,user5,logout,887
2026-09-24 22:41:16,user4,login,121
2026-09-24 22:41:17,user4,search,645
2026-09-24 22:41:18,user1,view,517
2026-09-24 22:41:19,user1,login,964
2026-09-24 22:41:20,user5,search,329
2026-09-24 22:41:21,user4,purchase,457
2026-09-24 22:41:22,user4,login,516
2026-09-24 22:41:23,user2,logout,826
2026-09-24 22:41:24,user3,purchase,467
2026-09-24 22:41:25,user1,login,257
2026-09-24 22:41:26,user3,purchase,495
2026-09-24 22:41:27,user1,search,444
2026-09-24 22:41:28,user3,logout,972
2026-09-24 22:41:29,user4,view,832
2026-09-24 22:41:30,user3,login,327
2026-09-24 22:41:31,user2,logout,354
2026-09-24 22:41:32,user5,logout,432
2026-09-24 22:41:33,user2,login,565
2026-09-24 22:41:34,user3,logout,390
2026-09-24 22:41:35,user5,logout,902
2026-09-24 22:41:36,user5,view,85
2026-09-24 22:41:37,user3,view,983
2026-09-24 22:41:38,user1,login,643
2026-09-24 22:41:39,user5,login,816
2026-09-24 22:41:40,user1,view,841
2026-09-24 22:41:41,user1,login,755
2026-09-24 22:41:42,user2,logout,574
2026-09-24 22:41:43,user5,logout,550
2026-09-24 22:41:44,user1,login,396
2026-09-24 22:41:45,user3,view,461
2026-09-24 22:41:46,user5,purchase,656
2026-09-24 22:41:47,user4,purchase,440
2026-09-24 22:41:48,user4,logout,476
2026-09-24 22:41:49,user3,logout,407
2026-09-24 22:41:50,user5,search,668
2026-09-24 22:41:51,user3,view,56
2026-09-24 22:41:52,user5,view,716
2026-09-24 22:41:53,user3,search,518
2026-09-24 22:41:54,user3,purchase,631
2026-09-24 22:41:55,user2,search,659
2026-09-24 22:41:56,user3,logout,702
2026-09-24 22:41:57,user5,login,764
2026-09-24 22:41:58,user1,view,678
2026-09-24 22:41:59,user1,view,269
2026-09-24 22:42:00,user3,login,541
2026-09-24 22:42:01,user5,search,89
2026-09-24 22:42:02,user5,login,908
2026-09-24 22:42:03,user3,search,177
2026-09-24 22:42:04,user4,search,712
2026-09-24 22:42:05,user2,login,353
2026-09-24 22:42:06,user2,logout,431
2026-09-24 22:42:07,user3,search,59
2026-09-24 22:42:08,user1,login,201
2026-09-24 22:42:09,user5,logout,445
2026-09-24 22:42:10,user3,purchase,355
2026-09-24 22:42:11,user3,logout,788
2026-09-24 22:42:12,user2,view,785
2026-09-24 22:42:13,user1,search,319
2026-09-24 22:42:14,user2,purchase,616
2026-09-24 22:42:15,user2,purchase,58
2026-09-24 22:42:16,user2,purchase,90
2026-09-24 22:42:17,user3,purchase,602
2026-09-24 22:42:18,user2,search,103
2026-09-24 22:42:19,user5,view,332
2026-09-24 22:42:20,user4,logout,535
2026-09-24 22:42:21,user5,login,671
2026-09-24 22:42:22,user4,login,797
2026-09-24 22:42:23,user5,purchase,317
2026-09-24 22:42:24,user4,login,99
2026-09-24 22:42:25,user2,logout,735
2026-09-24 22:42:26,user5,purchase,55
2026-09-24 22:42:27,user5,login,457
2026-09-24 22:42:28,user4,search,310
2026-09-24 22:42:29,user2,view,194
2026-09-24 22:42:30,user2,logout,656
2026-09-24 22:42:31,user2,view,367
2026-09-24 22:42:32,user4,login,569
2026-09-24 22:42:33,user4,view,570
2026-09-24 22:42:34,user4,logout,190
2026-09-24 22:42:35,user2,search,897
2026-09-24 22:42:36,user4,logout,285
2026-09-24 22:42:37,user5,purchase,298
2026-09-24 22:42:38,user1,purchase,524
2026-09-24 22:42:39,user2,view,269
2026-09-24 22:42:40,user2,view,346
2026-09-24 22:42:41,user4,search,520
2026-09-24 22:42:42,user2,purchase,891
2026-09-24 22:42:43,user4,logout,72
2026-09-24 22:42:44,user2,purchase,897
2026-09-24 22:42:45,user5,search,664
2026-09-24 22:42:46,user1,login,758
2026-09-24 22:42:47,user1,view,500
2026-09-24 22:42:48,user1,search,673
2026-09-24 22:42:49,user2,view,807
2026-09-24 22:42:50,user5,purchase,266
2026-09-24 22:42:51,user2,login,343
2026-09-24 22:42:52,user2,purchase,481
2026-09-24 22:42:53,user1,view,212
2026-09-24 22:42:54,user3,login,837
2026-09-24 22:42:55,user4,logout,682
2026-09-24 22:42:56,user4,logout,153
2026-09-24 22:42:57,user4,login,208
2026-09-24 22:42:58,user1,purchase,239
2026-09-24 22:42:59,user2,search,209
2026-09-24 22:43:00,user1,logout,362
2026-09-24 22:43:01,user1,search,665
2026-09-24 22:43:02,user3,purchase,215
2026-09-24 22:43:03,user3,purchase,943
2026-09-24 22:43:04,user5,search,558
2026-09-24 22:43:05,user4,login,340
2026-09-24 22:43:06,user5,purchase,969
2026-09-24 22:43:07,user2,search,664
2026-09-24 22:43:08,user5,logout,988
2026-09-24 22:43:09,user4,login,203
2026-09-24 22:43:10,user2,search,614
2026-09-24 22:43:11,user5,view,835
2026-09-24 22:43:12,user3,login,75
2026-09-24 22:43:13,user4,logout,554
2026-09-24 22:43:14,user5,logout,904
2026-09-24 22:43:15,user4,logout,577
2026-09-24 22:43:16,user5,search,986
2026-09-24 22:43:17,user5,search,587
2026-09-24 22:43:18,user1,logout,844
2026-09-24 22:43:19,user1,logout,765
2026-09-24 22:43:20,user3,purchase,858
2026-09-24 22:43:21,user4,view,250
2026-09-24 22:43:22,user5,logout,541
2026-09-24 22:43:23,user3,logout,870
2026-09-24 22:43:24,user4,search,917
2026-09-24 22:43:25,user3,view,445
2026-09-24 22:43:26,user3,view,88
2026-09-24 22:43:27,user3,logout,403
2026-09-24 22:43:28,user4,view,571
2026-09-24 22:43:29,user2,view,171
2026-09-24 22:43:30,user1,view,294
2026-09-24 22:43:31,user5,logout,803
2026-09-24 22:43:32,user2,logout,432
2026-09-24 22:43:33,user4,search,529
2026-09-24 22:43:34,user5,search,349
2026-09-24 22:43:35,user3,logout,518
2026-09-24 22:43:36,user3,logout,649
2026-09-24 22:43:37,user1,logout,200
2026-09-24 22:43:38,user4,logout,351
2026-09-24 22:43:39,user5,login,805
2026-09-24 22:43:40,user2,login,284
2026-09-24 22:43:41,user3,view,244
2026-09-24 22:43:42,user1,logout,92
2026-09-24 22:43:43,user5,logout,987
2026-09-24 22:43:44,user4,login,311
2026-09-24 22:43:45,user2,logout,877
2026-09-24 22:43:46,user5,search,180
2026-09-24 22:43:47,user2,search,541
2026-09-24 22:43:48,user2,logout,259
2026-09-24 22:43:49,user3,view,884
2026-09-24 22:43:50,user3,purchase,979
2026-09-24 22:43:51,user1,view,993
2026-09-24 22:43:52,user3,logout,353
2026-09-24 22:43:53,user3,purchase,769
2026-09-24 22:43:54,user3,logout,555
2026-09-24 22:43:55,user4,search,452
2026-09-24 22:43:56,user2,search,496
2026-09-24 22:43:57,user4,logout,491
2026-09-24 22:43:58,user1,view,580
2026-09-24 22:43:59,user3,view,254
2026-09-24 22:44:00,user5,purchase,253
2026-09-24 22:44:01,user5,logout,124
2026-09-24 22:44:02,user1,login,800
2026-09-24 22:44:03,user3,view,85
2026-09-24 22:44:04,user4,purchase,370
2026-09-24 22:44:05,user2,login,177
2026-09-24 22:44:06,user4,purchase,137
2026-09-24 22:44:07,user4,purchase,281
2026-09-24 22:44:08,user3,search,185
2026-09-24 22:44:09,user3,view,355
2026-09-24 22:44:10,user2,logout,981
2026-09-24 22:44:11,user4,logout,909
2026-09-24 22:44:12,user4,purchase,239
2026-09-24 22:44:13,user4,search,276
2026-09-24 22:44:14,user3,search,358
2026-09-24 22:44:15,user3,view,980
2026-09-24 22:44:16,user3,view,755
2026-09-24 22:44:17,user3,purchase,739
2026-09-24 22:44:18,user3,view,101
2026-09-24 22:44:19,user4,view,782
2026-09-24 22:44:20,user4,purchase,691
2026-09-24 22:44:21,user2,logout,846
2026-09-24 22:44:22,user1,search,688
2026-09-24 22:44:23,user5,logout,254
2026-09-24 22:44:24,user4,search,122
2026-09-24 22:44:25,user5,logout,381
2026-09-24 22:44:26,user4,login,362
2026-09-24 22:44:27,user1,purchase,391
2026-09-24 22:44:28,user5,purchase,200
2026-09-24 22:44:29,user3,logout,235
2026-09-24 22:44:30,user2,view,700
2026-09-24 22:44:31,user1,logout,388
2026-09-24 22:44:32,user3,search,498
2026-09-24 22:44:33,user2,view,550
2026-09-24 22:44:34,user1,view,149
2026-09-24 22:44:35,user4,purchase,684
2026-09-24 22:44:36,user2,search,74
2026-09-24 22:44:37,user4,view,190
2026-09-24 22:44:38,user1,view,728
2026-09-24 22:44:39,user5,view,435
2026-09-24 22:44:40,user3,view,386
2026-09-24 22:44:41,user4,purchase,501
2026-09-24 22:44:42,user3,search,466
2026-09-24 22:44:43,user4,view,945
2026-09-24 22:44:44,user4,login,563
2026-09-24 22:44:45,user5,logout,762
2026-09-24 22:44:46,user1,login,533
2026-09-24 22:44:47,user3,search,665
2026-09-24 22:44:48,user1,search,334
2026-09-24 22:44:49,user3,search,132
2026-09-24 22:44:50,user5,search,194
2026-09-24 22:44:51,user1,purchase,299
2026-09-24 22:44:52,user4,search,695
2026-09-24 22:44:53,user4,search,541
2026-09-24 22:44:54,user4,view,968
2026-09-24 22:44:55,user5,purchase,444
2026-09-24 22:44:56,user4,search,609
2026-09-24 22:44:57,user2,login,51
2026-09-24 22:44:58,user4,view,475
2026-09-24 22:44:59,user2,view,859
2026-09-24 22:45:00,user3,login,392
2026-09-24 22:45:01,user4,logout,499
2026-09-24 22:45:02,user2,login,420
2026-09-24 22:45:03,user1,logout,379
2026-09-24 22:45:04,user2,search,146
2026-09-24 22:45:05,user2,purchase,621
2026-09-24 22:45:06,user5,logout,289
2026-09-24 22:45:07,user4,login,223
2026-09-24 22:45:08,user5,search,577
2026-09-24 22:45:09,user5,view,463
2026-09-24 22:45:10,user4,purchase,359
2026-09-24 22:45:11,user3,search,519
2026-09-24 22:45:12,user2,purchase,211
2026-09-24 22:45:13,user3,purchase,333
2026-09-24 22:45:14,user2,login,333
2026-09-24 22:45:15,user3,search,644
2026-09-24 22:45:16,user5,purchase,158
2026-09-24 22:45:17,user5,purchase,632
2026-09-24 22:45:18,user5,purchase,498
2026-09-24 22:45:19,user5,login,85
2026-09-24 22:45:20,user5,purchase,577
2026-09-24 22:45:21,user2,view,842
2026-09-24 22:45:22,user3,logout,690
2026-09-24 22:45:23,user2,logout,395
2026-09-24 22:45:24,user2,view,457
2026-09-24 22:45:25,user1,purchase,770
2026-09-24 22:45:26,user4,login,474
2026-09-24 22:45:27,user4,login,889
2026-09-24 22:45:28,user4,view,660
2026-09-24 22:45:29,user2,logout,184
2026-09-24 22:45:30,user5,purchase,858
2026-09-24 22:45:31,user5,login,993
2026-09-24 22:45:32,user4,purchase,673
2026-09-24 22:45:33,user5,login,833
2026-09-24 22:45:34,user5,view,89
2026-09-24 22:45:35,user5,logout,243
2026-09-24 22:45:36,user5,logout,536
2026-09-24 22:45:37,user3,logout,749
2026-09-24 22:45:38,user4,login,830
2026-09-24 22:45:39,user5,view,839
2026-09-24 22:45:40,user5,logout,105
2026-09-24 22:45:41,user1,logout,107
2026-09-24 22:45:42,user4,search,402
2026-09-24 22:45:43,user2,search,879
2026-09-24 22:45:44,user2,search,974
2026-09-24 22:45:45,user5,view,124
2026-09-24 22:45:46,user5,logout,726
2026-09-24 22:45:47,user1,logout,712
2026-09-24 22:45:48,user2,purchase,53
2026-09-24 22:45:49,user3,logout,175
2026-09-24 22:45:50,user4,purchase,652
2026-09-24 22:45:51,user4,view,289
2026-09-24 22:45:52,user4,purchase,645
2026-09-24 22:45:53,user1,logout,247
2026-09-24 22:45:54,user4,view,146
2026-09-24 22:45:55,user5,logout,534
2026-09-24 22:45:56,user4,purchase,651
2026-09-24 22:45:57,user4,purchase,572
2026-09-24 22:45:58,user5,view,905
2026-09-24 22:45:59,user3,view,187
2026-09-24 22:46:00,user3,purchase,153
2026-09-24 22:46:01,user1,search,282
2026-09-24 22:46:02,user1,purchase,865
2026-09-24 22:46:03,user2,view,168
2026-09-24 22:46:04,user4,view,609
2026-09-24 22:46:05,user3,search,522
2026-09-24 22:46:06,user1,logout,191
2026-09-24 22:46:07,user5,view,741
2026-09-24 22:46:08,user3,search,99
2026-09-24 22:46:09,user4,search,196
2026-09-24 22:46:10,user5,search,267
2026-09-24 22:46:11,user4,logout,565
2026-09-24 22:46:12,user1,login,86
2026-09-24 22:46:13,user4,logout,293
2026-09-24 22:46:14,user1,login,430
2026-09-24 22:46:15,user4,view,843
2026-09-24 22:46:16,user4,view,174
2026-09-24 22:46:17,user4,search,524
2026-09-24 22:46:18,user2,search,485
2026-09-24 22:46:19,user4,view,555
2026-09-24 22:46:20,user5,purchase,350
2026-09-24 22:46:21,user2,login,771
2026-09-24 22:46:22,user4,view,973
2026-09-24 22:46:23,user1,search,284
2026-09-24 22:46:24,user1,purchase,701
2026-09-24 22:46:25,user4,login,970
2026-09-24 22:46:26,user5,purchase,753
2026-09-24 22:46:27,user4,logout,246
2026-09-24 22:46:28,user3,login,791
2026-09-24 22:46:29,user2,search,741
2026-09-24 22:46:30,user4,login,152
2026-09-24 22:46:31,user4,logout,252
2026-09-24 22:46:32,user4,view,134
2026-09-24 22:46:33,user2,purchase,544
2026-09-24 22:46:34,user2,view,570
2026-09-24 22:46:35,user1,view,195
2026-09-24 22:46:36,user1,view,285
2026-09-24 22:46:37,user2,search,559
2026-09-24 22:46:38,user5,search,506
2026-09-24 22:46:39,user1,purchase,449
2026-09-24 22:46:40,user3,view,338
2026-09-24 22:46:41,user2,logout,823
2026-09-24 22:46:42,user3,purchase,148
2026-09-24 22:46:43,user5,logout,661
2026-09-24 22:46:44,user1,logout,464
2026-09-24 22:46:45,user5,purchase,323
2026-09-24 22:46:46,user3,logout,405
2026-09-24 22:46:47,user2,view,650
2026-09-24 22:46:48,user3,search,871
2026-09-24 22:46:49,user2,logout,637
2026-09-24 22:46:50,user1,login,120
2026-09-24 22:46:51,user5,purchase,234
2026-09-24 22:46:52,user2,logout,697
2026-09-24 22:46:53,user1,purchase,656
2026-09-24 22:46:54,user4,view,741
2026-09-24 22:46:55,user4,login,569
2026-09-24 22:46:56,user2,search,863
2026-09-24 22:46:57,user4,view,583
2026-09-24 22:46:58,user5,search,933
2026-09-24 22:46:59,user4,view,624
2026-09-24 22:47:00,user5,login,842
2026-09-24 22:47:01,user3,purchase,466
2026-09-24 22:47:02,user1,login,269
2026-09-24 22:47:03,user3,login,476
2026-09-24 22:47:04,user2,logout,644
2026-09-24 22:47:05,user4,logout,236
2026-09-24 22:47:06,user5,login,231
2026-09-24 22:47:07,user1,login,986
2026-09-24 22:47:08,user5,purchase,344
2026-09-24 22:47:09,user2,login,135
2026-09-24 22:47:10,user5,purchase,716
2026-09-24 22:47:11,user4,logout,552
2026-09-24 22:47:12,user2,view,354
2026-09-24 22:47:13,user1,login,308
2026-09-24 22:47:14,user4,login,277
2026-09-24 22:47:15,user5,view,981
2026-09-24 22:47:16,user2,view,813
2026-09-24 22:47:17,user1,logout,207
2026-09-24 22:47:18,user1,purchase,685
2026-09-24 22:47:19,user5,logout,363
2026-09-24 22:47:20,user5,view,70
2026-09-24 22:47:21,user5,view,399
2026-09-24 22:47:22,user1,view,755
2026-09-24 22:47:23,user2,view,436
2026-09-24 22:47:24,user5,purchase,347
2026-09-24 22:47:25,user5,purchase,606
2026-09-24 22:47:26,user4,login,438
2026-09-24 22:47:27,user1,search,501
2026-09-24 22:47:28,user1,purchase,873
2026-09-24 22:47:29,user2,login,628
2026-09-24 22:47:30,user3,logout,697
2026-09-24 22:47:31,user4,logout,560
2026-09-24 22:47:32,user2,logout,914
2026-09-24 22:47:33,user2,view,140
2026-09-24 22:47:34,user1,search,298
2026-09-24 22:47:35,user3,logout,233
2026-09-24 22:47:36,user4,search,404
2026-09-24 22:47:37,user4,logout,130
2026-09-24 22:47:38,user4,purchase,482
2026-09-24 22:47:39,user2,purchase,130
2026-09-24 22:47:40,user3,login,811
2026-09-24 22:47:41,user5,logout,449
2026-09-24 22:47:42,user3,purchase,142
2026-09-24 22:47:43,user2,logout,171
2026-09-24 22:47:44,user4,login,953
2026-09-24 22:47:45,user5,purchase,416
2026-09-24 22:47:46,user1,view,560
2026-09-24 22:47:47,user2,search,317
2026-09-24 22:47:48,user3,view,977
2026-09-24 22:47:49,user3,purchase,925
2026-09-24 22:47:50,user3,login,282
2026-09-24 22:47:51,user4,purchase,624
2026-09-24 22:47:52,user5,view,181
2026-09-24 22:47:53,user2,logout,406
2026-09-24 22:47:54,user4,login,716
2026-09-24 22:47:55,user2,search,538
2026-09-24 22:47:56,user5,view,474
2026-09-24 22:47:57,user2,purchase,158
2026-09-24 22:47:58,user1,view,979
2026-09-24 22:47:59,user4,logout,880
2026-09-24 22:48:00,user3,logout,557
2026-09-24 22:48:01,user5,login,376
2026-09-24 22:48:02,user3,view,762
2026-09-24 22:48:03,user1,search,614
2026-09-24 22:48:04,user5,purchase,997
2026-09-24 22:48:05,user2,login,797
2026-09-24 22:48:06,user2,login,418
2026-09-24 22:48:07,user2,search,527
2026-09-24 22:48:08,user3,login,717
2026-09-24 22:48:09,user2,search,293
2026-09-24 22:48:10,user5,logout,340
2026-09-24 22:48:11,user4,view,785
2026-09-24 22:48:12,user4,logout,260
2026-09-24 22:48:13,user1,view,801
2026-09-24 22:48:14,user2,logout,459
2026-09-24 22:48:15,user5,logout,603
2026-09-24 22:48:16,user3,purchase,436
2026-09-24 22:48:17,user1,logout,747
2026-09-24 22:48:18,user1,logout,624
2026-09-24 22:48:19,user5,purchase,854
2026-09-24 22:48:20,user1,purchase,942
2026-09-24 22:48:21,user1,search,247
2026-09-24 22:48:22,user3,login,801
2026-09-24 22:48:23,user3,view,790
2026-09-24 22:48:24,user1,purchase,493
2026-09-24 22:48:25,user2,login,356
2026-09-24 22:48:26,user2,login,452
2026-09-24 22:48:27,user4,view,325
2026-09-24 22:48:28,user4,login,210
2026-09-24 22:48:29,user2,search,556
2026-09-24 22:48:30,user5,search,757
2026-09-24 22:48:31,user4,purchase,152
2026-09-24 22:48:32,user2,login,269
2026-09-24 22:48:33,user1,purchase,547
2026-09-24 22:48:34,user2,purchase,681
2026-09-24 22:48:35,user2,view,984
2026-09-24 22:48:36,user3,view,156
2026-09-24 22:48:37,user3,view,120
2026-09-24 22:48:38,user4,logout,857
2026-09-24 22:48:39,user2,logout,861
2026-09-24 22:48:40,user5,logout,349
2026-09-24 22:48:41,user5,purchase,981
2026-09-24 22:48:42,user5,view,479
2026-09-24 22:48:43,user5,purchase,55
2026-09-24 22:48:44,user5,logout,592
2026-09-24 22:48:45,user5,login,178
2026-09-24 22:48:46,user1,purchase,315
2026-09-24 22:48:47,user5,logout,408
2026-09-24 22:48:48,user3,purchase,83
2026-09-24 22:48:49,user4,logout,965
2026-09-24 22:48:50,user2,login,882
2026-09-24 22:48:51,user2,login,908
2026-09-24 22:48:52,user5,search,468
2026-09-24 22:48:53,user2,search,135
2026-09-24 22:48:54,user3,login,482
2026-09-24 22:48:55,user1,purchase,329
2026-09-24 22:48:56,user4,login,277
2026-09-24 22:48:57,user3,purchase,773
2026-09-24 22:48:58,user4,logout,621
2026-09-24 22:48:59,user3,logout,987
2026-09-24 22:49:00,user2,purchase,330
2026-09-24 22:49:01,user1,purchase,274
2026-09-24 22:49:02,user5,view,871
2026-09-24 22:49:03,user4,login,56
2026-09-24 22:49:04,user3,search,814
2026-09-24 22:49:05,user1,view,647
2026-09-24 22:49:06,user3,purchase,68
2026-09-24 22:49:07,user5,login,628
2026-09-24 22:49:08,user1,view,432
2026-09-24 22:49:09,user3,view,910
2026-09-24 22:49:10,user2,search,859
2026-09-24 22:49:11,user2,search,86
2026-09-24 22:49:12,user1,logout,619
2026-09-24 22:49:13,user3,purchase,907
2026-09-24 22:49:14,user3,purchase,559
2026-09-24 22:49:15,user3,login,775
2026-09-24 22:49:16,user1,view,561
2026-09-24 22:49:17,user1,logout,361
2026-09-24 22:49:18,user3,view,779
2026-09-24 22:49:19,user3,search,554
2026-09-24 22:49:20,user1,login,633
2026-09-24 22:49:21,user2,login,649
2026-09-24 22:49:22,user1,login,346
2026-09-24 22:49:23,user5,login,918
2026-09-24 22:49:24,user5,view,999
2026-09-24 22:49:25,user5,search,984
2026-09-24 22:49:26,user1,view,959
2026-09-24 22:49:27,user5,logout,884
2026-09-24 22:49:28,user5,login,50
2026-09-24 22:49:29,user4,view,833
2026-09-24 22:49:30,user3,view,164
2026-09-24 22:49:31,user5,purchase,631
2026-09-24 22:49:32,user1,search,265
2026-09-24 22:49:33,user5,search,541
2026-09-24 22:49:34,user2,login,640
2026-09-24 22:49:35,user1,search,969
2026-09-24 22:49:36,user4,view,339
2026-09-24 22:49:37,user4,logout,721
2026-09-24 22:49:38,user1,logout,545
2026-09-24 22:49:39,user4,search,528
2026-09-24 22:49:40,user2,search,819
2026-09-24 22:49:41,user3,purchase,166
2026-09-24 22:49:42,user5,logout,579
2026-09-24 22:49:43,user4,purchase,279
2026-09-24 22:49:44,user4,logout,825
2026-09-24 22:49:45,user1,view,574
2026-09-24 22:49:46,user3,logout,50
2026-09-24 22:49:47,user4,search,971
2026-09-24 22:49:48,user1,search,271
2026-09-24 22:49:49,user1,view,107
2026-09-24 22:49:50,user5,view,795
2026-09-24 22:49:51,user5,purchase,773
2026-09-24 22:49:52,user1,search,417
2026-09-24 22:49:53,user4,purchase,849
2026-09-24 22:49:54,user2,login,517
2026-09-24 22:49:55,user4,view,127
2026-09-24 22:49:56,user4,logout,612
2026-09-24 22:49:57,user3,logout,272
2026-09-24 22:49:58,user5,logout,904
2026-09-24 22:49:59,user5,login,955
2026-09-24 22:50:00,user4,login,264
2026-09-24 22:50:01,user4,purchase,568
2026-09-24 22:50:02,user2,search,82
2026-09-24 22:50:03,user5,purchase,443
2026-09-24 22:50:04,user1,purchase,835
2026-09-24 22:50:05,user3,search,216
2026-09-24 22:50:06,user1,login,915
2026-09-24 22:50:07,user3,logout,293
2026-09-24 22:50:08,user4,search,597
2026-09-24 22:50:09,user2,logout,738
2026-09-24 22:50:10,user1,search,460
2026-09-24 22:50:11,user3,view,941
2026-09-24 22:50:12,user3,purchase,807
2026-09-24 22:50:13,user2,login,763
2026-09-24 22:50:14,user5,logout,300
2026-09-24 22:50:15,user3,purchase,290
2026-09-24 22:50:16,user3,purchase,733
2026-09-24 22:50:17,user5,view,676
2026-09-24 22:50:18,user3,view,429
2026-09-24 22:50:19,user1,search,241
2026-09-24 22:50:20,user5,purchase,290
2026-09-24 22:50:21,user5,logout,917
2026-09-24 22:50:22,user5,login,258
2026-09-24 22:50:23,user1,purchase,960
2026-09-24 22:50:24,user3,view,559
2026-09-24 22:50:25,user5,logout,889
2026-09-24 22:50:26,user4,view,465
2026-09-24 22:50:27,user3,logout,519
2026-09-24 22:50:28,user3,view,82
2026-09-24 22:50:29,user2,logout,955
2026-09-24 22:50:30,user2,logout,834
2026-09-24 22:50:31,user2,purchase,497
2026-09-24 22:50:32,user4,login,690
2026-09-24 22:50:33,user2,logout,218
2026-09-24 22:50:34,user1,search,753
2026-09-24 22:50:35,user5,search,117
2026-09-24 22:50:36,user5,view,546
2026-09-24 22:50:37,user3,logout,227
2026-09-24 22:50:38,user3,login,603
2026-09-24 22:50:39,user4,logout,376
2026-09-24 22:50:40,user5,login,179
2026-09-24 22:50:41,user3,logout,238
2026-09-24 22:50:42,user4,purchase,310
2026-09-24 22:50:43,user3,login,876
2026-09-24 22:50:44,user5,purchase,101
2026-09-24 22:50:45,user1,purchase,470
2026-09-24 22:50:46,user1,view,157
2026-09-24 22:50:47,user4,login,912
2026-09-24 22:50:48,user1,purchase,710
2026-09-24 22:50:49,user1,purchase,185
2026-09-24 22:50:50,user2,login,243
2026-09-24 22:50:51,user4,logout,254
2026-09-24 22:50:52,user2,login,864
2026-09-24 22:50:53,user2,purchase,877
2026-09-24 22:50:54,user3,logout,53
2026-09-24 22:50:55,user5,purchase,532
2026-09-24 22:50:56,user3,search,898
2026-09-24 22:50:57,user1,purchase,567
2026-09-24 22:50:58,user3,logout,379
2026-09-24 22:50:59,user5,purchase,961
2026-09-24 22:51:00,user1,logout,364
2026-09-24 22:51:01,user3,view,853
2026-09-24 22:51:02,user4,login,257
2026-09-24 22:51:03,user2,view,700
2026-09-24 22:51:04,user3,purchase,499
2026-09-24 22:51:05,user3,logout,839
2026-09-24 22:51:06,user5,view,205
2026-09-24 22:51:07,user5,search,713
2026-09-24 22:51:08,user4,login,908
2026-09-24 22:51:09,user3,view,52
2026-09-24 22:51:10,user3,logout,701
2026-09-24 22:51:11,user3,logout,426
2026-09-24 22:51:12,user3,logout,297
2026-09-24 22:51:13,user5,purchase,899
2026-09-24 22:51:14,user5,login,846
2026-09-24 22:51:15,user3,logout,927
2026-09-24 22:51:16,user1,search,656
2026-09-24 22:51:17,user1,login,378
2026-09-24 22:51:18,user4,search,413
2026-09-24 22:51:19,user4,login,519
2026-09-24 22:51:20,user3,purchase,830
2026-09-24 22:51:21,user5,view,602
2026-09-24 22:51:22,user2,search,563
2026-09-24 22:51:23,user5,purchase,930
2026-09-24 22:51:24,user3,purchase,245
2026-09-24 22:51:25,user4,view,150
2026-09-24 22:51:26,user5,view,714
2026-09-24 22:51:27,user4,search,185
2026-09-24 22:51:28,user5,login,542
2026-09-24 22:51:29,user3,purchase,332
2026-09-24 22:51:30,user3,view,66
2026-09-24 22:51:31,user3,logout,342
2026-09-24 22:51:32,user3,login,444
2026-09-24 22:51:33,user1,search,797
2026-09-24 22:51:34,user4,search,328
2026-09-24 22:51:35,user3,view,365
2026-09-24 22:51:36,user1,logout,936
2026-09-24 22:51:37,user4,purchase,416
2026-09-24 22:51:38,user4,view,477
2026-09-24 22:51:39,user5,login,525
2026-09-24 22:51:40,user3,login,415
2026-09-24 22:51:41,user2,view,378
2026-09-24 22:51:42,user4,view,105
2026-09-24 22:51:43,user5,logout,112
2026-09-24 22:51:44,user5,logout,565
2026-09-24 22:51:45,user4,search,980
2026-09-24 22:51:46,user4,search,788
2026-09-24 22:51:47,user3,purchase,162
2026-09-24 22:51:48,user3,logout,438
2026-09-24 22:51:49,user4,login,741
2026-09-24 22:51:50,user4,logout,84
2026-09-24 22:51:51,user3,login,244
2026-09-24 22:51:52,user2,login,990
2026-09-24 22:51:53,user1,view,76
2026-09-24 22:51:54,user5,purchase,693
2026-09-24 22:51:55,user1,view,951
2026-09-24 22:51:56,user1,logout,980
2026-09-24 22:51:57,user5,logout,410
2026-09-24 22:51:58,user4,view,803
2026-09-24 22:51:59,user1,search,552
2026-09-24 22:52:00,user3,view,216
2026-09-24 22:52:01,user5,purchase,998
2026-09-24 22:52:02,user5,login,593
2026-09-24 22:52:03,user3,login,275
2026-09-24 22:52:04,user1,view,860
2026-09-24 22:52:05,user3,purchase,889
2026-09-24 22:52:06,user1,purchase,729
2026-09-24 22:52:07,user2,purchase,730
2026-09-24 22:52:08,user2,search,61
2026-09-24 22:52:09,user3,purchase,689
2026-09-24 22:52:10,user5,view,317
2026-09-24 22:52:11,user3,purchase,999
2026-09-24 22:52:12,user4,purchase,713
2026-09-24 22:52:13,user1,login,774
2026-09-24 22:52:14,user5,login,783
2026-09-24 22:52:15,user5,view,814
2026-09-24 22:52:16,user5,view,845
2026-09-24 22:52:17,user2,search,618
2026-09-24 22:52:18,user1,view,862
2026-09-24 22:52:19,user4,purchase,764
2026-09-24 22:52:20,user5,login,591
2026-09-24 22:52:21,user3,logout,396
2026-09-24 22:52:22,user3,view,858
2026-09-24 22:52:23,user3,search,740
2026-09-24 22:52:24,user4,view,288
2026-09-24 22:52:25,user3,view,604
2026-09-24 22:52:26,user4,view,226
2026-09-24 22:52:27,user2,view,417
2026-09-24 22:52:28,user1,search,97
2026-09-24 22:52:29,user4,view,619
2026-09-24 22:52:30,user5,login,303
2026-09-24 22:52:31,user5,purchase,600
2026-09-24 22:52:32,user4,login,602
2026-09-24 22:52:33,user5,logout,700
2026-09-24 22:52:34,user4,login,611
2026-09-24 22:52:35,user3,search,793
2026-09-24 22:52:36,user4,search,304
2026-09-24 22:52:37,user1,search,899
2026-09-24 22:52:38,user3,search,184
2026-09-24 22:52:39,user3,search,102
2026-09-24 22:52:40,user2,logout,657
2026-09-24 22:52:41,user5,login,197
2026-09-24 22:52:42,user2,purchase,994
2026-09-24 22:52:43,user1,search,132
2026-09-24 22:52:44,user1,logout,488
2026-09-24 22:52:45,user1,logout,774
2026-09-24 22:52:46,user4,view,315
2026-09-24 22:52:47,user4,login,546
2026-09-24 22:52:48,user3,logout,430
2026-09-24 22:52:49,user5,login,831
2026-09-24 22:52:50,user1,login,579
2026-09-24 22:52:51,user1,view,807
2026-09-24 22:52:52,user5,logout,124
2026-09-24 22:52:53,user5,view,273
2026-09-24 22:52:54,user4,view,779
2026-09-24 22:52:55,user2,purchase,203
2026-09-24 22:52:56,user5,purchase,832
2026-09-24 22:52:57,user2,logout,653
2026-09-24 22:52:58,user4,logout,349
2026-09-24 22:52:59,user5,search,584
2026-09-24 22:53:00,user2,purchase,985
2026-09-24 22:53:01,user1,purchase,621
2026-09-24 22:53:02,user1,login,738
2026-09-24 22:53:03,user2,view,495
2026-09-24 22:53:04,user2,search,844
2026-09-24 22:53:05,user1,view,511
2026-09-24 22:53:06,user2,purchase,408
2026-09-24 22:53:07,user1,logout,521
2026-09-24 22:53:08,user2,purchase,290
2026-09-24 22:53:09,user1,view,281
2026-09-24 22:53:10,user3,purchase,640
2026-09-24 22:53:11,user5,purchase,807
2026-09-24 22:53:12,user4,logout,117
2026-09-24 22:53:13,user5,logout,504
2026-09-24 22:53:14,user4,login,547
2026-09-24 22:53:15,user4,login,881
2026-09-24 22:53:16,user5,search,523
2026-09-24 22:53:17,user4,purchase,64
2026-09-24 22:53:18,user2,logout,385
2026-09-24 22:53:19,user4,search,688
2026-09-24 22:53:20,user3,logout,326
2026-09-24 22:53:21,user2,view,494
2026-09-24 22:53:22,user1,logout,757
2026-09-24 22:53:23,user4,view,844
2026-09-24 22:53:24,user5,search,658
2026-09-24 22:53:25,user4,search,279
2026-09-24 22:53:26,user5,login,198
2026-09-24 22:53:27,user3,view,56
2026-09-24 22:53:28,user4,search,532
2026-09-24 22:53:29,user1,search,390
2026-09-24 22:53:30,user1,purchase,706
2026-09-24 22:53:31,user5,login,807
2026-09-24 22:53:32,user2,search,657
2026-09-24 22:53:33,user4,purchase,360
2026-09-24 22:53:34,user3,purchase,446
2026-09-24 22:53:35,user2,search,411
2026-09-24 22:53:36,user3,logout,713
2026-09-24 22:53:37,user5,purchase,660
2026-09-24 22:53:38,user2,view,567
2026-09-24 22:53:39,user1,search,363
2026-09-24 22:53:40,user1,view,316
2026-09-24 22:53:41,user5,login,662
2026-09-24 22:53:42,user1,view,533
2026-09-24 22:53:43,user5,purchase,743
2026-09-24 22:53:44,user4,logout,280
2026-09-24 22:53:45,user1,search,398
2026-09-24 22:53:46,user3,purchase,551
2026-09-24 22:53:47,user2,search,570
2026-09-24 22:53:48,user4,logout,394
2026-09-24 22:53:49,user3,logout,760
2026-09-24 22:53:50,user1,login,286
2026-09-24 22:53:51,user1,purchase,844
2026-09-24 22:53:52,user1,logout,504
2026-09-24 22:53:53,user4,login,199
2026-09-24 22:53:54,user5,purchase,894
2026-09-24 22:53:55,user1,view,56
2026-09-24 22:53:56,user4,view,613
2026-09-24 22:53:57,user4,purchase,442
2026-09-24 22:53:58,user1,view,522
2026-09-24 22:53:59,user4,purchase,867
2026-09-24 22:54:00,user2,search,395
2026-09-24 22:54:01,user2,search,255
2026-09-24 22:54:02,user4,purchase,985
2026-09-24 22:54:03,user4,purchase,843
2026-09-24 22:54:04,user4,view,723
2026-09-24 22:54:05,user1,purchase,231
2026-09-24 22:54:06,user3,search,153
2026-09-24 22:54:07,user1,login,669
2026-09-24 22:54:08,user4,logout,150
2026-09-24 22:54:09,user3,view,74
2026-09-24 22:54:10,user4,logout,396
2026-09-24 22:54:11,user3,search,641
2026-09-24 22:54:12,user3,view,953
2026-09-24 22:54:13,user5,purchase,813
2026-09-24 22:54:14,user5,login,755
2026-09-24 22:54:15,user1,search,730
2026-09-24 22:54:16,user2,logout,951
2026-09-24 22:54:17,user1,purchase,682
2026-09-24 22:54:18,user3,search,221
2026-09-24 22:54:19,user2,logout,744
2026-09-24 22:54:20,user4,login,128
2026-09-24 22:54:21,user3,logout,866
2026-09-24 22:54:22,user4,view,281
2026-09-24 22:54:23,user4,search,419
2026-09-24 22:54:24,user3,purchase,642
2026-09-24 22:54:25,user5,purchase,379
2026-09-24 22:54:26,user2,purchase,712
2026-09-24 22:54:27,user2,purchase,649
2026-09-24 22:54:28,user1,view,534
2026-09-24 22:54:29,user1,logout,808
2026-09-24 22:54:30,user2,purchase,559
2026-09-24 22:54:31,user5,search,160
2026-09-24 22:54:32,user3,search,366
2026-09-24 22:54:33,user5,view,934
2026-09-24 22:54:34,user3,logout,902
2026-09-24 22:54:35,user3,purchase,189
2026-09-24 22:54:36,user1,view,63
2026-09-24 22:54:37,user2,search,410
2026-09-24 22:54:38,user4,search,71
2026-09-24 22:54:39,user1,login,538
2026-09-24 22:54:40,user1,purchase,53
2026-09-24 22:54:41,user4,view,420
2026-09-24 22:54:42,user5,login,540
2026-09-24 22:54:43,user3,login,994
2026-09-24 22:54:44,user3,search,884
2026-09-24 22:54:45,user3,view,304
2026-09-24 22:54:46,user5,view,136
2026-09-24 22:54:47,user4,view,85
2026-09-24 22:54:48,user5,purchase,503
2026-09-24 22:54:49,user1,purchase,585
2026-09-24 22:54:50,user2,login,154
2026-09-24 22:54:51,user3,purchase,765
2026-09-24 22:54:52,user5,logout,192
2026-09-24 22:54:53,user4,search,717
2026-09-24 22:54:54,user1,search,58
2026-09-24 22:54:55,user3,login,904
2026-09-24 22:54:56,user4,login,842
2026-09-24 22:54:57,user3,search,519
2026-09-24 22:54:58,user1,search,148
2026-09-24 22:54:59,user2,search,571
2026-09-24 22:55:00,user2,search,127
2026-09-24 22:55:01,user5,login,781
2026-09-24 22:55:02,user3,login,197
2026-09-24 22:55:03,user2,purchase,566
2026-09-24 22:55:04,user1,view,563
2026-09-24 22:55:05,user1,logout,184
2026-09-24 22:55:06,user4,purchase,897
2026-09-24 22:55:07,user4,login,933
2026-09-24 22:55:08,user2,search,512
2026-09-24 22:55:09,user5,purchase,141
2026-09-24 22:55:10,user1,search,309
2026-09-24 22:55:11,user2,purchase,669
2026-09-24 22:55:12,user5,logout,261
2026-09-24 22:55:13,user1,logout,695
2026-09-24 22:55:14,user3,search,790
2026-09-24 22:55:15,user4,search,653
2026-09-24 22:55:16,user5,search,906
2026-09-24 22:55:17,user3,logout,679
2026-09-24 22:55:18,user5,search,554
2026-09-24 22:55:19,user1,purchase,212
2026-09-24 22:55:20,user2,purchase,601
2026-09-24 22:55:21,user1,logout,106
2026-09-24 22:55:22,user1,purchase,451
2026-09-24 22:55:23,user3,purchase,89
2026-09-24 22:55:24,user1,login,250
2026-09-24 22:55:25,user5,login,846
2026-09-24 22:55:26,user2,purchase,56
2026-09-24 22:55:27,user4,login,317
2026-09-24 22:55:28,user2,view,482
2026-09-24 22:55:29,user5,logout,741
2026-09-24 22:55:30,user3,login,934
2026-09-24 22:55:31,user1,login,194
2026-09-24 22:55:32,user2,logout,120
2026-09-24 22:55:33,user1,logout,491
2026-09-24 22:55:34,user2,login,269
2026-09-24 22:55:35,user2,view,614
2026-09-24 22:55:36,user4,view,283
2026-09-24 22:55:37,user3,login,997
2026-09-24 22:55:38,user5,purchase,923
2026-09-24 22:55:39,user4,login,312
2026-09-24 22:55:40,user2,view,798
2026-09-24 22:55:41,user5,purchase,945
2026-09-24 22:55:42,user2,search,332
2026-09-24 22:55:43,user1,search,903
2026-09-24 22:55:44,user4,logout,622
2026-09-24 22:55:45,user3,logout,558
2026-09-24 22:55:46,user2,view,269
2026-09-24 22:55:47,user2,logout,381
2026-09-24 22:55:48,user3,purchase,827
2026-09-24 22:55:49,user4,purchase,679
2026-09-24 22:55:50,user3,search,282
2026-09-24 22:55:51,user5,view,638
2026-09-24 22:55:52,user3,logout,577
2026-09-24 22:55:53,user3,purchase,450
2026-09-24 22:55:54,user2,search,588
2026-09-24 22:55:55,user1,view,962
2026-09-24 22:55:56,user2,login,188
2026-09-24 22:55:57,user1,search,624
2026-09-24 22:55:58,user1,search,177
2026-09-24 22:55:59,user5,view,405
2026-09-24 22:56:00,user5,view,303
2026-09-24 22:56:01,user3,purchase,961
2026-09-24 22:56:02,user3,view,722
2026-09-24 22:56:03,user3,search,640
2026-09-24 22:56:04,user2,purchase,997
2026-09-24 22:56:05,user5,purchase,734
2026-09-24 22:56:06,user1,view,542
2026-09-24 22:56:07,user1,view,217
2026-09-24 22:56:08,user1,view,769
2026-09-24 22:56:09,user5,view,537
2026-09-24 22:56:10,user4,login,958
2026-09-24 22:56:11,user3,search,401
2026-09-24 22:56:12,user3,login,962
2026-09-24 22:56:13,user2,login,660
2026-09-24 22:56:14,user2,search,950
2026-09-24 22:56:15,user2,purchase,690
2026-09-24 22:56:16,user5,login,959
2026-09-24 22:56:17,user5,login,76
2026-09-24 22:56:18,user1,login,311
2026-09-24 22:56:19,user3,view,554
2026-09-24 22:56:20,user3,logout,123
2026-09-24 22:56:21,user4,purchase,696
2026-09-24 22:56:22,user1,purchase,374
2026-09-24 22:56:23,user2,logout,420
2026-09-24 22:56:24,user3,purchase,450
2026-09-24 22:56:25,user2,purchase,916
2026-09-24 22:56:26,user1,view,295
2026-09-24 22:56:27,user2,purchase,199
2026-09-24 22:56:28,user4,search,554
2026-09-24 22:56:29,user5,purchase,356
2026-09-24 22:56:30,user2,search,765
2026-09-24 22:56:31,user2,logout,442
2026-09-24 22:56:32,user2,purchase,560
2026-09-24 22:56:33,user5,login,737
2026-09-24 22:56:34,user1,login,152
2026-09-24 22:56:35,user5,view,624
2026-09-24 22:56:36,user4,logout,971
2026-09-24 22:56:37,user5,search,260
2026-09-24 22:56:38,user4,view,422
2026-09-24 22:56:39,user4,purchase,929
2026-09-24 22:56:40,user2,search,817
2026-09-24 22:56:41,user3,logout,856
2026-09-24 22:56:42,user5,purchase,117
2026-09-24 22:56:43,user4,search,341
2026-09-24 22:56:44,user1,purchase,393
2026-09-24 22:56:45,user1,view,482
2026-09-24 22:56:46,user1,search,356
2026-09-24 22:56:47,user4,purchase,695
2026-09-24 22:56:48,user1,login,671
2026-09-24 22:56:49,user4,login,161
2026-09-24 22:56:50,user5,view,599
2026-09-24 22:56:51,user5,view,969
2026-09-24 22:56:52,user1,login,804
2026-09-24 22:56:53,user2,login,450
2026-09-24 22:56:54,user4,search,809
2026-09-24 22:56:55,user3,search,974
2026-09-24 22:56:56,user1,login,715
2026-09-24 22:56:57,user4,search,295
2026-09-24 22:56:58,user4,view,915
2026-09-24 22:56:59,user2,purchase,395
2026-09-24 22:57:00,user3,purchase,269
2026-09-24 22:57:01,user3,logout,453
2026-09-24 22:57:02,user5,login,657
2026-09-24 22:57:03,user5,search,975
2026-09-24 22:57:04,user2,logout,392
2026-09-24 22:57:05,user4,search,72
2026-09-24 22:57:06,user1,view,442
2026-09-24 22:57:07,user1,logout,839
2026-09-24 22:57:08,user1,login,162
2026-09-24 22:57:09,user2,purchase,561
2026-09-24 22:57:10,user3,logout,675
2026-09-24 22:57:11,user1,login,634
2026-09-24 22:57:12,user2,search,762
2026-09-24 22:57:13,user2,view,666
2026-09-24 22:57:14,user2,login,833
2026-09-24 22:57:15,user1,view,76
2026-09-24 22:57:16,user4,logout,736
2026-09-24 22:57:17,user2,view,942
2026-09-24 22:57:18,user1,logout,289
2026-09-24 22:57:19,user2,logout,347
2026-09-24 22:57:20,user2,logout,332
2026-09-24 22:57:21,user1,logout,804
2026-09-24 22:57:22,user2,search,74
2026-09-24 22:57:23,user2,purchase,323
2026-09-24 22:57:24,user1,search,877
2026-09-24 22:57:25,user4,search,831
2026-09-24 22:57:26,user2,logout,839
2026-09-24 22:57:27,user1,purchase,264
2026-09-24 22:57:28,user5,login,856
2026-09-24 22:57:29,user4,login,812
2026-09-24 22:57:30,user4,view,362
2026-09-24 22:57:31,user2,search,535
2026-09-24 22:57:32,user5,view,134
2026-09-24 22:57:33,user5,logout,233
2026-09-24 22:57:34,user2,purchase,597
2026-09-24 22:57:35,user1,logout,946
2026-09-24 22:57:36,user1,login,962
2026-09-24 22:57:37,user3,login,308
2026-09-24 22:57:38,user4,login,304
2026-09-24 22:57:39,user5,view,83
2026-09-24 22:57:40,user5,view,956
2026-09-24 22:57:41,user4,login,559
2026-09-24 22:57:42,user2,purchase,983
2026-09-24 22:57:43,user2,view,289
2026-09-24 22:57:44,user4,view,822
2026-09-24 22:57:45,user5,logout,773
2026-09-24 22:57:46,user3,view,696
2026-09-24 22:57:47,user2,search,520
2026-09-24 22:57:48,user3,search,863
2026-09-24 22:57:49,user5,view,284
2026-09-24 22:57:50,user1,purchase,560
2026-09-24 22:57:51,user4,purchase,873
2026-09-24 22:57:52,user3,search,454
2026-09-24 22:57:53,user2,purchase,632
2026-09-24 22:57:54,user1,view,136
2026-09-24 22:57:55,user1,login,450
2026-09-24 22:57:56,user5,search,841
2026-09-24 22:57:57,user1,logout,636
2026-09-24 22:57:58,user2,view,942
2026-09-24 22:57:59,user4,login,422
2026-09-24 22:58:00,user5,purchase,990
2026-09-24 22:58:01,user1,login,252
2026-09-24 22:58:02,user3,search,368
2026-09-24 22:58:03,user5,logout,308
2026-09-24 22:58:04,user2,logout,308
2026-09-24 22:58:05,user5,search,888
2026-09-24 22:58:06,user4,login,283
2026-09-24 22:58:07,user1,view,289
2026-09-24 22:58:08,user1,view,606
2026-09-24 22:58:09,user2,view,52
2026-09-24 22:58:10,user4,login,142
2026-09-24 22:58:11,user5,view,670
2026-09-24 22:58:12,user2,login,810
2026-09-24 22:58:13,user3,view,908
2026-09-24 22:58:14,user2,search,901
2026-09-24 22:58:15,user4,logout,259
2026-09-24 22:58:16,user5,logout,818
2026-09-24 22:58:17,user5,purchase,228
2026-09-24 22:58:18,user5,search,353
2026-09-24 22:58:19,user2,purchase,367
2026-09-24 22:58:20,user4,search,954
2026-09-24 22:58:21,user4,purchase,483
2026-09-24 22:58:22,user4,search,222
2026-09-24 22:58:23,user1,search,57
2026-09-24 22:58:24,user2,logout,442
2026-09-24 22:58:25,user3,search,980
2026-09-24 22:58:26,user1,search,961
2026-09-24 22:58:27,user1,view,368
2026-09-24 22:58:28,user5,logout,906
2026-09-24 22:58:29,user3,purchase,688
2026-09-24 22:58:30,user2,view,580
2026-09-24 22:58:31,user1,search,939
2026-09-24 22:58:32,user2,login,733
2026-09-24 22:58:33,user1,logout,413
2026-09-24 22:58:34,user1,purchase,644
2026-09-24 22:58:35,user2,login,404
2026-09-24 22:58:36,user1,login,869
2026-09-24 22:58:37,user4,view,148
2026-09-24 22:58:38,user1,view,701
2026-09-24 22:58:39,user5,logout,56
2026-09-24 22:58:40,user5,purchase,789
2026-09-24 22:58:41,user2,login,680
2026-09-24 22:58:42,user5,logout,464
2026-09-24 22:58:43,user3,login,631
2026-09-24 22:58:44,user5,search,224
2026-09-24 22:58:45,user5,logout,279
2026-09-24 22:58:46,user4,search,75
2026-09-24 22:58:47,user5,logout,509
2026-09-24 22:58:48,user4,login,573
2026-09-24 22:58:49,user5,search,449
2026-09-24 22:58:50,user3,login,754
2026-09-24 22:58:51,user5,logout,618
2026-09-24 22:58:52,user4,purchase,161
2026-09-24 22:58:53,user5,logout,649
2026-09-24 22:58:54,user3,login,673
2026-09-24 22:58:55,user3,view,492
2026-09-24 22:58:56,user5,view,930
2026-09-24 22:58:57,user2,purchase,65
2026-09-24 22:58:58,user2,view,68
2026-09-24 22:58:59,user4,login,371
2026-09-24 22:59:00,user5,login,629
2026-09-24 22:59:01,user2,login,259
2026-09-24 22:59:02,user1,login,823
2026-09-24 22:59:03,user3,search,539
2026-09-24 22:59:04,user3,view,879
2026-09-24 22:59:05,user1,search,661
2026-09-24 22:59:06,user2,view,570
2026-09-24 22:59:07,user1,purchase,572
2026-09-24 22:59:08,user1,purchase,835
2026-09-24 22:59:09,user4,view,920
2026-09-24 22:59:10,user3,view,352
2026-09-24 22:59:11,user4,login,934
2026-09-24 22:59:12,user2,purchase,214
2026-09-24 22:59:13,user4,logout,503
2026-09-24 22:59:14,user4,view,974
2026-09-24 22:59:15,user1,search,268
2026-09-24 22:59:16,user3,search,484
2026-09-24 22:59:17,user5,purchase,892
2026-09-24 22:59:18,user4,search,349
2026-09-24 22:59:19,user5,purchase,801
2026-09-24 22:59:20,user4,login,56
2026-09-24 22:59:21,user5,purchase,941
2026-09-24 22:59:22,user4,logout,240
2026-09-24 22:59:23,user1,search,833
2026-09-24 22:59:24,user3,search,662
2026-09-24 22:59:25,user5,logout,95
2026-09-24 22:59:26,user1,search,937
2026-09-24 22:59:27,user2,purchase,491
2026-09-24 22:59:28,user1,purchase,193
2026-09-24 22:59:29,user1,search,311
2026-09-24 22:59:30,user4,logout,338
2026-09-24 22:59:31,user4,view,925
2026-09-24 22:59:32,user3,logout,507
2026-09-24 22:59:33,user5,logout,72
2026-09-24 22:59:34,user3,view,320
2026-09-24 22:59:35,user4,purchase,625
2026-09-24 22:59:36,user1,search,177
2026-09-24 22:59:37,user1,view,998
2026-09-24 22:59:38,user1,view,402
2026-09-24 22:59:39,user3,login,844
2026-09-24 22:59:40,user1,view,179
2026-09-24 22:59:41,user2,search,635
2026-09-24 22:59:42,user4,login,910
2026-09-24 22:59:43,user5,purchase,185
2026-09-24 22:59:44,user4,view,773
2026-09-24 22:59:45,user4,search,503
2026-09-24 22:59:46,user5,purchase,647
2026-09-24 22:59:47,user1,purchase,430
2026-09-24 22:59:48,user4,purchase,280
2026-09-24 22:59:49,user1,login,405
2026-09-24 22:59:50,user3,login,736
2026-09-24 22:59:51,user5,purchase,708
2026-09-24 22:59:52,user4,view,181
2026-09-24 22:59:53,user2,login,337
2026-09-24 22:59:54,user2,login,679
2026-09-24 22:59:55,user3,logout,969
2026-09-24 22:59:56,user4,view,616
2026-09-24 22:59:57,user1,purchase,197
2026-09-24 22:59:58,user1,view,930
2026-09-24 22:59:59,user4,search,680
2026-09-24 23:00:00,user3,view,900
2026-09-24 23:00:01,user2,view,110
2026-09-24 23:00:02,user1,logout,288
2026-09-24 23:00:03,user5,search,151
2026-09-24 23:00:04,user2,search,301
2026-09-24 23:00:05,user5,view,944
2026-09-24 23:00:06,user1,logout,321
2026-09-24 23:00:07,user5,view,161
2026-09-24 23:00:08,user2,logout,193
2026-09-24 23:00:09,user2,view,671
2026-09-24 23:00:10,user1,purchase,944
2026-09-24 23:00:11,user5,logout,52
2026-09-24 23:00:12,user3,purchase,593
2026-09-24 23:00:13,user4,logout,350
2026-09-24 23:00:14,user2,search,983
2026-09-24 23:00:15,user1,view,408
2026-09-24 23:00:16,user1,logout,514
2026-09-24 23:00:17,user2,logout,226
2026-09-24 23:00:18,user3,login,478
2026-09-24 23:00:19,user3,logout,385
2026-09-24 23:00:20,user2,view,620
2026-09-24 23:00:21,user5,purchase,546
2026-09-24 23:00:22,user4,purchase,340
2026-09-24 23:00:23,user4,search,532
2026-09-24 23:00:24,user5,logout,169
2026-09-24 23:00:25,user1,logout,623
2026-09-24 23:00:26,user5,purchase,745
2026-09-24 23:00:27,user2,logout,448
2026-09-24 23:00:28,user5,logout,176
2026-09-24 23:00:29,user5,view,743
2026-09-24 23:00:30,user3,purchase,722
2026-09-24 23:00:31,user3,view,787
2026-09-24 23:00:32,user4,login,226
2026-09-24 23:00:33,user3,view,707
2026-09-24 23:00:34,user2,view,997
2026-09-24 23:00:35,user5,login,392
2026-09-24 23:00:36,user3,login,695
2026-09-24 23:00:37,user3,logout,320
2026-09-24 23:00:38,user5,view,899
2026-09-24 23:00:39,user4,search,939
2026-09-24 23:00:40,user1,view,683
2026-09-24 23:00:41,user4,logout,473
2026-09-24 23:00:42,user2,view,537
2026-09-24 23:00:43,user3,search,931
2026-09-24 23:00:44,user2,purchase,956
2026-09-24 23:00:45,user1,login,493
2026-09-24 23:00:46,user2,view,214
2026-09-24 23:00:47,user4,login,541
2026-09-24 23:00:48,user1,logout,710
2026-09-24 23:00:49,user2,login,217
2026-09-24 23:00:50,user2,logout,653
2026-09-24 23:00:51,user4,view,426
2026-09-24 23:00:52,user3,logout,624
2026-09-24 23:00:53,user5,purchase,956
2026-09-24 23:00:54,user1,login,168
2026-09-24 23:00:55,user3,purchase,252
2026-09-24 23:00:56,user2,view,589
2026-09-24 23:00:57,user2,view,491
2026-09-24 23:00:58,user2,login,716
2026-09-24 23:00:59,user2,search,748
2026-09-24 23:01:00,user2,search,229
2026-09-24 23:01:01,user4,login,441
2026-09-24 23:01:02,user1,view,232
2026-09-24 23:01:03,user2,logout,329
2026-09-24 23:01:04,user1,logout,391
2026-09-24 23:01:05,user2,purchase,269
2026-09-24 23:01:06,user3,search,912
2026-09-24 23:01:07,user5,logout,371
2026-09-24 23:01:08,user5,view,714
2026-09-24 23:01:09,user5,login,806
2026-09-24 23:01:10,user5,login,928
2026-09-24 23:01:11,user4,search,972
2026-09-24 23:01:12,user3,purchase,537
2026-09-24 23:01:13,user3,login,766
2026-09-24 23:01:14,user4,view,248
2026-09-24 23:01:15,user5,search,854
2026-09-24 23:01:16,user3,view,776
2026-09-24 23:01:17,user1,purchase,346
2026-09-24 23:01:18,user3,search,135
2026-09-24 23:01:19,user4,logout,499
2026-09-24 23:01:20,user5,login,972
2026-09-24 23:01:21,user1,login,155
2026-09-24 23:01:22,user5,logout,790
2026-09-24 23:01:23,user5,view,436
2026-09-24 23:01:24,user1,logout,548
2026-09-24 23:01:25,user1,view,526
2026-09-24 23:01:26,user1,view,351
2026-09-24 23:01:27,user5,purchase,714
2026-09-24 23:01:28,user1,view,293
2026-09-24 23:01:29,user2,search,620
2026-09-24 23:01:30,user5,view,995
2026-09-24 23:01:31,user2,logout,76
2026-09-24 23:01:32,user2,purchase,577
2026-09-24 23:01:33,user3,logout,118
2026-09-24 23:01:34,user2,purchase,689
2026-09-24 23:01:35,user2,purchase,51
2026-09-24 23:01:36,user4,purchase,581
2026-09-24 23:01:37,user3,login,439
2026-09-24 23:01:38,user3,login,877
2026-09-24 23:01:39,user3,login,574
2026-09-24 23:01:40,user5,login,150
2026-09-24 23:01:41,user2,login,232
2026-09-24 23:01:42,user2,login,189
2026-09-24 23:01:43,user2,purchase,62
2026-09-24 23:01:44,user2,login,176
2026-09-24 23:01:45,user5,purchase,478
2026-09-24 23:01:46,user1,search,967
2026-09-24 23:01:47,user4,login,955
2026-09-24 23:01:48,user1,purchase,316
2026-09-24 23:01:49,user3,logout,197
2026-09-24 23:01:50,user1,logout,932
2026-09-24 23:01:51,user1,purchase,598
2026-09-24 23:01:52,user5,login,265
2026-09-24 23:01:53,user5,view,745
2026-09-24 23:01:54,user3,login,341
2026-09-24 23:01:55,user1,view,378
2026-09-24 23:01:56,user5,search,970
2026-09-24 23:01:57,user4,purchase,553
2026-09-24 23:01:58,user5,purchase,394
2026-09-24 23:01:59,user4,logout,710
2026-09-24 23:02:00,user5,logout,862
2026-09-24 23:02:01,user1,search,363
2026-09-24 23:02:02,user5,view,144
2026-09-24 23:02:03,user4,view,479
2026-09-24 23:02:04,user5,view,411
2026-09-24 23:02:05,user1,view,184
2026-09-24 23:02:06,user4,login,879
2026-09-24 23:02:07,user3,view,949
2026-09-24 23:02:08,user2,logout,816
2026-09-24 23:02:09,user3,search,780
2026-09-24 23:02:10,user5,login,419
2026-09-24 23:02:11,user1,logout,204
2026-09-24 23:02:12,user5,login,528
2026-09-24 23:02:13,user2,view,632
2026-09-24 23:02:14,user3,login,576
2026-09-24 23:02:15,user1,view,815
2026-09-24 23:02:16,user4,search,268
2026-09-24 23:02:17,user3,search,193
2026-09-24 23:02:18,user3,purchase,71
2026-09-24 23:02:19,user4,logout,968
2026-09-24 23:02:20,user4,purchase,416
2026-09-24 23:02:21,user2,view,709
2026-09-24 23:02:22,user3,login,514
2026-09-24 23:02:23,user5,logout,161
2026-09-24 23:02:24,user3,purchase,890
2026-09-24 23:02:25,user3,search,53
2026-09-24 23:02:26,user5,purchase,492
2026-09-24 23:02:27,user3,search,104
2026-09-24 23:02:28,user1,search,642
2026-09-24 23:02:29,user4,logout,697
2026-09-24 23:02:30,user3,purchase,625
2026-09-24 23:02:31,user4,purchase,501
2026-09-24 23:02:32,user3,view,597
2026-09-24 23:02:33,user3,login,113
2026-09-24 23:02:34,user4,view,549
2026-09-24 23:02:35,user3,login,722
2026-09-24 23:02:36,user3,login,375
2026-09-24 23:02:37,user4,logout,208
2026-09-24 23:02:38,user3,purchase,915
2026-09-24 23:02:39,user3,search,280
2026-09-24 23:02:40,user5,view,610
2026-09-24 23:02:41,user1,search,181
2026-09-24 23:02:42,user3,view,413
2026-09-24 23:02:43,user3,purchase,94
2026-09-24 23:02:44,user2,view,324
2026-09-24 23:02:45,user4,view,448
2026-09-24 23:02:46,user3,login,540
2026-09-24 23:02:47,user1,purchase,50
2026-09-24 23:02:48,user4,login,615
2026-09-24 23:02:49,user4,logout,363
2026-09-24 23:02:50,user2,view,318
2026-09-24 23:02:51,user2,view,990
2026-09-24 23:02:52,user1,logout,96
2026-09-24 23:02:53,user2,view,84
2026-09-24 23:02:54,user3,purchase,168
2026-09-24 23:02:55,user4,logout,380
2026-09-24 23:02:56,user2,view,665
2026-09-24 23:02:57,user1,view,422
2026-09-24 23:02:58,user5,logout,583
2026-09-24 23:02:59,user4,search,412
2026-09-24 23:03:00,user4,logout,389
2026-09-24 23:03:01,user3,purchase,974
2026-09-24 23:03:02,user4,search,975
2026-09-24 23:03:03,user1,search,761
2026-09-24 23:03:04,user4,purchase,267
2026-09-24 23:03:05,user4,view,977
2026-09-24 23:03:06,user3,logout,246
2026-09-24 23:03:07,user5,view,821
2026-09-24 23:03:08,user1,view,764
2026-09-24 23:03:09,user4,logout,346
2026-09-24 23:03:10,user3,search,984
2026-09-24 23:03:11,user3,login,309
2026-09-24 23:03:12,user1,search,608
2026-09-24 23:03:13,user5,logout,429
2026-09-24 23:03:14,user1,view,250
2026-09-24 23:03:15,user5,purchase,928
2026-09-24 23:03:16,user3,login,818
2026-09-24 23:03:17,user5,purchase,472
2026-09-24 23:03:18,user2,view,537
2026-09-24 23:03:19,user3,search,686
2026-09-24 23:03:20,user5,login,939
2026-09-24 23:03:21,user1,login,313
2026-09-24 23:03:22,user1,logout,648
2026-09-24 23:03:23,user2,search,245
2026-09-24 23:03:24,user3,search,533
2026-09-24 23:03:25,user3,logout,594
2026-09-24 23:03:26,user1,search,811
2026-09-24 23:03:27,user4,search,967
2026-09-24 23:03:28,user1,purchase,973
2026-09-24 23:03:29,user3,purchase,167
2026-09-24 23:03:30,user2,logout,199
2026-09-24 23:03:31,user3,logout,767
2026-09-24 23:03:32,user5,purchase,464
2026-09-24 23:03:33,user3,login,531
2026-09-24 23:03:34,user1,login,268
2026-09-24 23:03:35,user4,logout,640
2026-09-24 23:03:36,user3,purchase,211
2026-09-24 23:03:37,user5,search,198
2026-09-24 23:03:38,user4,login,438
2026-09-24 23:03:39,user4,view,580
2026-09-24 23:03:40,user4,purchase,811
2026-09-24 23:03:41,user5,logout,516
2026-09-24 23:03:42,user5,view,630
2026-09-24 23:03:43,user3,logout,959
2026-09-24 23:03:44,user3,purchase,976
2026-09-24 23:03:45,user1,view,931
2026-09-24 23:03:46,user1,search,192
2026-09-24 23:03:47,user3,view,202
2026-09-24 23:03:48,user4,login,825
2026-09-24 23:03:49,user1,search,452
2026-09-24 23:03:50,user5,purchase,576
2026-09-24 23:03:51,user4,search,178
2026-09-24 23:03:52,user5,logout,736
2026-09-24 23:03:53,user3,purchase,692
2026-09-24 23:03:54,user3,purchase,85
2026-09-24 23:03:55,user1,view,544
2026-09-24 23:03:56,user4,logout,663
2026-09-24 23:03:57,user2,view,187
2026-09-24 23:03:58,user1,purchase,296
2026-09-24 23:03:59,user1,search,373
2026-09-24 23:04:00,user4,login,128
2026-09-24 23:04:01,user4,login,102
2026-09-24 23:04:02,user2,search,226
2026-09-24 23:04:03,user1,view,66
2026-09-24 23:04:04,user3,view,433
2026-09-24 23:04:05,user2,search,891
2026-09-24 23:04:06,user2,logout,975
2026-09-24 23:04:07,user4,purchase,265
2026-09-24 23:04:08,user1,view,636
2026-09-24 23:04:09,user3,purchase,595
2026-09-24 23:04:10,user4,search,999
2026-09-24 23:04:11,user2,login,977
2026-09-24 23:04:12,user2,logout,537
2026-09-24 23:04:13,user2,logout,222
2026-09-24 23:04:14,user4,search,837
2026-09-24 23:04:15,user2,view,150
2026-09-24 23:04:16,user5,login,839
2026-09-24 23:04:17,user3,logout,75
2026-09-24 23:04:18,user1,purchase,773
2026-09-24 23:04:19,user2,logout,375
2026-09-24 23:04:20,user4,logout,545
2026-09-24 23:04:21,user4,login,255
2026-09-24 23:04:22,user2,logout,962
2026-09-24 23:04:23,user3,view,518
2026-09-24 23:04:24,user3,logout,378
2026-09-24 23:04:25,user3,view,368
2026-09-24 23:04:26,user4,view,120
2026-09-24 23:04:27,user5,search,950
2026-09-24 23:04:28,user2,view,479
2026-09-24 23:04:29,user2,view,740
2026-09-24 23:04:30,user1,login,812
2026-09-24 23:04:31,user2,search,261
2026-09-24 23:04:32,user5,login,611
2026-09-24 23:04:33,user4,login,920
2026-09-24 23:04:34,user5,view,848
2026-09-24 23:04:35,user3,view,337
2026-09-24 23:04:36,user2,logout,334
2026-09-24 23:04:37,user2,purchase,339
2026-09-24 23:04:38,user3,logout,570
2026-09-24 23:04:39,user4,purchase,129
2026-09-24 23:04:40,user4,search,532
2026-09-24 23:04:41,user5,login,934
2026-09-24 23:04:42,user5,login,790
2026-09-24 23:04:43,user1,login,944
2026-09-24 23:04:44,user2,search,969
2026-09-24 23:04:45,user2,login,759
2026-09-24 23:04:46,user1,search,316
2026-09-24 23:04:47,user1,logout,452
2026-09-24 23:04:48,user2,logout,741
2026-09-24 23:04:49,user5,login,998
2026-09-24 23:04:50,user2,login,845
2026-09-24 23:04:51,user3,search,424
2026-09-24 23:04:52,user1,logout,89
2026-09-24 23:04:53,user1,purchase,833
2026-09-24 23:04:54,user5,view,907
2026-09-24 23:04:55,user4,view,370
2026-09-24 23:04:56,user3,login,533
2026-09-24 23:04:57,user3,view,128
2026-09-24 23:04:58,user4,purchase,495
2026-09-24 23:04:59,user1,login,716
2026-09-24 23:05:00,user5,purchase,65
2026-09-24 23:05:01,user4,search,187
2026-09-24 23:05:02,user3,view,474
2026-09-24 23:05:03,user1,login,711
2026-09-24 23:05:04,user4,logout,89
2026-09-24 23:05:05,user2,purchase,183
2026-09-24 23:05:06,user3,search,602
2026-09-24 23:05:07,user5,view,581
2026-09-24 23:05:08,user5,view,982
2026-09-24 23:05:09,user4,view,464
2026-09-24 23:05:10,user3,logout,766
2026-09-24 23:05:11,user4,logout,650
2026-09-24 23:05:12,user3,logout,100
2026-09-24 23:05:13,user3,purchase,635
2026-09-24 23:05:14,user2,purchase,646
2026-09-24 23:05:15,user5,purchase,350
2026-09-24 23:05:16,user5,view,684
2026-09-24 23:05:17,user5,logout,892
2026-09-24 23:05:18,user2,search,150
2026-09-24 23:05:19,user1,search,66
2026-09-24 23:05:20,user2,login,246
2026-09-24 23:05:21,user3,logout,804
2026-09-24 23:05:22,user4,purchase,870
2026-09-24 23:05:23,user4,view,223
2026-09-24 23:05:24,user4,login,386
2026-09-24 23:05:25,user3,purchase,525
2026-09-24 23:05:26,user4,view,255
2026-09-24 23:05:27,user5,login,823
2026-09-24 23:05:28,user5,search,93
2026-09-24 23:05:29,user4,view,997
2026-09-24 23:05:30,user1,search,717
2026-09-24 23:05:31,user4,logout,851
2026-09-24 23:05:32,user5,view,676
2026-09-24 23:05:33,user5,search,887
2026-09-24 23:05:34,user4,login,261
2026-09-24 23:05:35,user2,view,879
2026-09-24 23:05:36,user2,view,766
2026-09-24 23:05:37,user3,search,656
2026-09-24 23:05:38,user3,purchase,859
2026-09-24 23:05:39,user1,logout,677
2026-09-24 23:05:40,user1,login,793
2026-09-24 23:05:41,user2,login,92
2026-09-24 23:05:42,user5,login,584
2026-09-24 23:05:43,user1,view,712
2026-09-24 23:05:44,user1,purchase,163
2026-09-24 23:05:45,user3,purchase,294
2026-09-24 23:05:46,user1,logout,967
2026-09-24 23:05:47,user4,purchase,465
2026-09-24 23:05:48,user2,search,749
2026-09-24 23:05:49,user5,view,68
2026-09-24 23:05:50,user5,search,238
2026-09-24 23:05:51,user2,view,549
2026-09-24 23:05:52,user5,view,276
2026-09-24 23:05:53,user4,login,499
2026-09-24 23:05:54,user5,view,987
2026-09-24 23:05:55,user2,logout,284
2026-09-24 23:05:56,user4,view,991
2026-09-24 23:05:57,user5,logout,823
2026-09-24 23:05:58,user3,purchase,645
2026-09-24 23:05:59,user5,login,602
2026-09-24 23:06:00,user4,login,791
2026-09-24 23:06:01,user3,search,988
2026-09-24 23:06:02,user2,view,533
2026-09-24 23:06:03,user3,logout,652
2026-09-24 23:06:04,user3,login,875
2026-09-24 23:06:05,user5,purchase,200
2026-09-24 23:06:06,user4,search,580
2026-09-24 23:06:07,user5,login,829
2026-09-24 23:06:08,user5,logout,814
2026-09-24 23:06:09,user3,view,809
2026-09-24 23:06:10,user3,view,274
2026-09-24 23:06:11,user2,login,457
2026-09-24 23:06:12,user4,search,843
2026-09-24 23:06:13,user2,login,950
2026-09-24 23:06:14,user3,view,438
2026-09-24 23:06:15,user1,search,315
2026-09-24 23:06:16,user4,view,169
2026-09-24 23:06:17,user2,view,89
2026-09-24 23:06:18,user4,purchase,297
2026-09-24 23:06:19,user2,logout,689
2026-09-24 23:06:20,user2,logout,267
2026-09-24 23:06:21,user4,purchase,527
2026-09-24 23:06:22,user2,purchase,758
2026-09-24 23:06:23,user4,view,390
2026-09-24 23:06:24,user5,logout,589
2026-09-24 23:06:25,user2,logout,334
2026-09-24 23:06:26,user1,search,199
2026-09-24 23:06:27,user3,login,736
2026-09-24 23:06:28,user4,purchase,810
2026-09-24 23:06:29,user5,view,879
2026-09-24 23:06:30,user5,view,100
2026-09-24 23:06:31,user5,purchase,718
2026-09-24 23:06:32,user5,logout,532
2026-09-24 23:06:33,user2,purchase,307
2026-09-24 23:06:34,user2,login,989
2026-09-24 23:06:35,user5,view,992
2026-09-24 23:06:36,user4,purchase,263
2026-09-24 23:06:37,user5,logout,376
2026-09-24 23:06:38,user3,purchase,481
2026-09-24 23:06:39,user2,logout,656
2026-09-24 23:06:40,user3,login,560
2026-09-24 23:06:41,user1,view,211
2026-09-24 23:06:42,user3,purchase,346
2026-09-24 23:06:43,user1,login,832
2026-09-24 23:06:44,user4,login,555
2026-09-24 23:06:45,user1,purchase,819
2026-09-24 23:06:46,user5,login,210
2026-09-24 23:06:47,user3,search,154
2026-09-24 23:06:48,user5,logout,464
2026-09-24 23:06:49,user4,logout,303
2026-09-24 23:06:50,user1,view,98
2026-09-24 23:06:51,user1,purchase,333
2026-09-24 23:06:52,user2,login,781
2026-09-24 23:06:53,user5,purchase,480
2026-09-24 23:06:54,user4,search,957
2026-09-24 23:06:55,user1,view,392
2026-09-24 23:06:56,user3,view,762
2026-09-24 23:06:57,user1,search,277
2026-09-24 23:06:58,user4,purchase,333
2026-09-24 23:06:59,user1,search,61
2026-09-24 23:07:00,user3,logout,678
2026-09-24 23:07:01,user4,logout,141
2026-09-24 23:07:02,user1,search,304
2026-09-24 23:07:03,user5,view,613
2026-09-24 23:07:04,user2,login,838
2026-09-24 23:07:05,user4,login,498
2026-09-24 23:07:06,user2,search,748
2026-09-24 23:07:07,user3,view,892
2026-09-24 23:07:08,user4,login,57
2026-09-24 23:07:09,user5,search,913
2026-09-24 23:07:10,user3,view,945
2026-09-24 23:07:11,user5,view,451
2026-09-24 23:07:12,user5,purchase,178
2026-09-24 23:07:13,user3,logout,180
2026-09-24 23:07:14,user4,search,411
2026-09-24 23:07:15,user4,search,80
2026-09-24 23:07:16,user4,search,296
2026-09-24 23:07:17,user5,view,787
2026-09-24 23:07:18,user3,search,853
2026-09-24 23:07:19,user3,view,368
2026-09-24 23:07:20,user5,login,374
2026-09-24 23:07:21,user5,search,799
2026-09-24 23:07:22,user4,login,532
2026-09-24 23:07:23,user3,login,237
2026-09-24 23:07:24,user3,view,954
2026-09-24 23:07:25,user5,login,530
2026-09-24 23:07:26,user1,login,950
2026-09-24 23:07:27,user4,purchase,73
2026-09-24 23:07:28,user4,search,956
2026-09-24 23:07:29,user4,search,826
2026-09-24 23:07:30,user4,search,151
2026-09-24 23:07:31,user1,login,56
2026-09-24 23:07:32,user3,view,862
2026-09-24 23:07:33,user3,login,986
2026-09-24 23:07:34,user2,login,998
2026-09-24 23:07:35,user5,logout,597
2026-09-24 23:07:36,user1,logout,611
2026-09-24 23:07:37,user3,view,599
2026-09-24 23:07:38,user5,purchase,160
2026-09-24 23:07:39,user5,search,528
2026-09-24 23:07:40,user1,logout,238
2026-09-24 23:07:41,user3,login,438
2026-09-24 23:07:42,user2,view,469
2026-09-24 23:07:43,user3,view,217
2026-09-24 23:07:44,user3,view,954
2026-09-24 23:07:45,user3,logout,802
2026-09-24 23:07:46,user5,purchase,106
2026-09-24 23:07:47,user3,search,209
2026-09-24 23:07:48,user2,purchase,862
2026-09-24 23:07:49,user5,purchase,661
2026-09-24 23:07:50,user3,search,77
2026-09-24 23:07:51,user4,purchase,777
2026-09-24 23:07:52,user5,login,646
2026-09-24 23:07:53,user4,login,798
2026-09-24 23:07:54,user1,purchase,912
2026-09-24 23:07:55,user2,logout,208
2026-09-24 23:07:56,user5,view,545
2026-09-24 23:07:57,user4,purchase,308
2026-09-24 23:07:58,user5,logout,476
2026-09-24 23:07:59,user1,login,518
2026-09-24 23:08:00,user2,purchase,682
2026-09-24 23:08:01,user4,login,284
2026-09-24 23:08:02,user4,login,53
2026-09-24 23:08:03,user4,login,425
2026-09-24 23:08:04,user3,logout,690
2026-09-24 23:08:05,user1,logout,261
2026-09-24 23:08:06,user2,search,931
2026-09-24 23:08:07,user4,login,923
2026-09-24 23:08:08,user2,login,260
2026-09-24 23:08:09,user3,view,653
2026-09-24 23:08:10,user5,purchase,941
2026-09-24 23:08:11,user3,purchase,93
2026-09-24 23:08:12,user3,search,539
2026-09-24 23:08:13,user1,search,918
2026-09-24 23:08:14,user2,login,505
2026-09-24 23:08:15,user3,view,698
2026-09-24 23:08:16,user1,search,312
2026-09-24 23:08:17,user2,purchase,374
2026-09-24 23:08:18,user1,logout,61
2026-09-24 23:08:19,user1,login,632
2026-09-24 23:08:20,user3,search,973
2026-09-24 23:08:21,user2,view,348
2026-09-24 23:08:22,user5,search,993
2026-09-24 23:08:23,user5,search,283
2026-09-24 23:08:24,user5,view,137
2026-09-24 23:08:25,user1,purchase,768
2026-09-24 23:08:26,user3,view,907
2026-09-24 23:08:27,user4,purchase,536
2026-09-24 23:08:28,user5,purchase,282
2026-09-24 23:08:29,user2,view,266
2026-09-24 23:08:30,user1,view,156
2026-09-24 23:08:31,user5,view,876
2026-09-24 23:08:32,user5,search,760
2026-09-24 23:08:33,user5,logout,404
2026-09-24 23:08:34,user4,purchase,625
2026-09-24 23:08:35,user5,view,425
2026-09-24 23:08:36,user4,logout,484
2026-09-24 23:08:37,user5,search,370
2026-09-24 23:08:38,user4,view,834
2026-09-24 23:08:39,user3,search,696
2026-09-24 23:08:40,user2,purchase,945
2026-09-24 23:08:41,user3,purchase,222
2026-09-24 23:08:42,user3,logout,485
2026-09-24 23:08:43,user1,login,383
2026-09-24 23:08:44,user2,search,430
2026-09-24 23:08:45,user3,search,885
2026-09-24 23:08:46,user1,logout,666
2026-09-24 23:08:47,user1,logout,296
2026-09-24 23:08:48,user4,view,611
2026-09-24 23:08:49,user5,purchase,716
2026-09-24 23:08:50,user1,logout,202
2026-09-24 23:08:51,user2,purchase,967
2026-09-24 23:08:52,user5,purchase,79
2026-09-24 23:08:53,user1,search,86
2026-09-24 23:08:54,user1,login,495
2026-09-24 23:08:55,user5,logout,804
2026-09-24 23:08:56,user5,logout,576
2026-09-24 23:08:57,user1,view,370
2026-09-24 23:08:58,user5,login,930
2026-09-24 23:08:59,user1,login,791
2026-09-24 23:09:00,user4,purchase,712
2026-09-24 23:09:01,user5,purchase,608
2026-09-24 23:09:02,user4,logout,338
2026-09-24 23:09:03,user3,logout,608
2026-09-24 23:09:04,user3,login,263
2026-09-24 23:09:05,user4,logout,103
2026-09-24 23:09:06,user1,search,565
2026-09-24 23:09:07,user2,view,809
2026-09-24 23:09:08,user5,purchase,810
2026-09-24 23:09:09,user4,view,288
2026-09-24 23:09:10,user4,login,605
2026-09-24 23:09:11,user5,logout,194
2026-09-24 23:09:12,user4,purchase,555
2026-09-24 23:09:13,user2,purchase,696
2026-09-24 23:09:14,user2,logout,303
2026-09-24 23:09:15,user4,login,428
2026-09-24 23:09:16,user2,search,173
2026-09-24 23:09:17,user3,search,538
2026-09-24 23:09:18,user2,logout,932
2026-09-24 23:09:19,user1,login,235
2026-09-24 23:09:20,user5,view,311
2026-09-24 23:09:21,user4,logout,110
2026-09-24 23:09:22,user1,login,130
2026-09-24 23:09:23,user2,search,764
2026-09-24 23:09:24,user5,purchase,118
2026-09-24 23:09:25,user1,purchase,481
2026-09-24 23:09:26,user5,search,317
2026-09-24 23:09:27,user1,login,605
2026-09-24 23:09:28,user5,login,659
2026-09-24 23:09:29,user3,login,93
2026-09-24 23:09:30,user3,purchase,173
2026-09-24 23:09:31,user4,login,859
2026-09-24 23:09:32,user3,search,851
2026-09-24 23:09:33,user1,view,376
2026-09-24 23:09:34,user3,purchase,168
2026-09-24 23:09:35,user5,search,949
2026-09-24 23:09:36,user3,logout,668
2026-09-24 23:09:37,user4,purchase,119
2026-09-24 23:09:38,user5,search,593
2026-09-24 23:09:39,user4,logout,932
2026-09-24 23:09:40,user3,login,74
2026-09-24 23:09:41,user3,login,1000
2026-09-24 23:09:42,user3,purchase,953
2026-09-24 23:09:43,user1,login,687
2026-09-24 23:09:44,user1,view,341
2026-09-24 23:09:45,user4,search,505
2026-09-24 23:09:46,user2,purchase,59
2026-09-24 23:09:47,user4,view,737
2026-09-24 23:09:48,user5,logout,511
2026-09-24 23:09:49,user3,logout,954
2026-09-24 23:09:50,user4,login,499
2026-09-24 23:09:51,user5,login,94
2026-09-24 23:09:52,user5,logout,78
2026-09-24 23:09:53,user3,purchase,605
2026-09-24 23:09:54,user3,search,617
2026-09-24 23:09:55,user2,view,190
2026-09-24 23:09:56,user1,login,567
2026-09-24 23:09:57,user3,logout,841
2026-09-24 23:09:58,user1,purchase,808
2026-09-24 23:09:59,user3,search,956
2026-09-24 23:10:00,user4,login,520
2026-09-24 23:10:01,user3,purchase,338
2026-09-24 23:10:02,user5,view,494
2026-09-24 23:10:03,user3,view,91
2026-09-24 23:10:04,user4,logout,85
2026-09-24 23:10:05,user3,login,906
2026-09-24 23:10:06,user5,search,121
2026-09-24 23:10:07,user1,search,486
2026-09-24 23:10:08,user2,purchase,735
2026-09-24 23:10:09,user5,view,202
2026-09-24 23:10:10,user1,purchase,855
2026-09-24 23:10:11,user4,logout,85
2026-09-24 23:10:12,user1,login,105
2026-09-24 23:10:13,user5,purchase,458
2026-09-24 23:10:14,user1,search,386
2026-09-24 23:10:15,user1,purchase,616
2026-09-24 23:10:16,user4,view,899
2026-09-24 23:10:17,user3,search,323
2026-09-24 23:10:18,user2,login,466
2026-09-24 23:10:19,user3,logout,232
2026-09-24 23:10:20,user2,purchase,221
2026-09-24 23:10:21,user1,login,907
2026-09-24 23:10:22,user1,login,510
2026-09-24 23:10:23,user5,view,992
2026-09-24 23:10:24,user2,search,574
2026-09-24 23:10:25,user5,login,870
2026-09-24 23:10:26,user5,login,410
2026-09-24 23:10:27,user2,view,824
2026-09-24 23:10:28,user4,purchase,132
2026-09-24 23:10:29,user1,purchase,517
2026-09-24 23:10:30,user4,logout,517
2026-09-24 23:10:31,user1,purchase,143
2026-09-24 23:10:32,user5,logout,584
2026-09-24 23:10:33,user3,view,64
2026-09-24 23:10:34,user1,search,212
2026-09-24 23:10:35,user1,view,899
2026-09-24 23:10:36,user3,search,107
2026-09-24 23:10:37,user4,view,125
2026-09-24 23:10:38,user2,login,837
2026-09-24 23:10:39,user2,purchase,732
2026-09-24 23:10:40,user3,login,307
2026-09-24 23:10:41,user1,login,714
2026-09-24 23:10:42,user1,logout,154
2026-09-24 23:10:43,user3,view,585
2026-09-24 23:10:44,user2,logout,66
2026-09-24 23:10:45,user1,purchase,535
2026-09-24 23:10:46,user3,view,989
2026-09-24 23:10:47,user5,view,60
2026-09-24 23:10:48,user2,login,886
2026-09-24 23:10:49,user2,logout,684
2026-09-24 23:10:50,user2,login,832
2026-09-24 23:10:51,user1,view,118
2026-09-24 23:10:52,user5,login,439
2026-09-24 23:10:53,user4,login,142
2026-09-24 23:10:54,user1,view,184
2026-09-24 23:10:55,user1,search,525
2026-09-24 23:10:56,user5,login,203
2026-09-24 23:10:57,user2,logout,455
2026-09-24 23:10:58,user2,search,416
2026-09-24 23:10:59,user4,purchase,960
2026-09-24 23:11:00,user5,search,509
2026-09-24 23:11:01,user4,login,351
2026-09-24 23:11:02,user2,logout,706
2026-09-24 23:11:03,user1,purchase,877
2026-09-24 23:11:04,user5,login,653
2026-09-24 23:11:05,user3,search,888
2026-09-24 23:11:06,user1,view,604
2026-09-24 23:11:07,user1,view,401
2026-09-24 23:11:08,user3,view,920
2026-09-24 23:11:09,user5,login,719
2026-09-24 23:11:10,user5,login,860
2026-09-24 23:11:11,user4,login,770
2026-09-24 23:11:12,user2,view,439
2026-09-24 23:11:13,user1,login,449
2026-09-24 23:11:14,user1,logout,124
2026-09-24 23:11:15,user4,logout,954
2026-09-24 23:11:16,user2,search,515
2026-09-24 23:11:17,user5,login,979
2026-09-24 23:11:18,user1,search,617
2026-09-24 23:11:19,user4,purchase,881
2026-09-24 23:11:20,user3,purchase,510
2026-09-24 23:11:21,user2,search,172
2026-09-24 23:11:22,user1,login,660
2026-09-24 23:11:23,user4,search,252
2026-09-24 23:11:24,user3,search,937
2026-09-24 23:11:25,user3,login,758
2026-09-24 23:11:26,user4,purchase,829
2026-09-24 23:11:27,user3,view,969
2026-09-24 23:11:28,user1,logout,772
2026-09-24 23:11:29,user3,purchase,499
2026-09-24 23:11:30,user5,purchase,784
2026-09-24 23:11:31,user5,login,646
2026-09-24 23:11:32,user1,search,799
2026-09-24 23:11:33,user2,view,488
2026-09-24 23:11:34,user1,search,59
2026-09-24 23:11:35,user2,purchase,429
2026-09-24 23:11:36,user1,purchase,675
2026-09-24 23:11:37,user3,logout,971
2026-09-24 23:11:38,user1,view,322
2026-09-24 23:11:39,user4,view,653
2026-09-24 23:11:40,user3,login,530
2026-09-24 23:11:41,user1,search,281
2026-09-24 23:11:42,user1,logout,735
2026-09-24 23:11:43,user5,logout,410
2026-09-24 23:11:44,user5,search,219
2026-09-24 23:11:45,user4,logout,721
2026-09-24 23:11:46,user2,view,69
2026-09-24 23:11:47,user4,search,529
2026-09-24 23:11:48,user4,search,903
2026-09-24 23:11:49,user3,login,399
2026-09-24 23:11:50,user3,logout,543
2026-09-24 23:11:51,user3,search,357
2026-09-24 23:11:52,user5,login,408
2026-09-24 23:11:53,user4,logout,140
2026-09-24 23:11:54,user4,view,683
2026-09-24 23:11:55,user2,login,517
2026-09-24 23:11:56,user5,logout,511
2026-09-24 23:11:57,user5,login,214
2026-09-24 23:11:58,user5,purchase,251
2026-09-24 23:11:59,user3,purchase,987
2026-09-24 23:12:00,user2,view,214
2026-09-24 23:12:01,user2,view,361
2026-09-24 23:12:02,user2,search,422
2026-09-24 23:12:03,user2,view,867
2026-09-24 23:12:04,user4,purchase,811
2026-09-24 23:12:05,user5,search,253
2026-09-24 23:12:06,user3,login,859
2026-09-24 23:12:07,user5,view,933
2026-09-24 23:12:08,user1,search,523
2026-09-24 23:12:09,user2,search,945
2026-09-24 23:12:10,user5,view,912
2026-09-24 23:12:11,user2,search,463
2026-09-24 23:12:12,user1,purchase,423
2026-09-24 23:12:13,user4,login,511
2026-09-24 23:12:14,user2,purchase,268
2026-09-24 23:12:15,user1,purchase,784
2026-09-24 23:12:16,user2,login,978
2026-09-24 23:12:17,user4,login,174
2026-09-24 23:12:18,user1,search,785
2026-09-24 23:12:19,user1,logout,814
2026-09-24 23:12:20,user5,login,344
2026-09-24 23:12:21,user1,view,989
2026-09-24 23:12:22,user4,logout,158
2026-09-24 23:12:23,user3,view,916
2026-09-24 23:12:24,user5,logout,344
2026-09-24 23:12:25,user1,purchase,484
2026-09-24 23:12:26,user2,search,73
2026-09-24 23:12:27,user3,logout,149
2026-09-24 23:12:28,user1,view,385
2026-09-24 23:12:29,user1,search,748
2026-09-24 23:12:30,user3,view,801
2026-09-24 23:12:31,user2,search,133
2026-09-24 23:12:32,user3,purchase,613
2026-09-24 23:12:33,user1,view,699
2026-09-24 23:12:34,user2,login,837
2026-09-24 23:12:35,user4,logout,830
2026-09-24 23:12:36,user2,logout,131
2026-09-24 23:12:37,user5,login,705
2026-09-24 23:12:38,user2,view,60
2026-09-24 23:12:39,user3,view,201
2026-09-24 23:12:40,user2,purchase,156
2026-09-24 23:12:41,user3,logout,384
2026-09-24 23:12:42,user4,login,894
2026-09-24 23:12:43,user1,view,719
2026-09-24 23:12:44,user4,view,107
2026-09-24 23:12:45,user5,logout,554
2026-09-24 23:12:46,user5,search,421
2026-09-24 23:12:47,user2,purchase,844
2026-09-24 23:12:48,user4,view,512
2026-09-24 23:12:49,user2,view,705
2026-09-24 23:12:50,user1,purchase,700
2026-09-24 23:12:51,user4,search,733
2026-09-24 23:12:52,user1,purchase,452
2026-09-24 23:12:53,user3,login,66
2026-09-24 23:12:54,user3,logout,377
2026-09-24 23:12:55,user4,purchase,119
2026-09-24 23:12:56,user4,view,382
2026-09-24 23:12:57,user5,login,537
2026-09-24 23:12:58,user2,view,528
2026-09-24 23:12:59,user2,login,669
2026-09-24 23:13:00,user3,login,303
2026-09-24 23:13:01,user3,logout,448
2026-09-24 23:13:02,user1,view,891
2026-09-24 23:13:03,user4,search,250
2026-09-24 23:13:04,user1,purchase,86
2026-09-24 23:13:05,user4,purchase,955
2026-09-24 23:13:06,user3,search,921
2026-09-24 23:13:07,user1,logout,947
2026-09-24 23:13:08,user3,view,607
2026-09-24 23:13:09,user1,search,932
2026-09-24 23:13:10,user1,search,980
2026-09-24 23:13:11,user2,view,823
2026-09-24 23:13:12,user1,search,978
2026-09-24 23:13:13,user1,view,774
2026-09-24 23:13:14,user5,login,483
2026-09-24 23:13:15,user3,search,213
2026-09-24 23:13:16,user2,search,245
2026-09-24 23:13:17,user5,login,200
2026-09-24 23:13:18,user2,purchase,351
2026-09-24 23:13:19,user1,logout,857
2026-09-24 23:13:20,user3,logout,938
2026-09-24 23:13:21,user5,login,637
2026-09-24 23:13:22,user2,purchase,722
2026-09-24 23:13:23,user4,login,362
2026-09-24 23:13:24,user4,view,85
2026-09-24 23:13:25,user5,logout,737
2026-09-24 23:13:26,user1,view,298
2026-09-24 23:13:27,user1,login,375
2026-09-24 23:13:28,user4,logout,867
2026-09-24 23:13:29,user2,logout,407
2026-09-24 23:13:30,user3,purchase,507
2026-09-24 23:13:31,user2,purchase,790
2026-09-24 23:13:32,user4,purchase,722
2026-09-24 23:13:33,user4,purchase,134
2026-09-24 23:13:34,user5,logout,669
2026-09-24 23:13:35,user3,purchase,141
2026-09-24 23:13:36,user2,search,952
2026-09-24 23:13:37,user4,purchase,554
2026-09-24 23:13:38,user1,logout,772
2026-09-24 23:13:39,user4,search,812
2026-09-24 23:13:40,user2,purchase,871
2026-09-24 23:13:41,user5,search,418
2026-09-24 23:13:42,user3,view,623
2026-09-24 23:13:43,user4,view,497
2026-09-24 23:13:44,user2,view,609
2026-09-24 23:13:45,user1,logout,807
2026-09-24 23:13:46,user2,purchase,89
2026-09-24 23:13:47,user4,login,967
2026-09-24 23:13:48,user2,purchase,835
2026-09-24 23:13:49,user4,login,549
2026-09-24 23:13:50,user4,login,315
2026-09-24 23:13:51,user3,purchase,962
2026-09-24 23:13:52,user5,view,300
2026-09-24 23:13:53,user1,purchase,67
2026-09-24 23:13:54,user4,logout,470
2026-09-24 23:13:55,user3,logout,933
2026-09-24 23:13:56,user5,logout,255
2026-09-24 23:13:57,user1,view,773
2026-09-24 23:13:58,user1,logout,275
2026-09-24 23:13:59,user4,logout,565
2026-09-24 23:14:00,user2,logout,777
2026-09-24 23:14:01,user2,view,355
2026-09-24 23:14:02,user2,search,868
2026-09-24 23:14:03,user3,view,926
2026-09-24 23:14:04,user1,search,909
2026-09-24 23:14:05,user2,logout,196
2026-09-24 23:14:06,user3,search,748
2026-09-24 23:14:07,user1,login,292
2026-09-24 23:14:08,user2,search,272
2026-09-24 23:14:09,user4,logout,378
2026-09-24 23:14:10,user1,login,815
2026-09-24 23:14:11,user5,search,373
2026-09-24 23:14:12,user4,search,999
2026-09-24 23:14:13,user2,search,987
2026-09-24 23:14:14,user3,purchase,895
2026-09-24 23:14:15,user5,purchase,270
2026-09-24 23:14:16,user1,view,554
2026-09-24 23:14:17,user3,purchase,311
2026-09-24 23:14:18,user4,login,760
2026-09-24 23:14:19,user5,search,264
2026-09-24 23:14:20,user2,view,240
2026-09-24 23:14:21,user3,login,233
2026-09-24 23:14:22,user4,search,54
2026-09-24 23:14:23,user3,search,992
2026-09-24 23:14:24,user1,purchase,684
2026-09-24 23:14:25,user1,logout,312
2026-09-24 23:14:26,user5,view,756
2026-09-24 23:14:27,user3,view,183
2026-09-24 23:14:28,user2,search,355
2026-09-24 23:14:29,user1,logout,79
2026-09-24 23:14:30,user1,search,310
2026-09-24 23:14:31,user5,logout,608
2026-09-24 23:14:32,user5,logout,904
2026-09-24 23:14:33,user4,login,903
2026-09-24 23:14:34,user3,search,83
2026-09-24 23:14:35,user5,login,499
2026-09-24 23:14:36,user1,purchase,155
2026-09-24 23:14:37,user4,logout,942
2026-09-24 23:14:38,user3,purchase,115
2026-09-24 23:14:39,user5,view,722
2026-09-24 23:14:40,user3,logout,590
2026-09-24 23:14:41,user4,view,636
2026-09-24 23:14:42,user2,purchase,507
2026-09-24 23:14:43,user2,logout,939
2026-09-24 23:14:44,user4,purchase,514
2026-09-24 23:14:45,user2,view,597
2026-09-24 23:14:46,user3,login,767
2026-09-24 23:14:47,user3,login,911
2026-09-24 23:14:48,user2,logout,745
2026-09-24 23:14:49,user1,purchase,296
2026-09-24 23:14:50,user2,search,285
2026-09-24 23:14:51,user2,purchase,327
2026-09-24 23:14:52,user5,logout,104
2026-09-24 23:14:53,user4,login,492
2026-09-24 23:14:54,user4,logout,594
2026-09-24 23:14:55,user3,search,960
2026-09-24 23:14:56,user4,search,703
2026-09-24 23:14:57,user5,logout,162
2026-09-24 23:14:58,user1,login,142
2026-09-24 23:14:59,user4,logout,538
2026-09-24 23:15:00,user3,view,174
2026-09-24 23:15:01,user2,search,947
2026-09-24 23:15:02,user5,view,326
2026-09-24 23:15:03,user1,purchase,625
2026-09-24 23:15:04,user5,view,773
2026-09-24 23:15:05,user3,search,67
2026-09-24 23:15:06,user3,search,347
2026-09-24 23:15:07,user1,logout,244
2026-09-24 23:15:08,user2,view,845
2026-09-24 23:15:09,user4,search,625
2026-09-24 23:15:10,user1,login,189
2026-09-24 23:15:11,user1,logout,933
2026-09-24 23:15:12,user2,search,179
2026-09-24 23:15:13,user3,search,919
2026-09-24 23:15:14,user4,search,601
2026-09-24 23:15:15,user2,view,795
2026-09-24 23:15:16,user5,view,768
2026-09-24 23:15:17,user3,view,96
2026-09-24 23:15:18,user3,logout,317
2026-09-24 23:15:19,user1,logout,219
2026-09-24 23:15:20,user5,login,856
2026-09-24 23:15:21,user1,search,755
2026-09-24 23:15:22,user5,purchase,224
2026-09-24 23:15:23,user1,purchase,248
2026-09-24 23:15:24,user5,purchase,647
2026-09-24 23:15:25,user4,login,962
2026-09-24 23:15:26,user2,view,497
2026-09-24 23:15:27,user4,login,849
2026-09-24 23:15:28,user5,login,140
2026-09-24 23:15:29,user5,purchase,610
2026-09-24 23:15:30,user1,login,249
2026-09-24 23:15:31,user1,login,456
2026-09-24 23:15:32,user1,purchase,214
2026-09-24 23:15:33,user5,login,403
2026-09-24 23:15:34,user3,view,894
2026-09-24 23:15:35,user4,logout,654
2026-09-24 23:15:36,user1,search,59
2026-09-24 23:15:37,user1,logout,520
2026-09-24 23:15:38,user2,login,749
2026-09-24 23:15:39,user3,logout,501
2026-09-24 23:15:40,user3,login,868
2026-09-24 23:15:41,user4,logout,352
2026-09-24 23:15:42,user4,logout,823
2026-09-24 23:15:43,user3,logout,991
2026-09-24 23:15:44,user5,search,192
2026-09-24 23:15:45,user4,logout,418
2026-09-24 23:15:46,user1,login,215
2026-09-24 23:15:47,user5,view,505
2026-09-24 23:15:48,user5,view,985
2026-09-24 23:15:49,user1,purchase,58
2026-09-24 23:15:50,user5,search,523
2026-09-24 23:15:51,user4,search,276
2026-09-24 23:15:52,user2,purchase,267
2026-09-24 23:15:53,user5,purchase,270
2026-09-24 23:15:54,user2,search,618
2026-09-24 23:15:55,user4,view,714
2026-09-24 23:15:56,user3,search,238
2026-09-24 23:15:57,user4,purchase,591
2026-09-24 23:15:58,user3,purchase,757
2026-09-24 23:15:59,user2,search,412
2026-09-24 23:16:00,user5,purchase,497
2026-09-24 23:16:01,user1,login,825
2026-09-24 23:16:02,user3,purchase,355
2026-09-24 23:16:03,user2,logout,584
2026-09-24 23:16:04,user3,search,478
2026-09-24 23:16:05,user3,login,885
2026-09-24 23:16:06,user4,logout,947
2026-09-24 23:16:07,user2,view,805
2026-09-24 23:16:08,user1,purchase,698
2026-09-24 23:16:09,user5,purchase,840
2026-09-24 23:16:10,user2,purchase,422
2026-09-24 23:16:11,user1,view,389
2026-09-24 23:16:12,user5,search,368
2026-09-24 23:16:13,user1,login,106
2026-09-24 23:16:14,user5,purchase,480
2026-09-24 23:16:15,user5,login,773
2026-09-24 23:16:16,user5,view,492
2026-09-24 23:16:17,user5,view,65
2026-09-24 23:16:18,user5,login,456
2026-09-24 23:16:19,user4,login,585
2026-09-24 23:16:20,user2,search,706
2026-09-24 23:16:21,user1,purchase,273
2026-09-24 23:16:22,user1,search,873
2026-09-24 23:16:23,user2,search,870
2026-09-24 23:16:24,user4,login,195
2026-09-24 23:16:25,user4,view,89
2026-09-24 23:16:26,user4,view,185
2026-09-24 23:16:27,user1,search,106
2026-09-24 23:16:28,user3,logout,924
2026-09-24 23:16:29,user2,purchase,808
2026-09-24 23:16:30,user2,purchase,136
2026-09-24 23:16:31,user2,login,922
2026-09-24 23:16:32,user5,purchase,710
2026-09-24 23:16:33,user1,purchase,771
2026-09-24 23:16:34,user4,login,586
2026-09-24 23:16:35,user5,search,346
2026-09-24 23:16:36,user3,search,989
2026-09-24 23:16:37,user2,logout,419
2026-09-24 23:16:38,user2,purchase,761
2026-09-24 23:16:39,user5,view,534
2026-09-24 23:16:40,user5,login,760
2026-09-24 23:16:41,user4,purchase,152
2026-09-24 23:16:42,user3,logout,995
2026-09-24 23:16:43,user5,search,710
2026-09-24 23:16:44,user5,view,682
2026-09-24 23:16:45,user1,login,207
2026-09-24 23:16:46,user2,login,522
2026-09-24 23:16:47,user3,view,300
2026-09-24 23:16:48,user2,login,405
2026-09-24 23:16:49,user4,view,411
2026-09-24 23:16:50,user5,logout,314
2026-09-24 23:16:51,user1,search,588
2026-09-24 23:16:52,user2,purchase,747
2026-09-24 23:16:53,user5,view,527
2026-09-24 23:16:54,user1,login,567
2026-09-24 23:16:55,user5,search,241
2026-09-24 23:16:56,user3,logout,482
2026-09-24 23:16:57,user5,logout,880
2026-09-24 23:16:58,user4,purchase,518
2026-09-24 23:16:59,user4,login,209
2026-09-24 23:17:00,user2,purchase,137
2026-09-24 23:17:01,user1,logout,477
2026-09-24 23:17:02,user3,view,639
2026-09-24 23:17:03,user3,login,259
2026-09-24 23:17:04,user2,view,265
2026-09-24 23:17:05,user1,view,872
2026-09-24 23:17:06,user5,search,605
2026-09-24 23:17:07,user2,search,414
2026-09-24 23:17:08,user5,logout,267
2026-09-24 23:17:09,user2,search,316
2026-09-24 23:17:10,user5,view,727
2026-09-24 23:17:11,user3,purchase,452
2026-09-24 23:17:12,user3,search,765
2026-09-24 23:17:13,user4,login,731
2026-09-24 23:17:14,user5,login,102
2026-09-24 23:17:15,user1,search,117
2026-09-24 23:17:16,user3,view,999
2026-09-24 23:17:17,user5,view,723
2026-09-24 23:17:18,user5,login,570
2026-09-24 23:17:19,user2,search,555
2026-09-24 23:17:20,user1,login,844
2026-09-24 23:17:21,user4,view,62
2026-09-24 23:17:22,user5,logout,791
2026-09-24 23:17:23,user1,logout,415
2026-09-24 23:17:24,user4,logout,175
2026-09-24 23:17:25,user5,purchase,176
2026-09-24 23:17:26,user1,logout,763
2026-09-24 23:17:27,user1,logout,262
2026-09-24 23:17:28,user1,purchase,389
2026-09-24 23:17:29,user3,logout,874
2026-09-24 23:17:30,user3,view,564
2026-09-24 23:17:31,user2,view,990
2026-09-24 23:17:32,user1,search,614
2026-09-24 23:17:33,user4,view,503
2026-09-24 23:17:34,user2,logout,313
2026-09-24 23:17:35,user5,purchase,213
2026-09-24 23:17:36,user2,search,531
2026-09-24 23:17:37,user4,view,533
2026-09-24 23:17:38,user1,search,353
2026-09-24 23:17:39,user3,search,316
2026-09-24 23:17:40,user1,purchase,97
2026-09-24 23:17:41,user2,logout,929
2026-09-24 23:17:42,user4,login,213
2026-09-24 23:17:43,user3,search,294
2026-09-24 23:17:44,user5,search,231
2026-09-24 23:17:45,user2,purchase,824
2026-09-24 23:17:46,user4,search,676
2026-09-24 23:17:47,user4,view,145
2026-09-24 23:17:48,user3,view,262
2026-09-24 23:17:49,user4,view,86
2026-09-24 23:17:50,user1,search,370
2026-09-24 23:17:51,user3,purchase,544
2026-09-24 23:17:52,user1,search,908
2026-09-24 23:17:53,user1,view,505
2026-09-24 23:17:54,user4,login,415
2026-09-24 23:17:55,user1,logout,718
2026-09-24 23:17:56,user5,logout,726
2026-09-24 23:17:57,user3,login,817
2026-09-24 23:17:58,user4,login,889
2026-09-24 23:17:59,user1,login,503
2026-09-24 23:18:00,user4,logout,265
2026-09-24 23:18:01,user2,logout,398
2026-09-24 23:18:02,user4,search,584
2026-09-24 23:18:03,user3,search,725
2026-09-24 23:18:04,user1,login,762
2026-09-24 23:18:05,user4,logout,162
2026-09-24 23:18:06,user1,purchase,540
2026-09-24 23:18:07,user2,login,767
2026-09-24 23:18:08,user1,logout,899
2026-09-24 23:18:09,user1,view,546
2026-09-24 23:18:10,user2,login,327
2026-09-24 23:18:11,user1,search,234
2026-09-24 23:18:12,user4,view,195
2026-09-24 23:18:13,user3,view,456
2026-09-24 23:18:14,user4,search,157
2026-09-24 23:18:15,user3,view,741
2026-09-24 23:18:16,user3,login,652
2026-09-24 23:18:17,user1,logout,926
2026-09-24 23:18:18,user5,login,872
2026-09-24 23:18:19,user1,purchase,478
2026-09-24 23:18:20,user2,logout,254
2026-09-24 23:18:21,user1,search,668
2026-09-24 23:18:22,user2,view,123
2026-09-24 23:18:23,user2,login,213
2026-09-24 23:18:24,user3,view,476
2026-09-24 23:18:25,user4,purchase,790
2026-09-24 23:18:26,user5,logout,296
2026-09-24 23:18:27,user3,search,969
2026-09-24 23:18:28,user1,search,749
2026-09-24 23:18:29,user5,login,729
2026-09-24 23:18:30,user3,purchase,890
2026-09-24 23:18:31,user4,view,568
2026-09-24 23:18:32,user4,view,322
2026-09-24 23:18:33,user2,search,376
2026-09-24 23:18:34,user3,purchase,589
2026-09-24 23:18:35,user1,search,331
2026-09-24 23:18:36,user1,search,411
2026-09-24 23:18:37,user4,login,234
2026-09-24 23:18:38,user2,search,750
2026-09-24 23:18:39,user5,purchase,68
2026-09-24 23:18:40,user3,search,464
2026-09-24 23:18:41,user4,login,571
2026-09-24 23:18:42,user2,logout,257
2026-09-24 23:18:43,user2,view,241
2026-09-24 23:18:44,user3,purchase,800
2026-09-24 23:18:45,user1,view,850
2026-09-24 23:18:46,user4,search,129
2026-09-24 23:18:47,user2,search,491
2026-09-24 23:18:48,user3,logout,691
2026-09-24 23:18:49,user4,purchase,788
2026-09-24 23:18:50,user5,search,213
2026-09-24 23:18:51,user4,view,546
2026-09-24 23:18:52,user1,view,709
2026-09-24 23:18:53,user5,logout,943
2026-09-24 23:18:54,user3,search,128
2026-09-24 23:18:55,user3,login,303
2026-09-24 23:18:56,user2,purchase,547
2026-09-24 23:18:57,user5,purchase,904
2026-09-24 23:18:58,user3,view,367
2026-09-24 23:18:59,user2,logout,397
2026-09-24 23:19:00,user5,purchase,802
2026-09-24 23:19:01,user2,view,496
2026-09-24 23:19:02,user3,view,592
2026-09-24 23:19:03,user3,search,401
2026-09-24 23:19:04,user2,view,164
2026-09-24 23:19:05,user2,logout,358
2026-09-24 23:19:06,user2,search,385
2026-09-24 23:19:07,user4,login,126
2026-09-24 23:19:08,user5,purchase,706
2026-09-24 23:19:09,user1,purchase,928
2026-09-24 23:19:10,user3,search,128
2026-09-24 23:19:11,user3,logout,313
2026-09-24 23:19:12,user3,login,900
2026-09-24 23:19:13,user2,logout,853
2026-09-24 23:19:14,user5,search,877
2026-09-24 23:19:15,user4,logout,248
2026-09-24 23:19:16,user5,purchase,655
2026-09-24 23:19:17,user5,purchase,195
2026-09-24 23:19:18,user3,view,206
2026-09-24 23:19:19,user4,view,957
2026-09-24 23:19:20,user2,view,746
2026-09-24 23:19:21,user2,login,543
2026-09-24 23:19:22,user3,login,650
2026-09-24 23:19:23,user4,login,988
2026-09-24 23:19:24,user1,logout,520
2026-09-24 23:19:25,user3,logout,55
2026-09-24 23:19:26,user4,purchase,679
2026-09-24 23:19:27,user1,login,86
2026-09-24 23:19:28,user3,view,678
2026-09-24 23:19:29,user2,search,817
2026-09-24 23:19:30,user5,search,172
2026-09-24 23:19:31,user4,purchase,179
2026-09-24 23:19:32,user1,view,598
2026-09-24 23:19:33,user4,login,238
2026-09-24 23:19:34,user2,logout,538
2026-09-24 23:19:35,user4,logout,642
2026-09-24 23:19:36,user1,login,704
2026-09-24 23:19:37,user4,logout,583
2026-09-24 23:19:38,user5,login,413
2026-09-24 23:19:39,user5,view,99
2026-09-24 23:19:40,user5,login,625
2026-09-24 23:19:41,user2,search,647
2026-09-24 23:19:42,user2,purchase,430
2026-09-24 23:19:43,user4,logout,375
2026-09-24 23:19:44,user5,logout,812
2026-09-24 23:19:45,user1,purchase,302
2026-09-24 23:19:46,user5,search,539
2026-09-24 23:19:47,user1,search,600
2026-09-24 23:19:48,user1,search,867
2026-09-24 23:19:49,user4,logout,510
2026-09-24 23:19:50,user1,search,672
2026-09-24 23:19:51,user3,logout,502
2026-09-24 23:19:52,user3,search,568
2026-09-24 23:19:53,user5,login,685
2026-09-24 23:19:54,user2,search,661
2026-09-24 23:19:55,user2,search,709
2026-09-24 23:19:56,user3,login,744
2026-09-24 23:19:57,user3,purchase,756
2026-09-24 23:19:58,user1,logout,898
2026-09-24 23:19:59,user3,purchase,187
2026-09-24 23:20:00,user2,view,325
2026-09-24 23:20:01,user1,logout,166
2026-09-24 23:20:02,user3,logout,104
2026-09-24 23:20:03,user2,purchase,893
2026-09-24 23:20:04,user5,purchase,399
2026-09-24 23:20:05,user3,view,633
2026-09-24 23:20:06,user2,logout,551
2026-09-24 23:20:07,user3,logout,984
2026-09-24 23:20:08,user1,login,634
2026-09-24 23:20:09,user4,logout,325
2026-09-24 23:20:10,user1,view,146
2026-09-24 23:20:11,user1,purchase,216
2026-09-24 23:20:12,user3,login,235
2026-09-24 23:20:13,user2,logout,130
2026-09-24 23:20:14,user5,logout,469
2026-09-24 23:20:15,user4,logout,428
2026-09-24 23:20:16,user2,login,215
2026-09-24 23:20:17,user3,search,65
2026-09-24 23:20:18,user5,purchase,893
2026-09-24 23:20:19,user3,view,360
2026-09-24 23:20:20,user4,login,804
2026-09-24 23:20:21,user5,login,696
2026-09-24 23:20:22,user2,purchase,289
2026-09-24 23:20:23,user4,search,971
2026-09-24 23:20:24,user2,login,849
2026-09-24 23:20:25,user3,logout,417
2026-09-24 23:20:26,user2,login,667
2026-09-24 23:20:27,user4,purchase,356
2026-09-24 23:20:28,user5,view,915
2026-09-24 23:20:29,user5,view,588
2026-09-24 23:20:30,user5,logout,278
2026-09-24 23:20:31,user4,search,237
2026-09-24 23:20:32,user5,purchase,868
2026-09-24 23:20:33,user3,purchase,990
2026-09-24 23:20:34,user2,purchase,242
2026-09-24 23:20:35,user2,login,839
2026-09-24 23:20:36,user2,search,956
2026-09-24 23:20:37,user5,purchase,257
2026-09-24 23:20:38,user2,view,443
2026-09-24 23:20:39,user1,view,812
2026-09-24 23:20:40,user5,logout,337
2026-09-24 23:20:41,user4,search,493
2026-09-24 23:20:42,user3,view,672
2026-09-24 23:20:43,user2,login,358
2026-09-24 23:20:44,user4,search,990
2026-09-24 23:20:45,user2,logout,230
2026-09-24 23:20:46,user1,logout,195
2026-09-24 23:20:47,user3,logout,296
2026-09-24 23:20:48,user4,search,971
2026-09-24 23:20:49,user4,login,291
2026-09-24 23:20:50,user5,login,270
2026-09-24 23:20:51,user5,view,143
2026-09-24 23:20:52,user4,purchase,437
2026-09-24 23:20:53,user2,search,739
2026-09-24 23:20:54,user3,view,88
2026-09-24 23:20:55,user3,view,268
2026-09-24 23:20:56,user4,login,92
2026-09-24 23:20:57,user1,logout,593
2026-09-24 23:20:58,user4,view,930
2026-09-24 23:20:59,user5,view,269
2026-09-24 23:21:00,user3,logout,258
2026-09-24 23:21:01,user3,search,777
2026-09-24 23:21:02,user5,login,342
2026-09-24 23:21:03,user3,logout,851
2026-09-24 23:21:04,user3,logout,890
2026-09-24 23:21:05,user1,purchase,547
2026-09-24 23:21:06,user1,view,323
2026-09-24 23:21:07,user4,purchase,408
2026-09-24 23:21:08,user1,view,216
2026-09-24 23:21:09,user1,logout,155
2026-09-24 23:21:10,user2,view,427
2026-09-24 23:21:11,user5,view,431
2026-09-24 23:21:12,user4,login,499
2026-09-24 23:21:13,user4,purchase,977
2026-09-24 23:21:14,user3,view,928
2026-09-24 23:21:15,user3,search,733
2026-09-24 23:21:16,user2,logout,639
2026-09-24 23:21:17,user1,login,954
2026-09-24 23:21:18,user3,view,515
2026-09-24 23:21:19,user1,login,795
2026-09-24 23:21:20,user3,search,890
2026-09-24 23:21:21,user2,login,758
2026-09-24 23:21:22,user2,logout,780
2026-09-24 23:21:23,user4,login,140
2026-09-24 23:21:24,user5,login,647
2026-09-24 23:21:25,user3,search,471
2026-09-24 23:21:26,user4,purchase,299
2026-09-24 23:21:27,user2,login,814
2026-09-24 23:21:28,user2,login,686
2026-09-24 23:21:29,user1,logout,186
2026-09-24 23:21:30,user4,login,453
2026-09-24 23:21:31,user4,search,741
2026-09-24 23:21:32,user1,search,933
2026-09-24 23:21:33,user2,logout,264
2026-09-24 23:21:34,user3,logout,367
2026-09-24 23:21:35,user3,logout,136
2026-09-24 23:21:36,user4,search,96
2026-09-24 23:21:37,user4,login,716
2026-09-24 23:21:38,user4,view,277
2026-09-24 23:21:39,user4,view,752
2026-09-24 23:21:40,user3,search,402
2026-09-24 23:21:41,user1,search,671
2026-09-24 23:21:42,user5,search,775
2026-09-24 23:21:43,user5,view,719
2026-09-24 23:21:44,user4,purchase,496
2026-09-24 23:21:45,user3,login,72
2026-09-24 23:21:46,user5,logout,329
2026-09-24 23:21:47,user1,search,977
2026-09-24 23:21:48,user3,logout,999
2026-09-24 23:21:49,user5,purchase,419
2026-09-24 23:21:50,user4,purchase,237
2026-09-24 23:21:51,user2,search,654
2026-09-24 23:21:52,user5,view,403
2026-09-24 23:21:53,user5,purchase,433
2026-09-24 23:21:54,user2,view,885
2026-09-24 23:21:55,user3,search,757
2026-09-24 23:21:56,user1,purchase,874
2026-09-24 23:21:57,user2,purchase,574
2026-09-24 23:21:58,user2,search,535
2026-09-24 23:21:59,user5,search,121
2026-09-24 23:22:00,user4,search,954
2026-09-24 23:22:01,user1,purchase,571
2026-09-24 23:22:02,user1,login,543
2026-09-24 23:22:03,user3,search,290
2026-09-24 23:22:04,user2,purchase,173
2026-09-24 23:22:05,user5,purchase,278
2026-09-24 23:22:06,user2,logout,934
2026-09-24 23:22:07,user2,login,305
2026-09-24 23:22:08,user5,logout,429
2026-09-24 23:22:09,user1,view,258
2026-09-24 23:22:10,user5,purchase,952
2026-09-24 23:22:11,user3,purchase,202
2026-09-24 23:22:12,user2,view,470
2026-09-24 23:22:13,user4,login,289
2026-09-24 23:22:14,user2,purchase,785
2026-09-24 23:22:15,user1,purchase,649
2026-09-24 23:22:16,user2,logout,693
2026-09-24 23:22:17,user1,login,769
2026-09-24 23:22:18,user4,login,217
2026-09-24 23:22:19,user2,login,156
2026-09-24 23:22:20,user3,search,976
2026-09-24 23:22:21,user2,search,753
2026-09-24 23:22:22,user1,search,121
2026-09-24 23:22:23,user4,view,659
2026-09-24 23:22:24,user5,logout,955
2026-09-24 23:22:25,user4,login,272
2026-09-24 23:22:26,user2,purchase,735
2026-09-24 23:22:27,user2,login,828
2026-09-24 23:22:28,user3,login,617
2026-09-24 23:22:29,user4,search,159
2026-09-24 23:22:30,user4,purchase,537
2026-09-24 23:22:31,user1,search,50
2026-09-24 23:22:32,user1,login,85
2026-09-24 23:22:33,user2,view,301
2026-09-24 23:22:34,user5,logout,665
2026-09-24 23:22:35,user4,purchase,647
2026-09-24 23:22:36,user2,logout,698
2026-09-24 23:22:37,user1,purchase,583
2026-09-24 23:22:38,user1,search,422
2026-09-24 23:22:39,user5,logout,827
2026-09-24 23:22:40,user5,purchase,731
2026-09-24 23:22:41,user4,view,628
2026-09-24 23:22:42,user5,view,405
2026-09-24 23:22:43,user2,logout,339
2026-09-24 23:22:44,user4,purchase,114
2026-09-24 23:22:45,user5,purchase,787
2026-09-24 23:22:46,user2,view,147
2026-09-24 23:22:47,user4,login,741
2026-09-24 23:22:48,user5,view,491
2026-09-24 23:22:49,user5,purchase,675
2026-09-24 23:22:50,user4,view,309
2026-09-24 23:22:51,user1,search,419
2026-09-24 23:22:52,user2,view,379
2026-09-24 23:22:53,user2,purchase,978
2026-09-24 23:22:54,user3,purchase,76
2026-09-24 23:22:55,user1,search,528
2026-09-24 23:22:56,user2,view,759
2026-09-24 23:22:57,user3,login,116
2026-09-24 23:22:58,user3,login,305
2026-09-24 23:22:59,user4,purchase,598
2026-09-24 23:23:00,user2,login,338
2026-09-24 23:23:01,user4,search,628
2026-09-24 23:23:02,user2,login,769
2026-09-24 23:23:03,user4,search,204
2026-09-24 23:23:04,user3,logout,192
2026-09-24 23:23:05,user1,search,943
2026-09-24 23:23:06,user2,search,366
2026-09-24 23:23:07,user2,login,593
2026-09-24 23:23:08,user2,search,379
2026-09-24 23:23:09,user4,logout,678
2026-09-24 23:23:10,user2,login,495
2026-09-24 23:23:11,user5,search,121
2026-09-24 23:23:12,user4,login,705
2026-09-24 23:23:13,user2,login,392
2026-09-24 23:23:14,user4,purchase,913
2026-09-24 23:23:15,user2,login,118
2026-09-24 23:23:16,user3,logout,159
2026-09-24 23:23:17,user5,view,996
2026-09-24 23:23:18,user2,logout,657
2026-09-24 23:23:19,user1,logout,611
2026-09-24 23:23:20,user5,logout,607
2026-09-24 23:23:21,user2,logout,633
2026-09-24 23:23:22,user2,purchase,178
2026-09-24 23:23:23,user3,view,552
2026-09-24 23:23:24,user3,logout,62
2026-09-24 23:23:25,user2,purchase,827
2026-09-24 23:23:26,user3,logout,554
2026-09-24 23:23:27,user3,login,325
2026-09-24 23:23:28,user3,view,600
2026-09-24 23:23:29,user4,logout,537
2026-09-24 23:23:30,user4,logout,704
2026-09-24 23:23:31,user1,logout,275
2026-09-24 23:23:32,user1,purchase,121
2026-09-24 23:23:33,user4,view,478
2026-09-24 23:23:34,user3,search,652
2026-09-24 23:23:35,user1,logout,692
2026-09-24 23:23:36,user2,search,662
2026-09-24 23:23:37,user4,purchase,463
2026-09-24 23:23:38,user5,search,630
2026-09-24 23:23:39,user4,login,169
2026-09-24 23:23:40,user2,search,560
2026-09-24 23:23:41,user5,logout,956
2026-09-24 23:23:42,user4,view,154
2026-09-24 23:23:43,user4,logout,358
2026-09-24 23:23:44,user3,search,396
2026-09-24 23:23:45,user5,purchase,709
2026-09-24 23:23:46,user4,logout,160
2026-09-24 23:23:47,user2,logout,435
2026-09-24 23:23:48,user3,search,907
2026-09-24 23:23:49,user4,purchase,939
2026-09-24 23:23:50,user5,logout,757
2026-09-24 23:23:51,user1,login,131
2026-09-24 23:23:52,user5,view,230
2026-09-24 23:23:53,user5,search,745
2026-09-24 23:23:54,user1,login,977
2026-09-24 23:23:55,user3,search,653
2026-09-24 23:23:56,user5,search,930
2026-09-24 23:23:57,user1,search,289
2026-09-24 23:23:58,user1,logout,521
2026-09-24 23:23:59,user4,search,290
2026-09-24 23:24:00,user1,purchase,305
2026-09-24 23:24:01,user2,login,159
2026-09-24 23:24:02,user1,view,327
2026-09-24 23:24:03,user4,search,797
2026-09-24 23:24:04,user3,purchase,197
2026-09-24 23:24:05,user3,logout,441
2026-09-24 23:24:06,user4,logout,888
2026-09-24 23:24:07,user4,search,687
2026-09-24 23:24:08,user4,logout,283
2026-09-24 23:24:09,user4,view,631
2026-09-24 23:24:10,user3,search,363
2026-09-24 23:24:11,user4,purchase,267
2026-09-24 23:24:12,user2,search,980
2026-09-24 23:24:13,user1,purchase,937
2026-09-24 23:24:14,user2,logout,894
2026-09-24 23:24:15,user2,purchase,960
2026-09-24 23:24:16,user3,purchase,163
2026-09-24 23:24:17,user2,purchase,472
2026-09-24 23:24:18,user5,view,936
2026-09-24 23:24:19,user5,view,387
2026-09-24 23:24:20,user2,logout,787
2026-09-24 23:24:21,user2,login,625
2026-09-24 23:24:22,user2,purchase,831
2026-09-24 23:24:23,user5,search,674
2026-09-24 23:24:24,user3,view,980
2026-09-24 23:24:25,user4,search,384
2026-09-24 23:24:26,user5,view,94
2026-09-24 23:24:27,user2,logout,712
2026-09-24 23:24:28,user4,search,892
2026-09-24 23:24:29,user2,search,959
2026-09-24 23:24:30,user4,login,533
2026-09-24 23:24:31,user5,search,806
2026-09-24 23:24:32,user1,logout,595
2026-09-24 23:24:33,user5,purchase,414
2026-09-24 23:24:34,user4,purchase,661
2026-09-24 23:24:35,user1,purchase,360
2026-09-24 23:24:36,user2,search,144
2026-09-24 23:24:37,user1,search,209
2026-09-24 23:24:38,user2,logout,523
2026-09-24 23:24:39,user3,logout,231
2026-09-24 23:24:40,user1,login,291
2026-09-24 23:24:41,user2,view,836
2026-09-24 23:24:42,user4,logout,688
2026-09-24 23:24:43,user3,login,579
2026-09-24 23:24:44,user4,view,270
2026-09-24 23:24:45,user1,view,959
2026-09-24 23:24:46,user5,view,576
2026-09-24 23:24:47,user3,purchase,502
2026-09-24 23:24:48,user2,search,806
2026-09-24 23:24:49,user5,purchase,436
2026-09-24 23:24:50,user1,search,949
2026-09-24 23:24:51,user3,purchase,72
2026-09-24 23:24:52,user1,login,316
2026-09-24 23:24:53,user1,search,342
2026-09-24 23:24:54,user1,logout,358
2026-09-24 23:24:55,user2,login,404
2026-09-24 23:24:56,user5,view,594
2026-09-24 23:24:57,user2,purchase,241
2026-09-24 23:24:58,user5,logout,857
2026-09-24 23:24:59,user5,view,96
2026-09-24 23:25:00,user2,view,655
2026-09-24 23:25:01,user4,purchase,591
2026-09-24 23:25:02,user2,purchase,348
2026-09-24 23:25:03,user4,logout,935
2026-09-24 23:25:04,user2,search,139
2026-09-24 23:25:05,user1,logout,362
2026-09-24 23:25:06,user4,search,585
2026-09-24 23:25:07,user1,logout,70
2026-09-24 23:25:08,user1,view,234
2026-09-24 23:25:09,user2,purchase,567
2026-09-24 23:25:10,user2,search,636
2026-09-24 23:25:11,user4,view,272
2026-09-24 23:25:12,user3,logout,772
2026-09-24 23:25:13,user1,purchase,478
2026-09-24 23:25:14,user3,purchase,433
2026-09-24 23:25:15,user5,purchase,910
2026-09-24 23:25:16,user2,search,708
2026-09-24 23:25:17,user2,view,642
2026-09-24 23:25:18,user5,purchase,926
2026-09-24 23:25:19,user5,purchase,297
2026-09-24 23:25:20,user5,purchase,804
2026-09-24 23:25:21,user3,purchase,861
2026-09-24 23:25:22,user4,purchase,569
2026-09-24 23:25:23,user5,view,407
2026-09-24 23:25:24,user3,view,994
2026-09-24 23:25:25,user5,login,341
2026-09-24 23:25:26,user4,login,602
2026-09-24 23:25:27,user3,logout,764
2026-09-24 23:25:28,user1,view,639
2026-09-24 23:25:29,user4,logout,660
2026-09-24 23:25:30,user3,login,829
2026-09-24 23:25:31,user5,login,577
2026-09-24 23:25:32,user4,purchase,316
2026-09-24 23:25:33,user4,view,979
2026-09-24 23:25:34,user2,search,859
2026-09-24 23:25:35,user2,logout,275
2026-09-24 23:25:36,user1,purchase,627
2026-09-24 23:25:37,user3,purchase,595
2026-09-24 23:25:38,user1,view,962
2026-09-24 23:25:39,user5,search,422
2026-09-24 23:25:40,user4,logout,455
2026-09-24 23:25:41,user5,view,109
2026-09-24 23:25:42,user5,login,166
2026-09-24 23:25:43,user1,purchase,258
2026-09-24 23:25:44,user3,view,92
2026-09-24 23:25:45,user1,purchase,162
2026-09-24 23:25:46,user5,logout,814
2026-09-24 23:25:47,user1,view,405
2026-09-24 23:25:48,user2,purchase,97
2026-09-24 23:25:49,user1,view,331
2026-09-24 23:25:50,user5,login,890
2026-09-24 23:25:51,user5,view,154
2026-09-24 23:25:52,user5,logout,625
2026-09-24 23:25:53,user3,login,140
2026-09-24 23:25:54,user5,view,931
2026-09-24 23:25:55,user1,login,549
2026-09-24 23:25:56,user2,view,85
2026-09-24 23:25:57,user3,login,497
2026-09-24 23:25:58,user1,login,653
2026-09-24 23:25:59,user4,purchase,339
2026-09-24 23:26:00,user1,purchase,788
2026-09-24 23:26:01,user4,login,142
2026-09-24 23:26:02,user3,logout,490
2026-09-24 23:26:03,user3,login,703
2026-09-24 23:26:04,user3,logout,874
2026-09-24 23:26:05,user4,login,358
2026-09-24 23:26:06,user2,purchase,924
2026-09-24 23:26:07,user4,view,885
2026-09-24 23:26:08,user5,purchase,585
2026-09-24 23:26:09,user4,search,375
2026-09-24 23:26:10,user2,login,221
2026-09-24 23:26:11,user2,purchase,807
2026-09-24 23:26:12,user1,search,164
2026-09-24 23:26:13,user1,search,181
2026-09-24 23:26:14,user5,login,913
2026-09-24 23:26:15,user5,view,351
2026-09-24 23:26:16,user2,search,461
2026-09-24 23:26:17,user3,search,297
2026-09-24 23:26:18,user2,purchase,342
2026-09-24 23:26:19,user1,logout,121
2026-09-24 23:26:20,user3,view,434
2026-09-24 23:26:21,user1,view,179
2026-09-24 23:26:22,user5,logout,351
2026-09-24 23:26:23,user1,purchase,422
2026-09-24 23:26:24,user1,purchase,906
2026-09-24 23:26:25,user3,logout,462
2026-09-24 23:26:26,user2,search,947
2026-09-24 23:26:27,user1,search,886
2026-09-24 23:26:28,user1,logout,929
2026-09-24 23:26:29,user4,view,735
2026-09-24 23:26:30,user1,purchase,342
2026-09-24 23:26:31,user2,purchase,598
2026-09-24 23:26:32,user1,logout,652
2026-09-24 23:26:33,user1,login,145
2026-09-24 23:26:34,user4,purchase,108
2026-09-24 23:26:35,user3,search,976
2026-09-24 23:26:36,user2,view,190
2026-09-24 23:26:37,user1,logout,961
2026-09-24 23:26:38,user4,search,348
2026-09-24 23:26:39,user2,view,579
2026-09-24 23:26:40,user2,logout,641
2026-09-24 23:26:41,user5,logout,951
2026-09-24 23:26:42,user5,logout,350
2026-09-24 23:26:43,user2,login,752
2026-09-24 23:26:44,user3,search,224
2026-09-24 23:26:45,user5,login,518
2026-09-24 23:26:46,user2,search,336
2026-09-24 23:26:47,user2,purchase,961
2026-09-24 23:26:48,user1,view,372
2026-09-24 23:26:49,user1,search,192
2026-09-24 23:26:50,user2,purchase,404
2026-09-24 23:26:51,user1,view,64
2026-09-24 23:26:52,user1,login,278
2026-09-24 23:26:53,user5,view,899
2026-09-24 23:26:54,user5,logout,923
2026-09-24 23:26:55,user1,purchase,563
2026-09-24 23:26:56,user4,login,552
2026-09-24 23:26:57,user4,view,265
2026-09-24 23:26:58,user4,login,443
2026-09-24 23:26:59,user3,search,729
2026-09-24 23:27:00,user3,view,91
2026-09-24 23:27:01,user4,logout,613
2026-09-24 23:27:02,user1,login,336
2026-09-24 23:27:03,user1,search,248
2026-09-24 23:27:04,user2,logout,68
2026-09-24 23:27:05,user2,logout,213
2026-09-24 23:27:06,user3,login,747
2026-09-24 23:27:07,user5,logout,693
2026-09-24 23:27:08,user2,login,415
2026-09-24 23:27:09,user3,logout,461
2026-09-24 23:27:10,user3,login,555
2026-09-24 23:27:11,user2,logout,154
2026-09-24 23:27:12,user4,search,992
2026-09-24 23:27:13,user2,login,193
2026-09-24 23:27:14,user3,purchase,618
2026-09-24 23:27:15,user2,purchase,714
2026-09-24 23:27:16,user4,purchase,798
2026-09-24 23:27:17,user4,purchase,388
2026-09-24 23:27:18,user4,login,54
2026-09-24 23:27:19,user4,search,125
2026-09-24 23:27:20,user2,login,612
2026-09-24 23:27:21,user3,login,914
2026-09-24 23:27:22,user3,search,897
2026-09-24 23:27:23,user1,view,295
2026-09-24 23:27:24,user4,purchase,712
2026-09-24 23:27:25,user3,logout,678
2026-09-24 23:27:26,user5,logout,696
2026-09-24 23:27:27,user5,search,584
2026-09-24 23:27:28,user4,logout,281
2026-09-24 23:27:29,user1,login,103
2026-09-24 23:27:30,user5,purchase,105
2026-09-24 23:27:31,user2,login,680
2026-09-24 23:27:32,user2,login,950
2026-09-24 23:27:33,user2,purchase,824
2026-09-24 23:27:34,user4,view,427
2026-09-24 23:27:35,user1,search,255
2026-09-24 23:27:36,user1,search,685
2026-09-24 23:27:37,user3,purchase,890
2026-09-24 23:27:38,user5,search,611
2026-09-24 23:27:39,user5,logout,186
2026-09-24 23:27:40,user3,logout,707
2026-09-24 23:27:41,user2,view,915
2026-09-24 23:27:42,user5,logout,685
2026-09-24 23:27:43,user3,login,675
2026-09-24 23:27:44,user3,login,785
2026-09-24 23:27:45,user3,view,232
2026-09-24 23:27:46,user2,login,415
2026-09-24 23:27:47,user1,logout,964
2026-09-24 23:27:48,user3,view,774
2026-09-24 23:27:49,user1,view,939
2026-09-24 23:27:50,user5,purchase,117
2026-09-24 23:27:51,user1,view,732
2026-09-24 23:27:52,user4,search,622
2026-09-24 23:27:53,user3,purchase,436
2026-09-24 23:27:54,user2,view,528
2026-09-24 23:27:55,user5,search,602
2026-09-24 23:27:56,user4,login,403
2026-09-24 23:27:57,user1,search,473
2026-09-24 23:27:58,user1,login,128
2026-09-24 23:27:59,user2,view,816
2026-09-24 23:28:00,user1,view,843
2026-09-24 23:28:01,user2,view,967
2026-09-24 23:28:02,user2,search,618
2026-09-24 23:28:03,user2,view,670
2026-09-24 23:28:04,user3,logout,946
2026-09-24 23:28:05,user3,purchase,449
2026-09-24 23:28:06,user5,login,286
2026-09-24 23:28:07,user2,search,685
2026-09-24 23:28:08,user1,logout,388
2026-09-24 23:28:09,user5,login,152
2026-09-24 23:28:10,user4,logout,809
2026-09-24 23:28:11,user2,search,930
2026-09-24 23:28:12,user5,purchase,665
2026-09-24 23:28:13,user4,purchase,537
2026-09-24 23:28:14,user1,search,466
2026-09-24 23:28:15,user3,login,643
2026-09-24 23:28:16,user5,view,312
2026-09-24 23:28:17,user5,search,569
2026-09-24 23:28:18,user1,login,789
2026-09-24 23:28:19,user4,login,645
2026-09-24 23:28:20,user3,login,262
2026-09-24 23:28:21,user2,login,709
2026-09-24 23:28:22,user2,view,358
2026-09-24 23:28:23,user3,view,67
2026-09-24 23:28:24,user3,logout,651
2026-09-24 23:28:25,user2,logout,801
2026-09-24 23:28:26,user3,purchase,309
2026-09-24 23:28:27,user2,purchase,911
2026-09-24 23:28:28,user3,login,563
2026-09-24 23:28:29,user5,purchase,250
2026-09-24 23:28:30,user5,login,782
2026-09-24 23:28:31,user3,search,765
2026-09-24 23:28:32,user5,purchase,250
2026-09-24 23:28:33,user5,purchase,881
2026-09-24 23:28:34,user5,view,934
2026-09-24 23:28:35,user4,login,963
2026-09-24 23:28:36,user3,logout,292
2026-09-24 23:28:37,user1,view,1000
2026-09-24 23:28:38,user4,logout,57
2026-09-24 23:28:39,user1,login,262
2026-09-24 23:28:40,user2,logout,300
2026-09-24 23:28:41,user4,login,362
2026-09-24 23:28:42,user3,purchase,972
2026-09-24 23:28:43,user1,logout,268
2026-09-24 23:28:44,user2,purchase,800
2026-09-24 23:28:45,user3,logout,357
2026-09-24 23:28:46,user1,view,587
2026-09-24 23:28:47,user3,logout,504
2026-09-24 23:28:48,user4,login,836
2026-09-24 23:28:49,user1,search,537
2026-09-24 23:28:50,user2,purchase,720
2026-09-24 23:28:51,user4,search,998
2026-09-24 23:28:52,user2,view,522
2026-09-24 23:28:53,user1,purchase,305
2026-09-24 23:28:54,user2,logout,338
2026-09-24 23:28:55,user2,login,574
2026-09-24 23:28:56,user4,login,496
2026-09-24 23:28:57,user3,view,793
2026-09-24 23:28:58,user4,search,455
2026-09-24 23:28:59,user4,purchase,55
2026-09-24 23:29:00,user5,view,520
2026-09-24 23:29:01,user1,view,141
2026-09-24 23:29:02,user4,logout,530
2026-09-24 23:29:03,user1,purchase,586
2026-09-24 23:29:04,user4,search,935
2026-09-24 23:29:05,user2,login,903
2026-09-24 23:29:06,user3,logout,571
2026-09-24 23:29:07,user3,logout,860
2026-09-24 23:29:08,user1,purchase,923
2026-09-24 23:29:09,user3,logout,248
2026-09-24 23:29:10,user5,search,892
2026-09-24 23:29:11,user5,purchase,212
2026-09-24 23:29:12,user2,search,982
2026-09-24 23:29:13,user1,logout,910
2026-09-24 23:29:14,user3,logout,143
2026-09-24 23:29:15,user4,login,555
2026-09-24 23:29:16,user5,login,659
2026-09-24 23:29:17,user4,search,681
2026-09-24 23:29:18,user2,view,354
2026-09-24 23:29:19,user2,search,615
2026-09-24 23:29:20,user1,purchase,326
2026-09-24 23:29:21,user1,purchase,556
2026-09-24 23:29:22,user2,view,387
2026-09-24 23:29:23,user1,purchase,940
2026-09-24 23:29:24,user4,login,468
2026-09-24 23:29:25,user3,search,999
2026-09-24 23:29:26,user4,login,412
2026-09-24 23:29:27,user5,purchase,575
2026-09-24 23:29:28,user2,view,729
2026-09-24 23:29:29,user3,logout,588
2026-09-24 23:29:30,user3,view,901
2026-09-24 23:29:31,user3,login,94
2026-09-24 23:29:32,user2,view,667
2026-09-24 23:29:33,user4,search,408
2026-09-24 23:29:34,user5,purchase,299
2026-09-24 23:29:35,user5,logout,402
2026-09-24 23:29:36,user1,search,687
2026-09-24 23:29:37,user3,logout,251
2026-09-24 23:29:38,user4,purchase,628
2026-09-24 23:29:39,user4,login,999
2026-09-24 23:29:40,user2,search,864
2026-09-24 23:29:41,user5,search,864
2026-09-24 23:29:42,user2,view,571
2026-09-24 23:29:43,user3,purchase,431
2026-09-24 23:29:44,user1,login,232
2026-09-24 23:29:45,user2,logout,789
2026-09-24 23:29:46,user5,view,138
2026-09-24 23:29:47,user1,search,208
2026-09-24 23:29:48,user3,view,734
2026-09-24 23:29:49,user1,search,92
2026-09-24 23:29:50,user1,login,122
2026-09-24 23:29:51,user2,view,967
2026-09-24 23:29:52,user2,purchase,618
2026-09-24 23:29:53,user1,search,874
2026-09-24 23:29:54,user4,login,767
2026-09-24 23:29:55,user4,logout,312
2026-09-24 23:29:56,user5,login,835
2026-09-24 23:29:57,user3,purchase,456
2026-09-24 23:29:58,user4,purchase,662
2026-09-24 23:29:59,user5,purchase,61
2026-09-24 23:30:00,user4,search,928
2026-09-24 23:30:01,user4,search,911
2026-09-24 23:30:02,user2,view,293
2026-09-24 23:30:03,user3,login,988
2026-09-24 23:30:04,user3,search,549
2026-09-24 23:30:05,user1,login,432
2026-09-24 23:30:06,user5,purchase,873
2026-09-24 23:30:07,user5,login,449
2026-09-24 23:30:08,user1,purchase,760
2026-09-24 23:30:09,user2,logout,706
2026-09-24 23:30:10,user2,purchase,936
2026-09-24 23:30:11,user5,search,727
2026-09-24 23:30:12,user5,search,965
2026-09-24 23:30:13,user3,purchase,152
2026-09-24 23:30:14,user5,purchase,683
2026-09-24 23:30:15,user2,login,449
2026-09-24 23:30:16,user2,purchase,668
2026-09-24 23:30:17,user3,logout,318
2026-09-24 23:30:18,user1,view,120
2026-09-24 23:30:19,user3,purchase,286
2026-09-24 23:30:20,user5,login,150
2026-09-24 23:30:21,user4,purchase,532
2026-09-24 23:30:22,user4,login,512
2026-09-24 23:30:23,user5,purchase,100
2026-09-24 23:30:24,user1,purchase,86
2026-09-24 23:30:25,user4,login,155
2026-09-24 23:30:26,user2,search,492
2026-09-24 23:30:27,user2,logout,702
2026-09-24 23:30:28,user2,logout,321
2026-09-24 23:30:29,user5,purchase,560
2026-09-24 23:30:30,user3,purchase,101
2026-09-24 23:30:31,user1,login,829
2026-09-24 23:30:32,user3,view,363
2026-09-24 23:30:33,user1,view,967
2026-09-24 23:30:34,user4,search,299
2026-09-24 23:30:35,user1,search,584
2026-09-24 23:30:36,user4,logout,324
2026-09-24 23:30:37,user4,login,140
2026-09-24 23:30:38,user3,purchase,143
2026-09-24 23:30:39,user4,logout,626
2026-09-24 23:30:40,user1,search,545
2026-09-24 23:30:41,user2,logout,609
2026-09-24 23:30:42,user4,login,393
2026-09-24 23:30:43,user2,login,338
2026-09-24 23:30:44,user3,view,228
2026-09-24 23:30:45,user1,login,619
2026-09-24 23:30:46,user5,login,116
2026-09-24 23:30:47,user5,login,596
2026-09-24 23:30:48,user5,view,746
2026-09-24 23:30:49,user5,search,799
2026-09-24 23:30:50,user4,search,141
2026-09-24 23:30:51,user1,purchase,570
2026-09-24 23:30:52,user2,purchase,489
2026-09-24 23:30:53,user3,view,684
2026-09-24 23:30:54,user3,login,545
2026-09-24 23:30:55,user1,purchase,86
2026-09-24 23:30:56,user2,login,857
2026-09-24 23:30:57,user5,purchase,647
2026-09-24 23:30:58,user1,logout,921
2026-09-24 23:30:59,user1,login,809
2026-09-24 23:31:00,user5,search,236
2026-09-24 23:31:01,user1,purchase,314
2026-09-24 23:31:02,user2,purchase,553
2026-09-24 23:31:03,user1,purchase,612
2026-09-24 23:31:04,user3,login,589
2026-09-24 23:31:05,user5,view,650
2026-09-24 23:31:06,user3,search,592
2026-09-24 23:31:07,user3,search,859
2026-09-24 23:31:08,user1,view,688
2026-09-24 23:31:09,user3,view,242
2026-09-24 23:31:10,user5,logout,875
2026-09-24 23:31:11,user4,search,476
2026-09-24 23:31:12,user1,purchase,461
2026-09-24 23:31:13,user3,purchase,491
2026-09-24 23:31:14,user3,search,875
2026-09-24 23:31:15,user3,view,66
2026-09-24 23:31:16,user5,view,993
2026-09-24 23:31:17,user1,purchase,328
2026-09-24 23:31:18,user3,purchase,54
2026-09-24 23:31:19,user4,purchase,718
2026-09-24 23:31:20,user5,search,254
2026-09-24 23:31:21,user5,logout,473
2026-09-24 23:31:22,user5,purchase,686
2026-09-24 23:31:23,user3,login,867
2026-09-24 23:31:24,user4,view,983
2026-09-24 23:31:25,user5,logout,220
2026-09-24 23:31:26,user2,view,568
2026-09-24 23:31:27,user4,logout,809
2026-09-24 23:31:28,user4,purchase,743
2026-09-24 23:31:29,user1,search,363
2026-09-24 23:31:30,user5,purchase,646
2026-09-24 23:31:31,user2,login,82
2026-09-24 23:31:32,user4,search,887
2026-09-24 23:31:33,user4,purchase,290
2026-09-24 23:31:34,user1,view,670
2026-09-24 23:31:35,user3,view,437
2026-09-24 23:31:36,user4,purchase,901
2026-09-24 23:31:37,user5,login,545
2026-09-24 23:31:38,user2,view,335
2026-09-24 23:31:39,user2,login,444
2026-09-24 23:31:40,user5,login,834
2026-09-24 23:31:41,user2,view,707
2026-09-24 23:31:42,user3,search,303
2026-09-24 23:31:43,user2,view,570
2026-09-24 23:31:44,user5,view,374
2026-09-24 23:31:45,user1,login,606
2026-09-24 23:31:46,user4,login,283
2026-09-24 23:31:47,user4,login,782
2026-09-24 23:31:48,user5,login,682
2026-09-24 23:31:49,user1,login,112
2026-09-24 23:31:50,user4,login,528
2026-09-24 23:31:51,user5,search,496
2026-09-24 23:31:52,user2,login,746
2026-09-24 23:31:53,user5,view,967
2026-09-24 23:31:54,user5,search,932
2026-09-24 23:31:55,user2,view,204
2026-09-24 23:31:56,user1,logout,98
2026-09-24 23:31:57,user4,login,193
2026-09-24 23:31:58,user2,logout,691
2026-09-24 23:31:59,user4,login,82
2026-09-24 23:32:00,user1,view,399
2026-09-24 23:32:01,user1,purchase,788
2026-09-24 23:32:02,user1,search,534
2026-09-24 23:32:03,user1,login,909
2026-09-24 23:32:04,user5,view,106
2026-09-24 23:32:05,user1,search,191
2026-09-24 23:32:06,user2,login,526
2026-09-24 23:32:07,user1,search,927
2026-09-24 23:32:08,user1,view,614
2026-09-24 23:32:09,user2,purchase,83
2026-09-24 23:32:10,user5,search,517
2026-09-24 23:32:11,user2,login,129
2026-09-24 23:32:12,user1,purchase,333
2026-09-24 23:32:13,user1,login,170
2026-09-24 23:32:14,user1,search,96
2026-09-24 23:32:15,user4,search,580
2026-09-24 23:32:16,user4,view,755
2026-09-24 23:32:17,user3,logout,949
2026-09-24 23:32:18,user3,purchase,346
2026-09-24 23:32:19,user5,search,335
2026-09-24 23:32:20,user4,view,782
2026-09-24 23:32:21,user4,purchase,986
2026-09-24 23:32:22,user1,search,230
2026-09-24 23:32:23,user3,login,466
2026-09-24 23:32:24,user4,purchase,763
2026-09-24 23:32:25,user5,view,372
2026-09-24 23:32:26,user1,search,409
2026-09-24 23:32:27,user3,purchase,645
2026-09-24 23:32:28,user3,purchase,67
2026-09-24 23:32:29,user4,logout,668
2026-09-24 23:32:30,user2,purchase,734
2026-09-24 23:32:31,user2,purchase,640
2026-09-24 23:32:32,user3,login,151
2026-09-24 23:32:33,user1,view,377
2026-09-24 23:32:34,user4,logout,478
2026-09-24 23:32:35,user3,search,214
2026-09-24 23:32:36,user2,purchase,342
2026-09-24 23:32:37,user5,logout,763
2026-09-24 23:32:38,user5,login,74
2026-09-24 23:32:39,user1,purchase,853
2026-09-24 23:32:40,user3,view,723
2026-09-24 23:32:41,user3,logout,174
2026-09-24 23:32:42,user3,purchase,874
2026-09-24 23:32:43,user3,logout,669
2026-09-24 23:32:44,user5,login,519
2026-09-24 23:32:45,user1,view,835
2026-09-24 23:32:46,user5,view,712
2026-09-24 23:32:47,user5,view,349
2026-09-24 23:32:48,user4,login,171
2026-09-24 23:32:49,user1,view,265
2026-09-24 23:32:50,user4,search,76
2026-09-24 23:32:51,user1,search,797
2026-09-24 23:32:52,user4,search,687
2026-09-24 23:32:53,user2,search,146
2026-09-24 23:32:54,user3,view,60
2026-09-24 23:32:55,user5,view,740
2026-09-24 23:32:56,user4,search,853
2026-09-24 23:32:57,user4,logout,88
2026-09-24 23:32:58,user5,login,511
2026-09-24 23:32:59,user1,search,679
2026-09-24 23:33:00,user5,login,950
2026-09-24 23:33:01,user2,logout,984
2026-09-24 23:33:02,user5,purchase,326
2026-09-24 23:33:03,user3,login,446
2026-09-24 23:33:04,user5,view,273
2026-09-24 23:33:05,user4,logout,586
2026-09-24 23:33:06,user4,view,119
2026-09-24 23:33:07,user5,search,860
2026-09-24 23:33:08,user5,search,712
2026-09-24 23:33:09,user3,search,564
2026-09-24 23:33:10,user1,logout,668
2026-09-24 23:33:11,user3,search,895
2026-09-24 23:33:12,user4,purchase,541
2026-09-24 23:33:13,user5,view,223
2026-09-24 23:33:14,user1,logout,625
2026-09-24 23:33:15,user4,logout,940
2026-09-24 23:33:16,user5,login,452
2026-09-24 23:33:17,user5,purchase,737
2026-09-24 23:33:18,user1,login,149
2026-09-24 23:33:19,user2,search,819
2026-09-24 23:33:20,user1,search,78
2026-09-24 23:33:21,user4,purchase,231
2026-09-24 23:33:22,user1,purchase,137
2026-09-24 23:33:23,user3,logout,534
2026-09-24 23:33:24,user3,search,868
2026-09-24 23:33:25,user1,purchase,692
2026-09-24 23:33:26,user5,logout,197
2026-09-24 23:33:27,user2,purchase,617
2026-09-24 23:33:28,user5,view,788
2026-09-24 23:33:29,user2,login,872
2026-09-24 23:33:30,user3,view,350
2026-09-24 23:33:31,user5,view,553
2026-09-24 23:33:32,user4,logout,379
2026-09-24 23:33:33,user4,purchase,116
2026-09-24 23:33:34,user2,search,325
2026-09-24 23:33:35,user4,view,1000
2026-09-24 23:33:36,user1,login,531
2026-09-24 23:33:37,user2,view,235
2026-09-24 23:33:38,user2,search,753
2026-09-24 23:33:39,user5,search,367
2026-09-24 23:33:40,user5,view,194
2026-09-24 23:33:41,user1,search,229
2026-09-24 23:33:42,user3,search,658
2026-09-24 23:33:43,user1,search,186
2026-09-24 23:33:44,user2,search,127
2026-09-24 23:33:45,user5,search,222
2026-09-24 23:33:46,user1,purchase,729
2026-09-24 23:33:47,user2,purchase,555
2026-09-24 23:33:48,user2,login,707
2026-09-24 23:33:49,user1,search,231
2026-09-24 23:33:50,user4,purchase,928
2026-09-24 23:33:51,user3,purchase,932
2026-09-24 23:33:52,user2,logout,760
2026-09-24 23:33:53,user4,view,817
2026-09-24 23:33:54,user1,login,772
2026-09-24 23:33:55,user5,login,346
2026-09-24 23:33:56,user2,login,398
2026-09-24 23:33:57,user1,view,691
2026-09-24 23:33:58,user5,purchase,537
2026-09-24 23:33:59,user3,login,964
2026-09-24 23:34:00,user2,purchase,325
2026-09-24 23:34:01,user5,logout,140
2026-09-24 23:34:02,user5,logout,562
2026-09-24 23:34:03,user3,search,589
2026-09-24 23:34:04,user4,view,905
2026-09-24 23:34:05,user3,view,546
2026-09-24 23:34:06,user3,view,686
2026-09-24 23:34:07,user5,login,670
2026-09-24 23:34:08,user4,view,261
2026-09-24 23:34:09,user4,purchase,791
2026-09-24 23:34:10,user2,search,721
2026-09-24 23:34:11,user1,search,528
2026-09-24 23:34:12,user5,login,234
2026-09-24 23:34:13,user4,login,973
2026-09-24 23:34:14,user5,logout,300
2026-09-24 23:34:15,user3,login,121
2026-09-24 23:34:16,user4,search,509
2026-09-24 23:34:17,user1,search,467
2026-09-24 23:34:18,user5,logout,434
2026-09-24 23:34:19,user2,logout,515
2026-09-24 23:34:20,user1,login,175
2026-09-24 23:34:21,user1,search,353
2026-09-24 23:34:22,user2,view,190
2026-09-24 23:34:23,user4,search,240
2026-09-24 23:34:24,user1,search,913
2026-09-24 23:34:25,user5,logout,87
2026-09-24 23:34:26,user2,view,174
2026-09-24 23:34:27,user1,view,551
2026-09-24 23:34:28,user1,search,633
2026-09-24 23:34:29,user1,logout,650
2026-09-24 23:34:30,user2,login,395
2026-09-24 23:34:31,user5,search,454
2026-09-24 23:34:32,user5,purchase,834
2026-09-24 23:34:33,user1,purchase,656
2026-09-24 23:34:34,user1,view,432
2026-09-24 23:34:35,user3,view,565
2026-09-24 23:34:36,user4,purchase,968
2026-09-24 23:34:37,user2,login,134
2026-09-24 23:34:38,user4,login,603
2026-09-24 23:34:39,user4,purchase,737
2026-09-24 23:34:40,user4,login,180
2026-09-24 23:34:41,user1,search,249
2026-09-24 23:34:42,user2,logout,197
2026-09-24 23:34:43,user4,purchase,616
2026-09-24 23:34:44,user1,logout,59
2026-09-24 23:34:45,user4,search,582
2026-09-24 23:34:46,user4,logout,806
2026-09-24 23:34:47,user4,logout,484
2026-09-24 23:34:48,user5,login,246
2026-09-24 23:34:49,user5,login,825
2026-09-24 23:34:50,user2,logout,975
2026-09-24 23:34:51,user5,logout,553
2026-09-24 23:34:52,user5,view,270
2026-09-24 23:34:53,user3,logout,297
2026-09-24 23:34:54,user5,logout,226
2026-09-24 23:34:55,user3,login,52
2026-09-24 23:34:56,user2,purchase,994
2026-09-24 23:34:57,user2,view,229
2026-09-24 23:34:58,user3,search,490
2026-09-24 23:34:59,user2,view,309
2026-09-24 23:35:00,user2,purchase,133
2026-09-24 23:35:01,user2,purchase,156
2026-09-24 23:35:02,user4,purchase,460
2026-09-24 23:35:03,user4,view,758
2026-09-24 23:35:04,user1,view,578
2026-09-24 23:35:05,user5,logout,629
2026-09-24 23:35:06,user2,search,111
2026-09-24 23:35:07,user2,logout,164
2026-09-24 23:35:08,user2,view,870
2026-09-24 23:35:09,user3,search,187
2026-09-24 23:35:10,user2,logout,955
2026-09-24 23:35:11,user1,logout,64
2026-09-24 23:35:12,user2,view,689
2026-09-24 23:35:13,user3,logout,257
2026-09-24 23:35:14,user5,search,968
2026-09-24 23:35:15,user4,view,727
2026-09-24 23:35:16,user2,logout,348
2026-09-24 23:35:17,user2,purchase,729
2026-09-24 23:35:18,user1,purchase,173
2026-09-24 23:35:19,user4,logout,218
2026-09-24 23:35:20,user1,view,421
2026-09-24 23:35:21,user2,search,124
2026-09-24 23:35:22,user5,logout,977
2026-09-24 23:35:23,user3,logout,634
2026-09-24 23:35:24,user2,search,374
2026-09-24 23:35:25,user4,purchase,582
2026-09-24 23:35:26,user1,logout,221
2026-09-24 23:35:27,user5,search,592
2026-09-24 23:35:28,user5,login,143
2026-09-24 23:35:29,user2,login,502
2026-09-24 23:35:30,user1,search,203
2026-09-24 23:35:31,user5,login,956
2026-09-24 23:35:32,user1,logout,938
2026-09-24 23:35:33,user1,view,337
2026-09-24 23:35:34,user1,logout,492
2026-09-24 23:35:35,user1,purchase,431
2026-09-24 23:35:36,user1,purchase,189
2026-09-24 23:35:37,user2,search,554
2026-09-24 23:35:38,user1,search,143
2026-09-24 23:35:39,user5,logout,101
2026-09-24 23:35:40,user3,purchase,346
2026-09-24 23:35:41,user4,search,151
2026-09-24 23:35:42,user5,logout,327
2026-09-24 23:35:43,user3,search,217
2026-09-24 23:35:44,user4,purchase,698
2026-09-24 23:35:45,user1,login,263
2026-09-24 23:35:46,user4,logout,618
2026-09-24 23:35:47,user3,search,429
2026-09-24 23:35:48,user5,purchase,914
2026-09-24 23:35:49,user2,view,342
2026-09-24 23:35:50,user4,search,137
2026-09-24 23:35:51,user2,view,865
2026-09-24 23:35:52,user1,view,820
2026-09-24 23:35:53,user5,search,677
2026-09-24 23:35:54,user3,view,552
2026-09-24 23:35:55,user5,purchase,901
2026-09-24 23:35:56,user4,search,925
2026-09-24 23:35:57,user3,login,736
2026-09-24 23:35:58,user2,login,581
2026-09-24 23:35:59,user2,login,555
2026-09-24 23:36:00,user5,purchase,918
2026-09-24 23:36:01,user3,purchase,552
2026-09-24 23:36:02,user1,login,730
2026-09-24 23:36:03,user4,logout,271
2026-09-24 23:36:04,user5,search,641
2026-09-24 23:36:05,user2,logout,231
2026-09-24 23:36:06,user2,logout,945
2026-09-24 23:36:07,user2,login,763
2026-09-24 23:36:08,user3,login,309
2026-09-24 23:36:09,user3,purchase,659
2026-09-24 23:36:10,user3,view,331
2026-09-24 23:36:11,user3,search,530
2026-09-24 23:36:12,user2,search,54
2026-09-24 23:36:13,user2,login,816
2026-09-24 23:36:14,user1,purchase,787
2026-09-24 23:36:15,user2,view,106
2026-09-24 23:36:16,user5,login,509
2026-09-24 23:36:17,user3,search,75
2026-09-24 23:36:18,user2,view,590
2026-09-24 23:36:19,user2,logout,491
2026-09-24 23:36:20,user4,view,197
2026-09-24 23:36:21,user2,login,817
2026-09-24 23:36:22,user5,login,861
2026-09-24 23:36:23,user2,view,959
2026-09-24 23:36:24,user2,login,127
2026-09-24 23:36:25,user1,logout,335
2026-09-24 23:36:26,user1,view,506
2026-09-24 23:36:27,user3,login,840
2026-09-24 23:36:28,user2,search,746
2026-09-24 23:36:29,user1,view,946
2026-09-24 23:36:30,user4,logout,921
2026-09-24 23:36:31,user2,logout,254
2026-09-24 23:36:32,user1,purchase,809
2026-09-24 23:36:33,user5,logout,823
2026-09-24 23:36:34,user5,login,962
2026-09-24 23:36:35,user2,view,261
2026-09-24 23:36:36,user4,view,842
2026-09-24 23:36:37,user5,purchase,236
2026-09-24 23:36:38,user2,purchase,433
2026-09-24 23:36:39,user2,view,249
2026-09-24 23:36:40,user5,search,898
2026-09-24 23:36:41,user5,logout,159
2026-09-24 23:36:42,user3,logout,496
2026-09-24 23:36:43,user5,search,689
2026-09-24 23:36:44,user4,purchase,752
2026-09-24 23:36:45,user1,search,668
2026-09-24 23:36:46,user4,purchase,852
2026-09-24 23:36:47,user2,search,855
2026-09-24 23:36:48,user2,logout,694
2026-09-24 23:36:49,user4,logout,114
2026-09-24 23:36:50,user5,search,115
2026-09-24 23:36:51,user5,search,294
2026-09-24 23:36:52,user5,login,204
2026-09-24 23:36:53,user2,login,964
2026-09-24 23:36:54,user3,view,839
2026-09-24 23:36:55,user2,logout,316
2026-09-24 23:36:56,user1,logout,662
2026-09-24 23:36:57,user4,purchase,236
2026-09-24 23:36:58,user4,login,51
2026-09-24 23:36:59,user4,purchase,388
2026-09-24 23:37:00,user3,purchase,79
2026-09-24 23:37:01,user3,login,138
2026-09-24 23:37:02,user5,purchase,729
2026-09-24 23:37:03,user3,search,661
2026-09-24 23:37:04,user4,logout,969
2026-09-24 23:37:05,user4,purchase,766
2026-09-24 23:37:06,user2,logout,929
2026-09-24 23:37:07,user2,login,316
2026-09-24 23:37:08,user3,view,842
2026-09-24 23:37:09,user3,view,601
2026-09-24 23:37:10,user3,search,347
2026-09-24 23:37:11,user3,purchase,932
2026-09-24 23:37:12,user4,login,767
2026-09-24 23:37:13,user3,login,682
2026-09-24 23:37:14,user3,view,786
2026-09-24 23:37:15,user4,login,967
2026-09-24 23:37:16,user1,purchase,842
2026-09-24 23:37:17,user5,purchase,190
2026-09-24 23:37:18,user5,logout,827
2026-09-24 23:37:19,user1,purchase,592
2026-09-24 23:37:20,user5,search,963
2026-09-24 23:37:21,user3,search,162
2026-09-24 23:37:22,user5,logout,611
2026-09-24 23:37:23,user2,logout,629
2026-09-24 23:37:24,user5,logout,466
2026-09-24 23:37:25,user3,search,926
2026-09-24 23:37:26,user5,login,489
2026-09-24 23:37:27,user3,view,153
2026-09-24 23:37:28,user5,search,212
2026-09-24 23:37:29,user1,login,459
2026-09-24 23:37:30,user1,search,456
2026-09-24 23:37:31,user4,logout,437
2026-09-24 23:37:32,user1,view,458
2026-09-24 23:37:33,user1,purchase,80
2026-09-24 23:37:34,user1,search,372
2026-09-24 23:37:35,user3,view,407
2026-09-24 23:37:36,user5,purchase,108
2026-09-24 23:37:37,user2,search,705
2026-09-24 23:37:38,user3,logout,163
2026-09-24 23:37:39,user1,search,617
2026-09-24 23:37:40,user5,logout,392
2026-09-24 23:37:41,user2,logout,619
2026-09-24 23:37:42,user4,search,598
2026-09-24 23:37:43,user5,logout,388
2026-09-24 23:37:44,user1,purchase,394
2026-09-24 23:37:45,user3,purchase,735
2026-09-24 23:37:46,user1,logout,951
2026-09-24 23:37:47,user3,purchase,491
2026-09-24 23:37:48,user1,purchase,752
2026-09-24 23:37:49,user5,search,637
2026-09-24 23:37:50,user3,login,602
2026-09-24 23:37:51,user5,search,845
2026-09-24 23:37:52,user4,logout,290
2026-09-24 23:37:53,user3,login,377
2026-09-24 23:37:54,user1,login,437
2026-09-24 23:37:55,user1,view,387
2026-09-24 23:37:56,user1,login,653
2026-09-24 23:37:57,user3,logout,232
2026-09-24 23:37:58,user4,login,670
2026-09-24 23:37:59,user4,logout,334
2026-09-24 23:38:00,user4,purchase,601
2026-09-24 23:38:01,user5,purchase,260
2026-09-24 23:38:02,user2,search,665
2026-09-24 23:38:03,user4,search,378
2026-09-24 23:38:04,user5,view,242
2026-09-24 23:38:05,user3,search,476
2026-09-24 23:38:06,user2,view,340
2026-09-24 23:38:07,user1,view,921
2026-09-24 23:38:08,user5,logout,300
2026-09-24 23:38:09,user3,purchase,79
2026-09-24 23:38:10,user4,search,766
2026-09-24 23:38:11,user4,logout,906
2026-09-24 23:38:12,user1,purchase,796
2026-09-24 23:38:13,user2,view,654
2026-09-24 23:38:14,user1,view,218
2026-09-24 23:38:15,user4,search,770
2026-09-24 23:38:16,user3,view,974
2026-09-24 23:38:17,user1,purchase,428
2026-09-24 23:38:18,user3,login,973
2026-09-24 23:38:19,user5,login,97
2026-09-24 23:38:20,user2,search,224
2026-09-24 23:38:21,user3,logout,446
2026-09-24 23:38:22,user5,search,610
2026-09-24 23:38:23,user3,search,110
2026-09-24 23:38:24,user5,logout,207
2026-09-24 23:38:25,user2,search,582
2026-09-24 23:38:26,user2,login,133
2026-09-24 23:38:27,user2,search,625
2026-09-24 23:38:28,user4,view,889
2026-09-24 23:38:29,user2,view,499
2026-09-24 23:38:30,user2,logout,489
2026-09-24 23:38:31,user1,view,120
2026-09-24 23:38:32,user5,logout,624
2026-09-24 23:38:33,user4,search,300
2026-09-24 23:38:34,user3,login,505
2026-09-24 23:38:35,user5,view,630
2026-09-24 23:38:36,user3,login,888
2026-09-24 23:38:37,user3,search,822
2026-09-24 23:38:38,user2,view,305
2026-09-24 23:38:39,user4,logout,124
2026-09-24 23:38:40,user2,login,364
2026-09-24 23:38:41,user5,view,300
2026-09-24 23:38:42,user3,view,366
2026-09-24 23:38:43,user1,logout,220
2026-09-24 23:38:44,user4,view,827
2026-09-24 23:38:45,user4,logout,169
2026-09-24 23:38:46,user1,login,704
2026-09-24 23:38:47,user5,purchase,276
2026-09-24 23:38:48,user4,logout,846
2026-09-24 23:38:49,user2,search,505
2026-09-24 23:38:50,user4,search,148
2026-09-24 23:38:51,user2,logout,841
2026-09-24 23:38:52,user2,search,780
2026-09-24 23:38:53,user1,login,269
2026-09-24 23:38:54,user3,logout,418
2026-09-24 23:38:55,user4,logout,358
2026-09-24 23:38:56,user4,login,569
2026-09-24 23:38:57,user4,purchase,546
2026-09-24 23:38:58,user2,login,919
2026-09-24 23:38:59,user5,logout,517
2026-09-24 23:39:00,user3,login,961
2026-09-24 23:39:01,user2,logout,653
2026-09-24 23:39:02,user2,login,985
2026-09-24 23:39:03,user5,view,202
2026-09-24 23:39:04,user5,logout,608
2026-09-24 23:39:05,user2,purchase,512
2026-09-24 23:39:06,user1,search,243
2026-09-24 23:39:07,user1,search,634
2026-09-24 23:39:08,user4,view,172
2026-09-24 23:39:09,user3,search,732
2026-09-24 23:39:10,user4,view,173
2026-09-24 23:39:11,user5,logout,951
2026-09-24 23:39:12,user5,purchase,929
2026-09-24 23:39:13,user4,login,278
2026-09-24 23:39:14,user3,logout,899
2026-09-24 23:39:15,user1,purchase,923
2026-09-24 23:39:16,user3,logout,301
2026-09-24 23:39:17,user2,login,495
2026-09-24 23:39:18,user4,purchase,643
2026-09-24 23:39:19,user2,view,653
2026-09-24 23:39:20,user1,search,69
2026-09-24 23:39:21,user2,login,323
2026-09-24 23:39:22,user1,logout,157
2026-09-24 23:39:23,user3,search,617
2026-09-24 23:39:24,user1,view,470
2026-09-24 23:39:25,user3,login,712
2026-09-24 23:39:26,user1,search,190
2026-09-24 23:39:27,user2,logout,323
2026-09-24 23:39:28,user4,logout,378
2026-09-24 23:39:29,user5,login,137
2026-09-24 23:39:30,user5,view,870
2026-09-24 23:39:31,user1,view,516
2026-09-24 23:39:32,user3,search,571
2026-09-24 23:39:33,user2,purchase,451
2026-09-24 23:39:34,user5,login,498
2026-09-24 23:39:35,user5,search,52
2026-09-24 23:39:36,user3,login,444
2026-09-24 23:39:37,user4,view,330
2026-09-24 23:39:38,user4,search,424
2026-09-24 23:39:39,user5,view,143
2026-09-24 23:39:40,user1,login,995
2026-09-24 23:39:41,user2,view,451
2026-09-24 23:39:42,user2,logout,805
2026-09-24 23:39:43,user5,purchase,218
2026-09-24 23:39:44,user4,login,826
2026-09-24 23:39:45,user2,view,722
2026-09-24 23:39:46,user4,logout,967
2026-09-24 23:39:47,user1,view,470
2026-09-24 23:39:48,user1,view,127
2026-09-24 23:39:49,user4,search,485
2026-09-24 23:39:50,user5,logout,315
2026-09-24 23:39:51,user2,logout,276
2026-09-24 23:39:52,user1,logout,460
2026-09-24 23:39:53,user3,search,112
2026-09-24 23:39:54,user2,purchase,644
2026-09-24 23:39:55,user1,view,481
2026-09-24 23:39:56,user2,login,793
2026-09-24 23:39:57,user4,login,66
2026-09-24 23:39:58,user2,purchase,518
2026-09-24 23:39:59,user3,purchase,981
2026-09-24 23:40:00,user5,login,620
2026-09-24 23:40:01,user1,purchase,431
2026-09-24 23:40:02,user1,login,447
2026-09-24 23:40:03,user2,logout,629
2026-09-24 23:40:04,user4,purchase,690
2026-09-24 23:40:05,user1,purchase,79
2026-09-24 23:40:06,user4,search,944
2026-09-24 23:40:07,user1,login,700
2026-09-24 23:40:08,user2,login,533
2026-09-24 23:40:09,user2,logout,192
2026-09-24 23:40:10,user4,search,553
2026-09-24 23:40:11,user4,purchase,202
2026-09-24 23:40:12,user4,view,867
2026-09-24 23:40:13,user4,logout,96
2026-09-24 23:40:14,user3,login,424
2026-09-24 23:40:15,user5,view,552
2026-09-24 23:40:16,user3,login,951
2026-09-24 23:40:17,user1,login,286
2026-09-24 23:40:18,user1,search,852
2026-09-24 23:40:19,user4,login,774
2026-09-24 23:40:20,user1,login,648
2026-09-24 23:40:21,user4,view,955
2026-09-24 23:40:22,user5,purchase,344
2026-09-24 23:40:23,user2,login,398
2026-09-24 23:40:24,user4,login,299
2026-09-24 23:40:25,user3,purchase,923
2026-09-24 23:40:26,user4,login,871
2026-09-24 23:40:27,user1,login,404
2026-09-24 23:40:28,user3,view,355
2026-09-24 23:40:29,user5,login,76
2026-09-24 23:40:30,user2,login,589
2026-09-24 23:40:31,user3,purchase,282
2026-09-24 23:40:32,user5,view,773
2026-09-24 23:40:33,user4,purchase,927
2026-09-24 23:40:34,user4,search,108
2026-09-24 23:40:35,user5,purchase,412
2026-09-24 23:40:36,user4,search,630
2026-09-24 23:40:37,user2,purchase,124
2026-09-24 23:40:38,user4,purchase,473
2026-09-24 23:40:39,user3,view,309
2026-09-24 23:40:40,user5,logout,652
2026-09-24 23:40:41,user1,logout,380
2026-09-24 23:40:42,user4,login,724
2026-09-24 23:40:43,user4,logout,419
2026-09-24 23:40:44,user3,view,178
2026-09-24 23:40:45,user3,purchase,457
2026-09-24 23:40:46,user5,search,537
2026-09-24 23:40:47,user3,logout,82
2026-09-24 23:40:48,user3,purchase,996
2026-09-24 23:40:49,user1,view,230
2026-09-24 23:40:50,user4,view,357
2026-09-24 23:40:51,user1,login,167
2026-09-24 23:40:52,user5,search,609
2026-09-24 23:40:53,user4,login,352
2026-09-24 23:40:54,user3,login,460
2026-09-24 23:40:55,user1,purchase,105
2026-09-24 23:40:56,user3,view,68
2026-09-24 23:40:57,user5,purchase,110
2026-09-24 23:40:58,user2,purchase,625
2026-09-24 23:40:59,user5,login,984
2026-09-24 23:41:00,user3,login,170
2026-09-24 23:41:01,user3,purchase,880
2026-09-24 23:41:02,user3,login,812
2026-09-24 23:41:03,user4,search,954
2026-09-24 23:41:04,user4,search,100
2026-09-24 23:41:05,user5,search,326
2026-09-24 23:41:06,user5,logout,384
2026-09-24 23:41:07,user1,login,84
2026-09-24 23:41:08,user1,search,384
2026-09-24 23:41:09,user5,view,591
2026-09-24 23:41:10,user4,login,964
2026-09-24 23:41:11,user4,logout,419
2026-09-24 23:41:12,user1,logout,140
2026-09-24 23:41:13,user1,logout,269
2026-09-24 23:41:14,user1,login,104
2026-09-24 23:41:15,user1,logout,921
2026-09-24 23:41:16,user4,logout,894
2026-09-24 23:41:17,user5,purchase,798
2026-09-24 23:41:18,user2,purchase,316
2026-09-24 23:41:19,user3,view,848
2026-09-24 23:41:20,user4,view,219
2026-09-24 23:41:21,user4,view,776
2026-09-24 23:41:22,user3,search,399
2026-09-24 23:41:23,user4,purchase,779
2026-09-24 23:41:24,user4,purchase,170
2026-09-24 23:41:25,user2,login,976
2026-09-24 23:41:26,user4,logout,477
2026-09-24 23:41:27,user5,view,439
2026-09-24 23:41:28,user3,search,574
2026-09-24 23:41:29,user1,view,524
2026-09-24 23:41:30,user4,logout,997
2026-09-24 23:41:31,user3,purchase,715
2026-09-24 23:41:32,user4,login,86
2026-09-24 23:41:33,user1,logout,460
2026-09-24 23:41:34,user1,login,150
2026-09-24 23:41:35,user2,purchase,971
2026-09-24 23:41:36,user2,purchase,982
2026-09-24 23:41:37,user4,login,191
2026-09-24 23:41:38,user1,search,854
2026-09-24 23:41:39,user2,view,883
2026-09-24 23:41:40,user5,logout,911
2026-09-24 23:41:41,user5,search,343
2026-09-24 23:41:42,user5,search,365
2026-09-24 23:41:43,user5,view,293
2026-09-24 23:41:44,user1,purchase,413
2026-09-24 23:41:45,user3,search,514
2026-09-24 23:41:46,user4,view,760
2026-09-24 23:41:47,user4,logout,571
2026-09-24 23:41:48,user4,purchase,649
2026-09-24 23:41:49,user5,logout,548
2026-09-24 23:41:50,user2,login,951
2026-09-24 23:41:51,user5,view,689
2026-09-24 23:41:52,user5,login,304
2026-09-24 23:41:53,user1,login,575
2026-09-24 23:41:54,user3,logout,641
2026-09-24 23:41:55,user3,view,110
2026-09-24 23:41:56,user3,login,969
2026-09-24 23:41:57,user3,logout,487
2026-09-24 23:41:58,user4,purchase,738
2026-09-24 23:41:59,user2,search,786
2026-09-24 23:42:00,user3,purchase,74
2026-09-24 23:42:01,user4,purchase,180
2026-09-24 23:42:02,user1,purchase,269
2026-09-24 23:42:03,user4,purchase,413
2026-09-24 23:42:04,user5,logout,73
2026-09-24 23:42:05,user5,view,503
2026-09-24 23:42:06,user2,logout,94
2026-09-24 23:42:07,user4,search,822
2026-09-24 23:42:08,user3,purchase,293
2026-09-24 23:42:09,user3,login,161
2026-09-24 23:42:10,user1,logout,485
2026-09-24 23:42:11,user5,login,259
2026-09-24 23:42:12,user1,view,674
2026-09-24 23:42:13,user2,login,137
2026-09-24 23:42:14,user3,search,396
2026-09-24 23:42:15,user2,login,484
2026-09-24 23:42:16,user4,purchase,702
2026-09-24 23:42:17,user3,login,346
2026-09-24 23:42:18,user1,logout,608
2026-09-24 23:42:19,user4,search,695
2026-09-24 23:42:20,user3,login,544
2026-09-24 23:42:21,user2,search,170
2026-09-24 23:42:22,user3,purchase,581
2026-09-24 23:42:23,user5,login,315
2026-09-24 23:42:24,user2,logout,122
2026-09-24 23:42:25,user3,view,544
2026-09-24 23:42:26,user4,login,353
2026-09-24 23:42:27,user1,login,449
2026-09-24 23:42:28,user4,logout,743
2026-09-24 23:42:29,user5,search,379
2026-09-24 23:42:30,user3,search,762
2026-09-24 23:42:31,user4,purchase,227
2026-09-24 23:42:32,user2,login,557
2026-09-24 23:42:33,user3,purchase,149
2026-09-24 23:42:34,user1,view,721
2026-09-24 23:42:35,user5,login,624
2026-09-24 23:42:36,user3,logout,63
2026-09-24 23:42:37,user1,purchase,280
2026-09-24 23:42:38,user5,search,326
2026-09-24 23:42:39,user3,login,476
2026-09-24 23:42:40,user4,login,490
2026-09-24 23:42:41,user4,login,734
2026-09-24 23:42:42,user1,search,671
2026-09-24 23:42:43,user3,view,265
2026-09-24 23:42:44,user2,purchase,913
2026-09-24 23:42:45,user4,search,731
2026-09-24 23:42:46,user4,logout,385
2026-09-24 23:42:47,user3,view,709
2026-09-24 23:42:48,user4,search,801
2026-09-24 23:42:49,user1,view,927
2026-09-24 23:42:50,user5,logout,150
2026-09-24 23:42:51,user2,logout,821
2026-09-24 23:42:52,user3,purchase,364
2026-09-24 23:42:53,user2,purchase,901
2026-09-24 23:42:54,user5,purchase,160
2026-09-24 23:42:55,user2,view,207
2026-09-24 23:42:56,user3,purchase,181
2026-09-24 23:42:57,user1,view,417
2026-09-24 23:42:58,user3,view,798
2026-09-24 23:42:59,user5,logout,658
2026-09-24 23:43:00,user3,search,355
2026-09-24 23:43:01,user4,search,906
2026-09-24 23:43:02,user1,search,332
2026-09-24 23:43:03,user5,purchase,772
2026-09-24 23:43:04,user1,login,940
2026-09-24 23:43:05,user1,logout,990
2026-09-24 23:43:06,user4,search,674
2026-09-24 23:43:07,user2,logout,355
2026-09-24 23:43:08,user1,purchase,971
2026-09-24 23:43:09,user2,view,545
2026-09-24 23:43:10,user2,purchase,842
2026-09-24 23:43:11,user3,view,940
2026-09-24 23:43:12,user3,search,855
2026-09-24 23:43:13,user2,view,214
2026-09-24 23:43:14,user1,search,122
2026-09-24 23:43:15,user4,search,526
2026-09-24 23:43:16,user4,purchase,517
2026-09-24 23:43:17,user2,login,934
2026-09-24 23:43:18,user5,search,432
2026-09-24 23:43:19,user2,logout,752
2026-09-24 23:43:20,user5,purchase,73
2026-09-24 23:43:21,user3,login,753
2026-09-24 23:43:22,user4,purchase,937
2026-09-24 23:43:23,user1,purchase,182
2026-09-24 23:43:24,user5,purchase,493
2026-09-24 23:43:25,user1,view,653
2026-09-24 23:43:26,user3,purchase,241
2026-09-24 23:43:27,user4,login,107
2026-09-24 23:43:28,user1,search,794
2026-09-24 23:43:29,user5,login,871
2026-09-24 23:43:30,user5,login,711
2026-09-24 23:43:31,user1,login,769
2026-09-24 23:43:32,user3,purchase,471
2026-09-24 23:43:33,user2,purchase,871
2026-09-24 23:43:34,user5,purchase,655
2026-09-24 23:43:35,user4,view,498
2026-09-24 23:43:36,user3,login,74
2026-09-24 23:43:37,user4,login,71
2026-09-24 23:43:38,user2,login,696
2026-09-24 23:43:39,user1,login,142
2026-09-24 23:43:40,user2,view,756
2026-09-24 23:43:41,user1,logout,949
2026-09-24 23:43:42,user2,view,471
2026-09-24 23:43:43,user4,login,295
2026-09-24 23:43:44,user5,logout,365
2026-09-24 23:43:45,user2,logout,676
2026-09-24 23:43:46,user1,purchase,104
2026-09-24 23:43:47,user2,view,572
2026-09-24 23:43:48,user3,login,273
2026-09-24 23:43:49,user2,view,983
2026-09-24 23:43:50,user5,view,828
2026-09-24 23:43:51,user1,login,563
2026-09-24 23:43:52,user3,purchase,487
2026-09-24 23:43:53,user1,view,319
2026-09-24 23:43:54,user5,purchase,772
2026-09-24 23:43:55,user3,logout,420
2026-09-24 23:43:56,user2,purchase,631
2026-09-24 23:43:57,user1,purchase,302
2026-09-24 23:43:58,user2,view,462
2026-09-24 23:43:59,user3,search,637
2026-09-24 23:44:00,user3,logout,796
2026-09-24 23:44:01,user1,view,665
2026-09-24 23:44:02,user5,logout,681
2026-09-24 23:44:03,user1,logout,695
2026-09-24 23:44:04,user4,purchase,890
2026-09-24 23:44:05,user5,logout,354
2026-09-24 23:44:06,user4,login,158
2026-09-24 23:44:07,user5,login,385
2026-09-24 23:44:08,user5,view,830
2026-09-24 23:44:09,user4,login,462
2026-09-24 23:44:10,user2,search,821
2026-09-24 23:44:11,user4,login,787
2026-09-24 23:44:12,user4,search,549
2026-09-24 23:44:13,user5,login,796
2026-09-24 23:44:14,user5,purchase,60
2026-09-24 23:44:15,user1,search,445
2026-09-24 23:44:16,user3,search,524
2026-09-24 23:44:17,user3,search,882
2026-09-24 23:44:18,user3,logout,101
2026-09-24 23:44:19,user1,search,597
2026-09-24 23:44:20,user3,view,334
2026-09-24 23:44:21,user4,login,566
2026-09-24 23:44:22,user5,login,549
2026-09-24 23:44:23,user3,logout,178
2026-09-24 23:44:24,user3,login,916
2026-09-24 23:44:25,user5,search,803
2026-09-24 23:44:26,user5,login,178
2026-09-24 23:44:27,user5,logout,697
2026-09-24 23:44:28,user3,view,598
2026-09-24 23:44:29,user4,search,667
2026-09-24 23:44:30,user4,view,359
2026-09-24 23:44:31,user4,search,910
2026-09-24 23:44:32,user1,search,243
2026-09-24 23:44:33,user3,logout,904
2026-09-24 23:44:34,user3,login,365
2026-09-24 23:44:35,user5,logout,311
2026-09-24 23:44:36,user2,login,218
2026-09-24 23:44:37,user1,view,100
2026-09-24 23:44:38,user2,purchase,64
2026-09-24 23:44:39,user5,search,522
2026-09-24 23:44:40,user3,logout,941
2026-09-24 23:44:41,user4,purchase,612
2026-09-24 23:44:42,user2,logout,200
2026-09-24 23:44:43,user5,purchase,476
2026-09-24 23:44:44,user5,purchase,69
2026-09-24 23:44:45,user3,purchase,930
2026-09-24 23:44:46,user1,logout,450
2026-09-24 23:44:47,user4,login,273
2026-09-24 23:44:48,user4,logout,113
2026-09-24 23:44:49,user4,logout,397
2026-09-24 23:44:50,user2,search,81
2026-09-24 23:44:51,user3,purchase,532
2026-09-24 23:44:52,user4,logout,492
2026-09-24 23:44:53,user5,search,741
2026-09-24 23:44:54,user2,purchase,938
2026-09-24 23:44:55,user3,logout,802
2026-09-24 23:44:56,user1,login,84
2026-09-24 23:44:57,user1,login,892
2026-09-24 23:44:58,user3,search,907
2026-09-24 23:44:59,user4,view,440
2026-09-24 23:45:00,user3,view,807
2026-09-24 23:45:01,user3,view,413
2026-09-24 23:45:02,user5,purchase,332
2026-09-24 23:45:03,user5,search,693
2026-09-24 23:45:04,user4,view,763
2026-09-24 23:45:05,user5,view,181
2026-09-24 23:45:06,user5,search,578
2026-09-24 23:45:07,user1,search,391
2026-09-24 23:45:08,user3,login,163
2026-09-24 23:45:09,user4,search,963
2026-09-24 23:45:10,user5,search,830
2026-09-24 23:45:11,user2,search,701
2026-09-24 23:45:12,user5,purchase,661
2026-09-24 23:45:13,user4,login,324
2026-09-24 23:45:14,user4,view,121
2026-09-24 23:45:15,user3,search,571
2026-09-24 23:45:16,user4,logout,781
2026-09-24 23:45:17,user4,search,504
2026-09-24 23:45:18,user1,search,691
2026-09-24 23:45:19,user3,search,550
2026-09-24 23:45:20,user4,login,559
2026-09-24 23:45:21,user4,view,168
2026-09-24 23:45:22,user3,login,170
2026-09-24 23:45:23,user5,login,865
2026-09-24 23:45:24,user2,search,366
2026-09-24 23:45:25,user3,logout,529
2026-09-24 23:45:26,user1,logout,94
2026-09-24 23:45:27,user1,search,826
2026-09-24 23:45:28,user2,purchase,223
2026-09-24 23:45:29,user4,login,757
2026-09-24 23:45:30,user1,login,958
2026-09-24 23:45:31,user5,login,921
2026-09-24 23:45:32,user5,purchase,350
2026-09-24 23:45:33,user3,search,726
2026-09-24 23:45:34,user2,purchase,498
2026-09-24 23:45:35,user2,search,805
2026-09-24 23:45:36,user1,login,253
2026-09-24 23:45:37,user2,search,560
2026-09-24 23:45:38,user3,search,166
2026-09-24 23:45:39,user3,login,993
2026-09-24 23:45:40,user1,logout,697
2026-09-24 23:45:41,user5,logout,916
2026-09-24 23:45:42,user2,search,488
2026-09-24 23:45:43,user2,purchase,510
2026-09-24 23:45:44,user3,purchase,765
2026-09-24 23:45:45,user4,search,694
2026-09-24 23:45:46,user1,logout,64
2026-09-24 23:45:47,user4,login,644
2026-09-24 23:45:48,user5,search,271
2026-09-24 23:45:49,user5,login,880
2026-09-24 23:45:50,user5,search,836
2026-09-24 23:45:51,user5,logout,776
2026-09-24 23:45:52,user4,logout,177
2026-09-24 23:45:53,user1,login,429
2026-09-24 23:45:54,user5,search,599
2026-09-24 23:45:55,user5,purchase,660
2026-09-24 23:45:56,user5,logout,704
2026-09-24 23:45:57,user3,view,306
2026-09-24 23:45:58,user5,login,757
2026-09-24 23:45:59,user3,search,79
2026-09-24 23:46:00,user2,purchase,115
2026-09-24 23:46:01,user5,logout,706
2026-09-24 23:46:02,user1,login,851
2026-09-24 23:46:03,user5,search,533
2026-09-24 23:46:04,user3,search,956
2026-09-24 23:46:05,user2,login,165
2026-09-24 23:46:06,user4,search,220
2026-09-24 23:46:07,user3,search,185
2026-09-24 23:46:08,user1,logout,919
2026-09-24 23:46:09,user1,logout,174
2026-09-24 23:46:10,user1,login,463
2026-09-24 23:46:11,user4,search,498
2026-09-24 23:46:12,user5,search,534
2026-09-24 23:46:13,user5,purchase,365
2026-09-24 23:46:14,user3,login,533
2026-09-24 23:46:15,user2,login,169
2026-09-24 23:46:16,user1,login,693
2026-09-24 23:46:17,user4,purchase,789
2026-09-24 23:46:18,user4,view,542
2026-09-24 23:46:19,user1,view,56
2026-09-24 23:46:20,user2,search,879
2026-09-24 23:46:21,user5,logout,328
2026-09-24 23:46:22,user4,login,256
2026-09-24 23:46:23,user3,logout,810
2026-09-24 23:46:24,user2,view,724
2026-09-24 23:46:25,user4,search,709
2026-09-24 23:46:26,user1,purchase,290
2026-09-24 23:46:27,user5,logout,107
2026-09-24 23:46:28,user3,login,328
2026-09-24 23:46:29,user2,view,924
2026-09-24 23:46:30,user5,view,661
2026-09-24 23:46:31,user5,login,730
2026-09-24 23:46:32,user2,search,648
2026-09-24 23:46:33,user1,search,799
2026-09-24 23:46:34,user3,logout,753
2026-09-24 23:46:35,user1,purchase,319
2026-09-24 23:46:36,user2,view,218
2026-09-24 23:46:37,user3,view,800
2026-09-24 23:46:38,user2,login,171
2026-09-24 23:46:39,user1,view,960
2026-09-24 23:46:40,user5,search,100
2026-09-24 23:46:41,user1,login,541
2026-09-24 23:46:42,user3,logout,847
2026-09-24 23:46:43,user4,search,369
2026-09-24 23:46:44,user3,view,994
2026-09-24 23:46:45,user4,logout,897
2026-09-24 23:46:46,user5,view,717
2026-09-24 23:46:47,user3,search,96
2026-09-24 23:46:48,user2,purchase,390
2026-09-24 23:46:49,user5,view,509
2026-09-24 23:46:50,user2,login,151
2026-09-24 23:46:51,user2,logout,59
2026-09-24 23:46:52,user3,login,873
2026-09-24 23:46:53,user4,view,528
2026-09-24 23:46:54,user2,purchase,716
2026-09-24 23:46:55,user4,view,140
2026-09-24 23:46:56,user3,logout,696
2026-09-24 23:46:57,user4,logout,125
2026-09-24 23:46:58,user4,logout,273
2026-09-24 23:46:59,user5,logout,799
2026-09-24 23:47:00,user5,login,613
2026-09-24 23:47:01,user1,logout,908
2026-09-24 23:47:02,user1,purchase,754
2026-09-24 23:47:03,user3,search,886
2026-09-24 23:47:04,user2,search,89
2026-09-24 23:47:05,user4,login,280
2026-09-24 23:47:06,user1,view,286
2026-09-24 23:47:07,user2,logout,985
2026-09-24 23:47:08,user5,logout,919
2026-09-24 23:47:09,user1,purchase,585
2026-09-24 23:47:10,user2,purchase,365
2026-09-24 23:47:11,user5,purchase,731
2026-09-24 23:47:12,user2,search,452
2026-09-24 23:47:13,user2,login,800
2026-09-24 23:47:14,user4,search,243
2026-09-24 23:47:15,user4,search,622
2026-09-24 23:47:16,user5,search,729
2026-09-24 23:47:17,user3,search,475
2026-09-24 23:47:18,user1,logout,969
2026-09-24 23:47:19,user1,view,262
2026-09-24 23:47:20,user5,purchase,683
2026-09-24 23:47:21,user3,logout,867
2026-09-24 23:47:22,user2,purchase,307
2026-09-24 23:47:23,user2,logout,402
2026-09-24 23:47:24,user1,view,683
2026-09-24 23:47:25,user4,view,851
2026-09-24 23:47:26,user3,logout,909
2026-09-24 23:47:27,user4,logout,858
2026-09-24 23:47:28,user1,view,767
2026-09-24 23:47:29,user1,search,537
2026-09-24 23:47:30,user2,view,661
2026-09-24 23:47:31,user3,logout,611
2026-09-24 23:47:32,user1,logout,570
2026-09-24 23:47:33,user5,login,889
2026-09-24 23:47:34,user2,search,282
2026-09-24 23:47:35,user3,login,958
2026-09-24 23:47:36,user3,logout,389
2026-09-24 23:47:37,user1,login,416
2026-09-24 23:47:38,user2,purchase,143
2026-09-24 23:47:39,user2,purchase,576
2026-09-24 23:47:40,user3,logout,404
2026-09-24 23:47:41,user3,login,92
2026-09-24 23:47:42,user3,purchase,61
2026-09-24 23:47:43,user4,view,879
2026-09-24 23:47:44,user4,view,538
2026-09-24 23:47:45,user2,login,284
2026-09-24 23:47:46,user5,purchase,574
2026-09-24 23:47:47,user5,purchase,121
2026-09-24 23:47:48,user1,logout,162
2026-09-24 23:47:49,user3,search,507
2026-09-24 23:47:50,user5,logout,656
2026-09-24 23:47:51,user3,logout,305
2026-09-24 23:47:52,user2,logout,623
2026-09-24 23:47:53,user1,view,125
2026-09-24 23:47:54,user3,login,379
2026-09-24 23:47:55,user3,login,574
2026-09-24 23:47:56,user1,view,73
2026-09-24 23:47:57,user5,purchase,981
2026-09-24 23:47:58,user4,search,288
2026-09-24 23:47:59,user5,logout,332
2026-09-24 23:48:00,user3,view,458
2026-09-24 23:48:01,user1,login,984
2026-09-24 23:48:02,user3,view,360
2026-09-24 23:48:03,user5,view,729
2026-09-24 23:48:04,user3,login,127
2026-09-24 23:48:05,user2,logout,629
2026-09-24 23:48:06,user2,view,791
2026-09-24 23:48:07,user1,search,303
2026-09-24 23:48:08,user1,view,192
2026-09-24 23:48:09,user1,search,914
2026-09-24 23:48:10,user5,purchase,956
2026-09-24 23:48:11,user3,logout,602
2026-09-24 23:48:12,user2,view,180
2026-09-24 23:48:13,user4,purchase,643
2026-09-24 23:48:14,user5,search,837
2026-09-24 23:48:15,user4,logout,678
2026-09-24 23:48:16,user2,view,547
2026-09-24 23:48:17,user5,search,871
2026-09-24 23:48:18,user2,logout,980
2026-09-24 23:48:19,user4,search,337
2026-09-24 23:48:20,user5,purchase,784
2026-09-24 23:48:21,user5,login,201
2026-09-24 23:48:22,user5,login,479
2026-09-24 23:48:23,user3,login,855
2026-09-24 23:48:24,user2,view,151
2026-09-24 23:48:25,user2,view,962
2026-09-24 23:48:26,user1,login,623
2026-09-24 23:48:27,user4,search,167
2026-09-24 23:48:28,user4,login,157
2026-09-24 23:48:29,user5,view,986
2026-09-24 23:48:30,user5,search,879
2026-09-24 23:48:31,user5,view,288
2026-09-24 23:48:32,user4,search,858
2026-09-24 23:48:33,user2,purchase,611
2026-09-24 23:48:34,user1,purchase,586
2026-09-24 23:48:35,user4,purchase,681
2026-09-24 23:48:36,user5,purchase,605
2026-09-24 23:48:37,user5,search,319
2026-09-24 23:48:38,user2,search,914
2026-09-24 23:48:39,user1,purchase,561
2026-09-24 23:48:40,user3,view,275
2026-09-24 23:48:41,user3,search,705
2026-09-24 23:48:42,user2,search,305
2026-09-24 23:48:43,user3,view,997
2026-09-24 23:48:44,user5,logout,454
2026-09-24 23:48:45,user4,search,795
2026-09-24 23:48:46,user5,login,77
2026-09-24 23:48:47,user5,logout,308
2026-09-24 23:48:48,user1,purchase,552
2026-09-24 23:48:49,user4,search,853
2026-09-24 23:48:50,user2,login,68
2026-09-24 23:48:51,user3,view,602
2026-09-24 23:48:52,user3,view,817
2026-09-24 23:48:53,user5,logout,501
2026-09-24 23:48:54,user3,purchase,895
2026-09-24 23:48:55,user5,logout,137
2026-09-24 23:48:56,user5,search,715
2026-09-24 23:48:57,user2,logout,629
2026-09-24 23:48:58,user4,view,571
2026-09-24 23:48:59,user4,login,737
2026-09-24 23:49:00,user4,purchase,858
2026-09-24 23:49:01,user3,view,172
2026-09-24 23:49:02,user5,view,423
2026-09-24 23:49:03,user4,search,66
2026-09-24 23:49:04,user3,logout,620
2026-09-24 23:49:05,user1,search,540
2026-09-24 23:49:06,user2,logout,861
2026-09-24 23:49:07,user2,purchase,91
2026-09-24 23:49:08,user4,search,472
2026-09-24 23:49:09,user4,login,98
2026-09-24 23:49:10,user1,purchase,407
2026-09-24 23:49:11,user3,view,712
2026-09-24 23:49:12,user3,logout,440
2026-09-24 23:49:13,user1,view,505
2026-09-24 23:49:14,user4,view,186
2026-09-24 23:49:15,user3,login,478
2026-09-24 23:49:16,user1,purchase,565
2026-09-24 23:49:17,user1,view,830
2026-09-24 23:49:18,user1,login,501
2026-09-24 23:49:19,user5,logout,313
2026-09-24 23:49:20,user5,search,412
2026-09-24 23:49:21,user2,view,314
2026-09-24 23:49:22,user4,search,878
2026-09-24 23:49:23,user3,search,742
2026-09-24 23:49:24,user2,login,208
2026-09-24 23:49:25,user1,logout,950
2026-09-24 23:49:26,user5,logout,920
2026-09-24 23:49:27,user2,purchase,597
2026-09-24 23:49:28,user1,purchase,958
2026-09-24 23:49:29,user4,view,826
2026-09-24 23:49:30,user2,view,508
2026-09-24 23:49:31,user5,logout,865
2026-09-24 23:49:32,user1,search,326
2026-09-24 23:49:33,user4,view,166
2026-09-24 23:49:34,user4,search,134
2026-09-24 23:49:35,user5,purchase,788
2026-09-24 23:49:36,user4,logout,266
2026-09-24 23:49:37,user2,login,872
2026-09-24 23:49:38,user5,search,403
2026-09-24 23:49:39,user5,search,453
2026-09-24 23:49:40,user5,logout,801
2026-09-24 23:49:41,user3,login,431
2026-09-24 23:49:42,user4,logout,182
2026-09-24 23:49:43,user1,logout,351
2026-09-24 23:49:44,user4,purchase,756
2026-09-24 23:49:45,user1,view,207
2026-09-24 23:49:46,user1,search,531
2026-09-24 23:49:47,user5,view,586
2026-09-24 23:49:48,user3,purchase,493
2026-09-24 23:49:49,user2,view,646
2026-09-24 23:49:50,user3,search,737
2026-09-24 23:49:51,user1,logout,946
2026-09-24 23:49:52,user1,logout,95
2026-09-24 23:49:53,user2,logout,523
2026-09-24 23:49:54,user4,search,802
2026-09-24 23:49:55,user2,purchase,205
2026-09-24 23:49:56,user2,purchase,239
2026-09-24 23:49:57,user2,purchase,116
2026-09-24 23:49:58,user4,search,880
2026-09-24 23:49:59,user1,purchase,158
2026-09-24 23:50:00,user2,login,735
2026-09-24 23:50:01,user1,view,315
2026-09-24 23:50:02,user2,search,693
2026-09-24 23:50:03,user5,logout,613
2026-09-24 23:50:04,user4,login,268
2026-09-24 23:50:05,user1,view,158
2026-09-24 23:50:06,user2,logout,206
2026-09-24 23:50:07,user5,purchase,51
2026-09-24 23:50:08,user1,view,935
2026-09-24 23:50:09,user5,view,243
2026-09-24 23:50:10,user5,login,188
2026-09-24 23:50:11,user1,view,720
2026-09-24 23:50:12,user3,logout,318
2026-09-24 23:50:13,user1,logout,468
2026-09-24 23:50:14,user4,purchase,897
2026-09-24 23:50:15,user1,purchase,165
2026-09-24 23:50:16,user5,login,421
2026-09-24 23:50:17,user1,search,384
2026-09-24 23:50:18,user5,logout,761
2026-09-24 23:50:19,user2,login,663
2026-09-24 23:50:20,user3,search,725
2026-09-24 23:50:21,user5,search,806
2026-09-24 23:50:22,user4,view,968
2026-09-24 23:50:23,user4,purchase,428
2026-09-24 23:50:24,user4,search,777
2026-09-24 23:50:25,user4,login,601
2026-09-24 23:50:26,user4,login,450
2026-09-24 23:50:27,user5,view,53
2026-09-24 23:50:28,user1,view,138
2026-09-24 23:50:29,user2,logout,975
2026-09-24 23:50:30,user2,login,480
2026-09-24 23:50:31,user4,view,396
2026-09-24 23:50:32,user5,purchase,962
2026-09-24 23:50:33,user4,view,99
2026-09-24 23:50:34,user5,purchase,70
2026-09-24 23:50:35,user5,login,383
2026-09-24 23:50:36,user1,search,909
2026-09-24 23:50:37,user2,search,752
2026-09-24 23:50:38,user2,view,826
2026-09-24 23:50:39,user1,search,689
2026-09-24 23:50:40,user3,view,463
2026-09-24 23:50:41,user3,view,602
2026-09-24 23:50:42,user5,logout,122
2026-09-24 23:50:43,user1,login,763
2026-09-24 23:50:44,user1,search,838
2026-09-24 23:50:45,user5,logout,201
2026-09-24 23:50:46,user3,search,590
2026-09-24 23:50:47,user5,search,286
2026-09-24 23:50:48,user5,logout,707
2026-09-24 23:50:49,user4,view,872
2026-09-24 23:50:50,user2,search,822
2026-09-24 23:50:51,user3,view,493
2026-09-24 23:50:52,user1,search,394
2026-09-24 23:50:53,user5,logout,506
2026-09-24 23:50:54,user2,logout,647
2026-09-24 23:50:55,user2,login,657
2026-09-24 23:50:56,user2,login,114
2026-09-24 23:50:57,user2,purchase,195
2026-09-24 23:50:58,user3,logout,260
2026-09-24 23:50:59,user4,login,705
2026-09-24 23:51:00,user4,login,924
2026-09-24 23:51:01,user1,view,387
2026-09-24 23:51:02,user1,search,90
2026-09-24 23:51:03,user5,logout,127
2026-09-24 23:51:04,user2,logout,378
2026-09-24 23:51:05,user2,search,680
2026-09-24 23:51:06,user4,purchase,320
2026-09-24 23:51:07,user1,purchase,859
2026-09-24 23:51:08,user2,search,362
2026-09-24 23:51:09,user3,view,780
2026-09-24 23:51:10,user4,view,341
2026-09-24 23:51:11,user3,purchase,638
2026-09-24 23:51:12,user1,logout,199
2026-09-24 23:51:13,user4,search,552
2026-09-24 23:51:14,user4,purchase,701
2026-09-24 23:51:15,user5,purchase,431
2026-09-24 23:51:16,user4,view,414
2026-09-24 23:51:17,user2,view,409
2026-09-24 23:51:18,user1,purchase,535
2026-09-24 23:51:19,user5,logout,178
2026-09-24 23:51:20,user2,login,639
2026-09-24 23:51:21,user2,logout,759
2026-09-24 23:51:22,user5,login,739
2026-09-24 23:51:23,user1,logout,600
2026-09-24 23:51:24,user4,view,104
2026-09-24 23:51:25,user4,search,80
2026-09-24 23:51:26,user3,purchase,655
2026-09-24 23:51:27,user3,logout,658
2026-09-24 23:51:28,user5,search,313
2026-09-24 23:51:29,user4,search,82
2026-09-24 23:51:30,user4,search,302
2026-09-24 23:51:31,user1,login,873
2026-09-24 23:51:32,user5,search,983
2026-09-24 23:51:33,user1,login,314
2026-09-24 23:51:34,user4,logout,641
2026-09-24 23:51:35,user1,search,155
2026-09-24 23:51:36,user4,logout,195
2026-09-24 23:51:37,user2,search,420
2026-09-24 23:51:38,user1,login,904
2026-09-24 23:51:39,user1,search,585
2026-09-24 23:51:40,user1,login,274
2026-09-24 23:51:41,user5,search,786
2026-09-24 23:51:42,user3,login,581
2026-09-24 23:51:43,user5,login,507
2026-09-24 23:51:44,user4,view,779
2026-09-24 23:51:45,user4,purchase,718
2026-09-24 23:51:46,user2,search,277
2026-09-24 23:51:47,user3,view,430
2026-09-24 23:51:48,user5,purchase,426
2026-09-24 23:51:49,user2,login,622
2026-09-24 23:51:50,user4,search,73
2026-09-24 23:51:51,user3,view,704
2026-09-24 23:51:52,user2,logout,930
2026-09-24 23:51:53,user4,search,357
2026-09-24 23:51:54,user4,view,808
2026-09-24 23:51:55,user3,search,793
2026-09-24 23:51:56,user2,logout,313
2026-09-24 23:51:57,user2,search,771
2026-09-24 23:51:58,user1,purchase,759
2026-09-24 23:51:59,user2,login,594
2026-09-24 23:52:00,user3,login,988
2026-09-24 23:52:01,user2,purchase,73
2026-09-24 23:52:02,user2,purchase,265
2026-09-24 23:52:03,user2,purchase,475
2026-09-24 23:52:04,user4,view,235
2026-09-24 23:52:05,user1,view,286
2026-09-24 23:52:06,user5,login,116
2026-09-24 23:52:07,user4,search,187
2026-09-24 23:52:08,user5,logout,130
2026-09-24 23:52:09,user2,view,255
2026-09-24 23:52:10,user5,purchase,1000
2026-09-24 23:52:11,user5,search,479
2026-09-24 23:52:12,user4,search,70
2026-09-24 23:52:13,user1,login,847
2026-09-24 23:52:14,user3,logout,504
2026-09-24 23:52:15,user2,login,533
2026-09-24 23:52:16,user3,login,488
2026-09-24 23:52:17,user3,view,748
2026-09-24 23:52:18,user1,logout,842
2026-09-24 23:52:19,user5,search,408
2026-09-24 23:52:20,user4,search,423
2026-09-24 23:52:21,user1,search,66
2026-09-24 23:52:22,user2,logout,258
2026-09-24 23:52:23,user5,logout,800
2026-09-24 23:52:24,user1,logout,953
2026-09-24 23:52:25,user1,search,705
2026-09-24 23:52:26,user2,login,527
2026-09-24 23:52:27,user2,search,720
2026-09-24 23:52:28,user4,login,766
2026-09-24 23:52:29,user1,login,365
2026-09-24 23:52:30,user4,search,208
2026-09-24 23:52:31,user5,view,675
2026-09-24 23:52:32,user3,search,133
2026-09-24 23:52:33,user3,login,485
2026-09-24 23:52:34,user2,search,800
2026-09-24 23:52:35,user1,purchase,668
2026-09-24 23:52:36,user5,login,134
2026-09-24 23:52:37,user2,purchase,857
2026-09-24 23:52:38,user3,login,665
2026-09-24 23:52:39,user5,logout,698
2026-09-24 23:52:40,user1,search,594
2026-09-24 23:52:41,user2,view,869
2026-09-24 23:52:42,user4,view,365
2026-09-24 23:52:43,user5,logout,50
2026-09-24 23:52:44,user5,purchase,707
2026-09-24 23:52:45,user4,login,506
2026-09-24 23:52:46,user3,purchase,364
2026-09-24 23:52:47,user4,logout,440
2026-09-24 23:52:48,user3,logout,252
2026-09-24 23:52:49,user2,purchase,118
2026-09-24 23:52:50,user3,search,694
2026-09-24 23:52:51,user5,logout,292
2026-09-24 23:52:52,user5,purchase,383
2026-09-24 23:52:53,user1,search,109
2026-09-24 23:52:54,user4,view,965
2026-09-24 23:52:55,user2,purchase,384
2026-09-24 23:52:56,user3,logout,644
2026-09-24 23:52:57,user3,purchase,477
2026-09-24 23:52:58,user3,view,948
2026-09-24 23:52:59,user4,logout,913
2026-09-24 23:53:00,user4,login,975
2026-09-24 23:53:01,user2,purchase,875
2026-09-24 23:53:02,user2,view,489
2026-09-24 23:53:03,user5,logout,865
2026-09-24 23:53:04,user3,view,374
2026-09-24 23:53:05,user4,view,776
2026-09-24 23:53:06,user5,purchase,998
2026-09-24 23:53:07,user4,purchase,203
2026-09-24 23:53:08,user1,purchase,532
2026-09-24 23:53:09,user2,view,958
2026-09-24 23:53:10,user1,login,523
2026-09-24 23:53:11,user5,logout,882
2026-09-24 23:53:12,user1,logout,115
2026-09-24 23:53:13,user4,search,458
2026-09-24 23:53:14,user4,login,558
2026-09-24 23:53:15,user3,logout,220
2026-09-24 23:53:16,user3,view,221
2026-09-24 23:53:17,user1,login,301
2026-09-24 23:53:18,user2,logout,731
2026-09-24 23:53:19,user1,logout,238
2026-09-24 23:53:20,user4,logout,458
2026-09-24 23:53:21,user5,view,984
2026-09-24 23:53:22,user2,logout,602
2026-09-24 23:53:23,user1,purchase,700
2026-09-24 23:53:24,user2,login,652
2026-09-24 23:53:25,user5,login,147
2026-09-24 23:53:26,user3,purchase,931
2026-09-24 23:53:27,user2,login,930
2026-09-24 23:53:28,user2,search,119
2026-09-24 23:53:29,user4,login,199
2026-09-24 23:53:30,user4,login,985
2026-09-24 23:53:31,user3,view,826
2026-09-24 23:53:32,user3,purchase,750
2026-09-24 23:53:33,user4,purchase,138
2026-09-24 23:53:34,user5,login,208
2026-09-24 23:53:35,user4,logout,56
2026-09-24 23:53:36,user5,view,981
2026-09-24 23:53:37,user2,search,464
2026-09-24 23:53:38,user5,view,96
2026-09-24 23:53:39,user4,view,428
2026-09-24 23:53:40,user1,search,629
2026-09-24 23:53:41,user5,login,333
2026-09-24 23:53:42,user1,view,225
2026-09-24 23:53:43,user5,search,896
2026-09-24 23:53:44,user2,purchase,593
2026-09-24 23:53:45,user5,search,278
2026-09-24 23:53:46,user4,search,862
2026-09-24 23:53:47,user5,logout,800
2026-09-24 23:53:48,user3,search,985
2026-09-24 23:53:49,user2,view,605
2026-09-24 23:53:50,user3,search,215
2026-09-24 23:53:51,user5,search,496
2026-09-24 23:53:52,user3,purchase,236
2026-09-24 23:53:53,user3,purchase,180
2026-09-24 23:53:54,user1,purchase,84
2026-09-24 23:53:55,user5,logout,280
2026-09-24 23:53:56,user4,view,213
2026-09-24 23:53:57,user1,view,372
2026-09-24 23:53:58,user4,purchase,100
2026-09-24 23:53:59,user1,logout,166
2026-09-24 23:54:00,user2,logout,295
2026-09-24 23:54:01,user3,login,406
2026-09-24 23:54:02,user4,view,172
2026-09-24 23:54:03,user5,search,353
2026-09-24 23:54:04,user5,view,734
2026-09-24 23:54:05,user3,logout,659
2026-09-24 23:54:06,user3,purchase,159
2026-09-24 23:54:07,user4,search,131
2026-09-24 23:54:08,user3,login,147
2026-09-24 23:54:09,user3,logout,582
2026-09-24 23:54:10,user2,login,994
2026-09-24 23:54:11,user5,login,560
2026-09-24 23:54:12,user1,search,308
2026-09-24 23:54:13,user4,login,990
2026-09-24 23:54:14,user4,view,883
2026-09-24 23:54:15,user4,purchase,53
2026-09-24 23:54:16,user4,purchase,389
2026-09-24 23:54:17,user3,login,268
2026-09-24 23:54:18,user2,search,84
2026-09-24 23:54:19,user4,search,938
2026-09-24 23:54:20,user5,search,848
2026-09-24 23:54:21,user1,view,345
2026-09-24 23:54:22,user3,logout,962
2026-09-24 23:54:23,user1,search,448
2026-09-24 23:54:24,user4,purchase,150
2026-09-24 23:54:25,user1,search,120
2026-09-24 23:54:26,user1,purchase,724
2026-09-24 23:54:27,user4,search,707
2026-09-24 23:54:28,user2,purchase,165
2026-09-24 23:54:29,user5,login,123
2026-09-24 23:54:30,user5,view,777
2026-09-24 23:54:31,user2,purchase,427
2026-09-24 23:54:32,user5,logout,984
2026-09-24 23:54:33,user5,login,491
2026-09-24 23:54:34,user4,purchase,420
2026-09-24 23:54:35,user3,purchase,690
2026-09-24 23:54:36,user5,logout,853
2026-09-24 23:54:37,user5,purchase,532
2026-09-24 23:54:38,user2,purchase,755
2026-09-24 23:54:39,user3,purchase,381
2026-09-24 23:54:40,user4,view,491
2026-09-24 23:54:41,user2,purchase,326
2026-09-24 23:54:42,user4,search,852
2026-09-24 23:54:43,user5,logout,155
2026-09-24 23:54:44,user2,logout,762
2026-09-24 23:54:45,user1,login,485
2026-09-24 23:54:46,user1,purchase,617
2026-09-24 23:54:47,user4,logout,801
2026-09-24 23:54:48,user4,view,53
2026-09-24 23:54:49,user4,view,199
2026-09-24 23:54:50,user4,purchase,581
2026-09-24 23:54:51,user5,view,217
2026-09-24 23:54:52,user1,login,874
2026-09-24 23:54:53,user1,purchase,751
2026-09-24 23:54:54,user4,logout,607
2026-09-24 23:54:55,user4,logout,97
2026-09-24 23:54:56,user5,purchase,702
2026-09-24 23:54:57,user2,search,223
2026-09-24 23:54:58,user1,logout,74
2026-09-24 23:54:59,user3,purchase,719
2026-09-24 23:55:00,user4,login,785
2026-09-24 23:55:01,user4,search,958
2026-09-24 23:55:02,user5,purchase,698
2026-09-24 23:55:03,user4,view,633
2026-09-24 23:55:04,user1,purchase,584
2026-09-24 23:55:05,user1,logout,778
2026-09-24 23:55:06,user2,view,124
2026-09-24 23:55:07,user5,logout,541
2026-09-24 23:55:08,user3,view,955
2026-09-24 23:55:09,user5,view,708
2026-09-24 23:55:10,user5,logout,738
2026-09-24 23:55:11,user2,search,392
2026-09-24 23:55:12,user5,purchase,898
2026-09-24 23:55:13,user1,logout,856
2026-09-24 23:55:14,user4,search,760
2026-09-24 23:55:15,user4,view,220
2026-09-24 23:55:16,user5,logout,761
2026-09-24 23:55:17,user4,logout,637
2026-09-24 23:55:18,user5,logout,184
2026-09-24 23:55:19,user5,view,701
2026-09-24 23:55:20,user3,logout,849
2026-09-24 23:55:21,user3,search,960
2026-09-24 23:55:22,user2,login,516
2026-09-24 23:55:23,user5,view,327
2026-09-24 23:55:24,user5,login,439
2026-09-24 23:55:25,user5,login,189
2026-09-24 23:55:26,user4,logout,635
2026-09-24 23:55:27,user2,view,425
2026-09-24 23:55:28,user1,view,477
2026-09-24 23:55:29,user2,logout,995
2026-09-24 23:55:30,user5,logout,320
2026-09-24 23:55:31,user2,logout,146
2026-09-24 23:55:32,user5,purchase,984
2026-09-24 23:55:33,user4,login,726
2026-09-24 23:55:34,user4,view,352
2026-09-24 23:55:35,user3,search,615
2026-09-24 23:55:36,user1,purchase,345
2026-09-24 23:55:37,user1,view,537
2026-09-24 23:55:38,user3,login,375
2026-09-24 23:55:39,user1,purchase,422
2026-09-24 23:55:40,user1,search,65
2026-09-24 23:55:41,user3,search,825
2026-09-24 23:55:42,user4,search,777
2026-09-24 23:55:43,user2,purchase,162
2026-09-24 23:55:44,user4,search,389
2026-09-24 23:55:45,user5,login,520
2026-09-24 23:55:46,user4,purchase,146
2026-09-24 23:55:47,user2,purchase,365
2026-09-24 23:55:48,user5,search,631
2026-09-24 23:55:49,user1,search,129
2026-09-24 23:55:50,user2,purchase,754
2026-09-24 23:55:51,user4,logout,726
2026-09-24 23:55:52,user2,logout,750
2026-09-24 23:55:53,user4,view,306
2026-09-24 23:55:54,user1,login,234
2026-09-24 23:55:55,user2,search,97
2026-09-24 23:55:56,user3,login,933
2026-09-24 23:55:57,user4,search,305
2026-09-24 23:55:58,user4,login,932
2026-09-24 23:55:59,user1,view,170
2026-09-24 23:56:00,user3,view,485
2026-09-24 23:56:01,user2,search,428
2026-09-24 23:56:02,user3,purchase,643
2026-09-24 23:56:03,user4,login,424
2026-09-24 23:56:04,user5,login,797
2026-09-24 23:56:05,user2,view,73
2026-09-24 23:56:06,user5,view,168
2026-09-24 23:56:07,user2,logout,965
2026-09-24 23:56:08,user4,search,870
2026-09-24 23:56:09,user5,logout,752
2026-09-24 23:56:10,user5,search,894
2026-09-24 23:56:11,user5,logout,947
2026-09-24 23:56:12,user1,purchase,139
2026-09-24 23:56:13,user3,logout,147
2026-09-24 23:56:14,user5,view,424
2026-09-24 23:56:15,user5,purchase,173
2026-09-24 23:56:16,user3,purchase,61
2026-09-24 23:56:17,user2,logout,100
2026-09-24 23:56:18,user4,login,835
2026-09-24 23:56:19,user1,purchase,580
