timestamp,user,action,cpu,memory
1786001894.6745577,Emma,Logout,51.77,34.68
1786001894.6746035,Bob,Purchase,70.16,34.12
1786001894.6746116,Charlie,Purchase,74.33,79.06
1786001894.674617,Emma,Login,35.27,78.2
1786001894.6746225,Bob,Logout,17.49,93.71
1786001894.674628,Alice,Purchase,34.28,62.04
1786001894.6746314,Charlie,View,52.99,32.32
1786001894.6746347,Charlie,Login,84.12,65.5
1786001894.6746376,Bob,View,58.07,28.06
1786001894.6746404,David,Purchase,75.51,71.79
1786001894.674643,Emma,View,20.3,55.5
1786001894.674646,David,Purchase,76.91,30.3
1786001894.6746488,Alice,Login,86.94,85.79
1786001894.6746514,Bob,View,40.18,45.34
1786001894.674654,Emma,View,32.97,29.68
1786001894.6746569,David,Purchase,14.28,52.5
1786001894.6746597,Alice,Login,58.71,74.56
1786001894.6746626,Charlie,Login,20.92,27.66
1786001894.674666,David,Search,20.93,91.92
1786001894.6746688,Charlie,Login,55.71,87.32
1786001894.6746714,Alice,Search,56.81,57.74
1786001894.6746793,Emma,Purchase,67.04,55.39
1786001894.6746871,David,View,50.19,91.3
1786001894.67469,David,View,84.3,75.83
1786001894.6746926,Bob,Search,86.66,52.64
1786001894.6746957,David,Login,89.17,34.04
1786001894.6746986,Emma,Login,10.08,45.75
1786001894.6747015,David,Logout,63.06,58.87
1786001894.6747043,Emma,Login,45.18,77.46
1786001894.6747072,Alice,View,21.51,47.76
1786001894.6747103,Emma,Logout,10.19,89.6
1786001894.6747143,Charlie,Search,26.41,29.33
1786001894.6747203,Emma,Login,68.4,29.3
1786001894.6747253,Alice,View,77.23,42.39
1786001894.6747308,David,Purchase,25.76,49.08
1786001894.6747339,Emma,Purchase,16.15,83.89
1786001894.674737,Bob,Logout,13.88,69.39
1786001894.6747396,Charlie,Search,48.13,34.37
1786001894.674745,David,View,37.28,39.99
1786001894.674749,David,Search,42.72,62.3
1786001894.674753,Alice,Logout,21.89,80.77
1786001894.6747575,Charlie,View,54.24,37.61
1786001894.6747613,Charlie,Logout,50.31,33.09
1786001894.6747658,Charlie,Search,86.37,78.76
1786001894.67477,David,Login,51.12,91.21
1786001894.6747751,Bob,Purchase,60.99,34.99
1786001894.67478,Alice,Search,81.03,82.58
1786001894.6747842,Bob,Purchase,69.49,61.6
1786001894.674787,Emma,View,46.38,62.39
1786001894.67479,Emma,Search,89.15,34.67
1786001894.6747928,Emma,Login,21.56,33.54
1786001894.674795,Bob,Search,71.18,74.46
1786001894.6747978,David,Login,39.75,39.25
1786001894.6748009,Bob,View,53.53,89.25
1786001894.6748068,Alice,View,88.19,24.36
1786001894.6748104,David,View,68.98,89.04
1786001894.674813,David,Login,87.84,82.05
1786001894.6748154,David,View,23.75,59.87
1786001894.674818,Alice,Logout,10.79,57.46
1786001894.6748235,Emma,View,37.95,46.54
1786001894.6748264,David,View,57.65,93.21
1786001894.6748319,Charlie,Logout,13.05,32.26
1786001894.6748347,Emma,Search,15.08,78.87
1786001894.6748369,Alice,Login,85.01,23.61
1786001894.6748421,Emma,Logout,54.81,50.31
1786001894.6748455,Alice,Logout,38.36,30.22
1786001894.674848,Emma,Logout,61.77,33.38
1786001894.6748505,Bob,Search,82.77,40.49
1786001894.674853,Charlie,Login,66.44,94.18
1786001894.6748557,Bob,Purchase,12.76,47.78
1786001894.6748605,Charlie,Purchase,24.58,73.88
1786001894.674863,Charlie,Search,26.47,42.85
1786001894.674866,David,Login,57.24,50.96
1786001894.6748817,Bob,Login,28.34,51.32
1786001894.6748867,Emma,Logout,68.42,71.25
1786001894.6748893,Emma,Search,24.44,91.24
1786001894.6748922,Alice,Search,18.45,86.45
1786001894.6748958,David,Search,85.99,28.97
1786001894.6749003,Alice,View,28.41,77.73
1786001894.6749053,Bob,Purchase,80.71,88.78
1786001894.6749094,Emma,Logout,30.06,85.05
1786001894.674913,Bob,Search,20.27,66.19
1786001894.6749177,David,View,48.96,51.23
1786001894.674922,Charlie,Purchase,64.23,25.15
1786001894.674927,Bob,Login,23.11,20.51
1786001894.674933,Alice,Search,38.68,45.83
1786001894.6749358,Emma,View,85.53,41.11
1786001894.674939,Emma,Login,61.18,34.76
1786001894.6749415,Alice,Search,52.39,69.09
1786001894.674944,Alice,Purchase,66.9,70.81
1786001894.6749465,Charlie,Logout,28.98,21.08
1786001894.6749523,David,Login,55.92,62.96
1786001894.6749547,Emma,Search,72.03,65.95
1786001894.674958,Bob,View,89.27,47.19
1786001894.6749606,Emma,Purchase,24.09,32.01
1786001894.6749635,Emma,Login,64.74,23.45
1786001894.674966,David,Login,62.21,46.26
1786001894.6749687,Charlie,Search,51.28,91.78
1786001894.6749713,David,Purchase,10.73,91.96
1786001894.674974,Bob,View,12.27,90.62
1786001894.6749766,Bob,Search,19.27,37.92
1786001894.674979,Emma,Logout,28.49,35.08
1786001894.6749837,Bob,Login,45.48,74.15
1786001894.6749868,Bob,View,27.49,53.52
1786001894.67499,David,Search,24.16,84.6
1786001894.6749928,Emma,Search,46.92,47.96
1786001894.6750004,Charlie,Search,43.01,61.23
1786001894.6750028,Alice,Purchase,33.94,64.72
1786001894.675326,Alice,Search,49.36,78.36
1786001894.6753337,David,Logout,86.33,29.57
1786001894.6753364,David,View,31.36,87.4
1786001894.6753392,Bob,Search,62.17,51.73
1786001894.675342,David,View,49.35,79.03
1786001894.6753447,Emma,Purchase,22.73,83.29
1786001894.675347,David,Purchase,17.59,51.07
1786001894.67535,Alice,View,19.79,88.78
1786001894.6753526,Bob,View,37.96,58.11
1786001894.6753554,Emma,Search,39.45,32.53
1786001894.675358,Bob,View,28.51,88.27
1786001894.675362,Alice,Purchase,25.49,45.62
1786001894.6753662,David,Login,25.88,36.61
1786001894.6753702,Alice,View,39.72,94.49
1786001894.675376,David,Logout,45.11,20.82
1786001894.6753838,David,Login,63.41,87.46
1786001894.675387,David,Login,61.71,33.84
1786001894.6753898,Charlie,Purchase,42.26,46.14
1786001894.6753922,Alice,View,56.22,74.0
1786001894.675395,Emma,Purchase,51.4,78.35
1786001894.675398,David,Purchase,27.98,87.63
1786001894.6754012,Alice,Search,31.55,82.13
1786001894.675404,Alice,Purchase,40.75,76.57
1786001894.675407,Bob,Login,38.92,69.57
1786001894.6754093,Alice,Purchase,14.52,90.44
1786001894.6754122,Bob,Logout,88.63,35.07
1786001894.6754174,David,Logout,61.88,73.97
1786001894.67542,Alice,Logout,66.12,20.78
1786001894.6754227,Alice,Logout,66.91,87.14
1786001894.6754253,Charlie,Login,48.35,43.74
1786001894.6754282,David,View,40.66,32.17
1786001894.6754303,Emma,Search,10.65,86.88
1786001894.675433,Charlie,Logout,73.0,63.11
1786001894.675436,Alice,Logout,13.68,88.17
1786001894.6754391,Emma,Login,65.98,34.74
1786001894.6754417,Charlie,Search,29.24,47.47
1786001894.6754444,Bob,Search,29.21,31.55
1786001894.675447,Alice,Search,79.52,85.64
1786001894.6754496,David,Login,83.46,88.58
1786001894.6754522,David,Login,19.4,54.88
1786001894.6754563,Charlie,View,82.81,46.03
1786001894.6754596,Alice,Purchase,12.94,60.46
1786001894.6754625,Alice,Login,71.67,43.2
1786001894.675465,Emma,View,82.06,54.62
1786001894.6754682,David,Login,66.92,54.16
1786001894.6754708,Charlie,Search,74.86,35.32
1786001894.6754737,David,Login,82.37,55.05
1786001894.6754763,Emma,Login,46.72,83.28
1786001894.6754787,Charlie,View,14.78,71.37
1786001894.6754816,Bob,Purchase,55.76,55.94
1786001894.6754842,Bob,Purchase,71.12,26.04
1786001894.6754873,Charlie,View,65.16,46.34
1786001894.67549,Alice,Login,27.48,27.28
1786001894.675492,Charlie,Logout,26.59,39.66
1786001894.675495,David,Login,70.89,26.7
1786001894.6754978,Bob,View,31.48,84.36
1786001894.6755004,Emma,Logout,12.72,45.2
1786001894.6755044,Emma,Logout,23.51,81.56
1786001894.675508,Bob,Login,70.29,48.23
1786001894.6755106,David,Login,86.06,82.64
1786001894.675513,David,Purchase,82.91,49.3
1786001894.675516,Emma,Logout,12.38,53.63
1786001894.6755185,Bob,Purchase,79.58,76.71
1786001894.6755211,Emma,Search,39.7,21.57
1786001894.6755247,Emma,Search,33.05,73.26
1786001894.675528,David,View,89.81,48.89
1786001894.6755304,David,Search,35.19,57.94
1786001894.675533,Bob,Search,33.33,69.17
1786001894.6755357,Bob,View,69.35,56.65
1786001894.675538,Bob,View,41.03,89.9
1786001894.6755404,Emma,Purchase,85.43,59.13
1786001894.6755433,Emma,Login,83.51,69.17
1786001894.6755462,Alice,Purchase,50.76,35.02
1786001894.6755486,Emma,View,46.54,41.13
1786001894.6755512,Charlie,Logout,69.37,70.9
1786001894.675554,Emma,Login,67.25,83.73
1786001894.6755567,David,Search,86.73,29.32
1786001894.6755595,Bob,Login,54.14,54.27
1786001894.675562,Alice,Search,24.97,45.48
1786001894.6755662,Emma,Search,52.73,54.67
1786001894.675569,Bob,Logout,60.65,84.78
1786001894.675572,Alice,Login,54.83,25.02
1786001894.6755745,Charlie,Logout,78.6,49.68
1786001894.6755788,Charlie,Login,15.23,26.66
1786001894.6755817,Charlie,Search,36.35,87.23
1786001894.6755846,Bob,Login,11.99,29.01
1786001894.6755867,David,Login,76.91,72.91
1786001894.6755893,Bob,View,39.19,82.55
1786001894.6755922,David,Logout,79.46,25.08
1786001894.6755967,David,Purchase,29.3,21.96
1786001894.6755998,Bob,Purchase,31.75,85.33
1786001894.6756024,David,Search,25.75,38.23
1786001894.6756053,Emma,View,33.86,44.82
1786001894.6756084,Bob,Purchase,62.92,66.94
1786001894.6756108,David,Login,19.65,48.17
1786001894.6756136,David,Purchase,30.77,25.19
1786001894.675617,Bob,Purchase,13.25,55.01
1786001894.6756196,Emma,Purchase,63.2,29.75
1786001894.6756222,Charlie,Login,12.21,73.78
1786001894.6756248,Emma,Search,55.95,47.93
1786001894.6756277,Bob,View,44.67,37.8
1786001894.6756308,Emma,Logout,76.77,62.34
1786001894.6756334,Bob,Search,60.82,88.57
1786001894.6756363,Bob,Purchase,87.82,71.84
1786001894.6756387,David,Login,15.79,50.0
1786001894.675642,Emma,Login,26.2,72.29
1786001894.6756449,Charlie,Login,49.31,87.28
1786001894.6756482,Alice,View,11.33,92.57
1786001894.6756508,Charlie,Logout,80.24,62.08
1786001894.6756535,Bob,Logout,63.36,47.91
1786001894.6756558,Alice,Purchase,35.91,75.11
1786001894.6756585,Alice,View,73.77,85.17
1786001894.675661,Bob,View,12.57,23.86
1786001894.6756642,Bob,Logout,43.88,82.09
1786001894.6756666,Bob,Search,32.5,92.9
1786001894.6756694,David,View,38.86,43.88
1786001894.6756718,Charlie,Search,75.9,36.29
1786001894.6756747,Emma,Login,57.8,54.17
1786001894.6756773,David,Login,44.28,68.57
1786001894.6756797,Charlie,Login,50.47,59.52
1786001894.6756825,Emma,Search,50.92,38.91
1786001894.6756873,Bob,Search,49.98,55.98
1786001894.67569,David,View,52.15,62.49
1786001894.6756926,Charlie,Login,52.84,43.93
1786001894.6756954,Alice,Search,12.26,40.17
1786001894.6756988,Alice,Purchase,25.96,69.9
1786001894.6757033,Emma,View,70.49,28.42
1786001894.6757061,Emma,Purchase,81.89,35.34
1786001894.675709,Alice,Logout,11.66,74.64
1786001894.6757114,Charlie,Purchase,42.19,60.08
1786001894.675714,Charlie,Purchase,40.02,54.99
1786001894.6757169,Bob,Logout,57.09,49.57
1786001894.6757195,David,Purchase,13.96,75.6
1786001894.675722,Alice,Purchase,82.65,32.91
1786001894.6757247,Emma,Logout,15.88,73.59
1786001894.6757274,Emma,Logout,48.96,78.21
1786001894.67573,Bob,Search,38.39,52.73
1786001894.6757324,Charlie,Logout,67.43,80.75
1786001894.6757352,Charlie,View,32.37,46.27
1786001894.6757379,Charlie,Logout,75.18,92.36
1786001894.6757405,Bob,Logout,86.86,89.86
1786001894.6757429,Emma,Search,51.24,74.25
1786001894.6757457,Charlie,Purchase,62.41,66.39
1786001894.6757507,Emma,View,27.17,79.88
1786001894.6757534,Emma,Logout,19.56,85.19
1786001894.6757567,Emma,View,11.15,88.98
1786001894.6757596,Bob,Search,19.24,76.89
1786001894.675762,Bob,View,85.49,35.83
1786001894.6757648,Emma,Logout,69.06,23.5
1786001894.6757684,Bob,Login,70.69,77.63
1786001894.6757722,Bob,Logout,29.05,50.95
1786001894.675775,Charlie,Purchase,81.98,71.07
1786001894.6757774,Alice,View,37.89,91.11
1786001894.6757824,Alice,Login,78.04,47.88
1786001894.6757855,Alice,Purchase,12.13,52.89
1786001894.675788,David,Login,83.93,32.48
1786001894.6757908,Bob,Login,68.19,93.96
1786001894.6757936,Charlie,Purchase,11.98,42.14
1786001894.6757963,Bob,Search,36.48,54.88
1786001894.675799,Bob,View,69.02,29.55
1786001894.6758013,Emma,Login,50.63,30.06
1786001894.6758049,Alice,Search,33.04,65.39
1786001894.6758075,Charlie,Login,61.02,47.57
1786001894.67581,Charlie,View,79.79,61.17
1786001894.6758127,Emma,Search,15.56,47.47
1786001894.675815,Alice,Logout,35.26,81.06
1786001894.6758177,Emma,Login,26.21,42.04
1786001894.6758204,Bob,Logout,49.34,90.95
1786001894.6758249,Emma,Purchase,37.98,36.25
1786001894.675828,David,Purchase,40.47,75.6
1786001894.6758306,David,Search,63.31,50.46
1786001894.675833,David,Login,31.88,65.23
1786001894.6758356,Bob,Search,58.53,24.63
1786001894.6758382,Charlie,Search,51.71,25.53
1786001894.6758409,Bob,View,54.62,94.31
1786001894.6758435,Charlie,View,10.24,32.32
1786001894.6758459,Charlie,Logout,66.38,77.74
1786001894.6758487,Bob,Logout,84.78,34.56
1786001894.675851,Alice,Login,86.33,53.21
1786001894.6758537,Emma,Purchase,56.26,68.43
1786001894.6758564,Bob,Logout,42.61,58.13
1786001894.6758587,Bob,Login,26.54,24.08
1786001894.6758616,Charlie,Purchase,36.25,61.81
1786001894.6758642,David,Purchase,88.06,29.14
1786001894.6758966,Bob,Search,20.14,69.29
1786001894.6759005,Alice,View,61.36,77.26
1786001894.675903,David,View,37.81,76.12
1786001894.6759057,David,Login,43.75,77.44
1786001894.6759083,Alice,Search,65.46,73.4
1786001894.675911,David,Purchase,82.46,69.07
1786001894.6759138,David,View,22.2,57.81
1786001894.6759164,Alice,Search,46.93,54.15
1786001894.675919,Charlie,Purchase,38.22,30.06
1786001894.6759217,Emma,View,87.98,36.96
1786001894.6759243,David,Logout,69.57,77.73
1786001894.6759264,Charlie,Logout,25.45,56.69
1786001894.675929,Alice,Login,21.3,69.28
1786001894.675932,Bob,View,54.57,67.63
1786001894.6759348,Alice,Login,15.99,67.92
1786001894.675937,Bob,Login,43.73,93.47
1786001894.6759396,David,View,19.35,80.59
1786001894.675944,David,View,81.74,80.61
1786001894.675947,David,View,68.86,69.15
1786001894.6759496,Alice,Search,45.92,92.78
1786001894.6759522,Bob,Search,81.09,66.84
1786001894.675955,Alice,Logout,11.19,81.25
1786001894.6759596,Emma,Search,27.31,33.72
1786001894.6759627,Emma,Search,78.15,25.09
1786001894.675965,Charlie,View,58.32,94.4
1786001894.675968,David,Logout,19.58,82.35
1786001894.6759725,Emma,View,51.74,66.15
1786001894.675975,Alice,Search,78.02,26.68
1786001894.675978,Charlie,View,85.57,50.05
1786001894.6759806,Alice,Purchase,35.0,77.64
1786001894.6759834,Alice,Logout,77.22,33.38
1786001894.6759858,Alice,Login,24.94,25.57
1786001894.6759908,Bob,Logout,40.33,39.4
1786001894.6759942,Alice,Search,35.66,31.65
1786001894.6759968,Charlie,Login,64.12,51.96
1786001894.6759992,Alice,Purchase,51.11,68.61
1786001894.6760018,David,Logout,36.69,31.43
1786001894.6760042,Emma,Purchase,58.62,57.68
1786001894.6760066,Charlie,View,33.82,61.71
1786001894.6760092,Charlie,Purchase,43.83,39.86
1786001894.6760118,Charlie,Purchase,64.49,59.72
1786001894.6760144,David,Purchase,35.25,22.66
1786001894.6760168,Bob,Search,85.06,91.1
1786001894.6760194,Bob,Purchase,67.58,54.03
1786001894.6760223,Emma,Purchase,14.38,51.56
1786001894.676025,Alice,View,55.16,40.42
1786001894.6760275,Alice,View,63.71,59.87
1786001894.6760302,Bob,Purchase,86.07,65.55
1786001894.6760328,Charlie,Purchase,60.54,87.6
1786001894.6760354,Alice,Logout,15.46,22.71
1786001894.6760378,Bob,Login,68.87,42.71
1786001894.6760404,Emma,Search,22.88,91.11
1786001894.676043,David,View,24.99,29.99
1786001894.6760461,Charlie,Purchase,35.79,68.04
1786001894.6760483,David,Logout,36.8,72.8
1786001894.6760511,David,Search,17.64,59.23
1786001894.6760547,David,Login,37.29,75.61
1786001894.6760573,Alice,Login,12.12,52.0
1786001894.67606,Bob,Logout,81.27,41.36
1786001894.6760628,Bob,Purchase,37.9,29.05
1786001894.6760652,Charlie,View,67.93,76.81
1786001894.6760685,Bob,Search,12.71,69.64
1786001894.6760714,Emma,Logout,70.77,35.94
1786001894.676074,David,Purchase,38.22,57.62
1786001894.676078,Alice,View,58.89,72.77
1786001894.6760814,Alice,Login,44.89,55.92
1786001894.6760843,Charlie,View,64.14,42.25
1786001894.6760874,David,Login,63.25,24.03
1786001894.67609,David,Search,79.51,45.19
1786001894.6760948,Alice,Logout,65.84,55.77
1786001894.6760979,Emma,Purchase,76.22,81.9
1786001894.6761005,Emma,Search,40.86,59.75
1786001894.6761034,Bob,Search,74.63,46.0
1786001894.676106,Alice,View,35.89,24.3
1786001894.6761088,Emma,Logout,31.39,69.73
1786001894.6761115,Charlie,Logout,86.32,58.28
1786001894.6761138,David,Login,15.06,52.71
1786001894.6761165,Emma,Login,85.03,71.49
1786001894.676119,Bob,Purchase,29.32,92.2
1786001894.676122,Alice,View,60.91,80.87
1786001894.6761243,Bob,Login,26.72,25.0
1786001894.6761274,Bob,Logout,37.15,25.91
1786001894.6761303,Emma,Search,63.5,79.61
1786001894.676133,Bob,Purchase,85.64,56.94
1786001894.6761355,Bob,Search,17.59,69.41
1786001894.6761382,Charlie,View,17.05,85.78
1786001894.676143,Alice,Search,74.71,76.05
1786001894.676146,David,View,83.77,41.24
1786001894.6761487,Charlie,Logout,14.89,73.09
1786001894.6761515,Charlie,Logout,59.19,54.5
1786001894.6761544,Alice,Purchase,34.4,63.1
1786001894.6761572,Alice,Purchase,50.89,77.38
1786001894.6761599,David,Search,13.06,70.54
1786001894.6761622,Bob,View,31.96,58.25
1786001894.6761646,Emma,Logout,44.44,82.17
1786001894.6761675,Bob,Search,66.23,43.96
1786001894.676172,Emma,Search,13.17,24.28
1786001894.6761749,David,Purchase,18.96,73.08
1786001894.6761775,David,Purchase,69.52,80.55
1786001894.676181,Alice,Purchase,78.17,54.9
1786001894.6761837,Alice,Purchase,46.43,34.85
1786001894.6761866,Emma,Search,71.01,40.82
1786001894.676189,Charlie,View,87.38,36.15
1786001894.676192,David,Login,72.7,52.79
1786001894.676195,David,Purchase,63.09,79.2
1786001894.6761975,Alice,Search,68.35,78.28
1786001894.6762002,Charlie,Logout,34.69,28.36
1786001894.6762028,Charlie,Search,48.37,71.16
1786001894.6762056,Charlie,Purchase,87.66,67.06
1786001894.6762092,Emma,Logout,41.79,51.8
1786001894.6762123,Charlie,Logout,23.06,29.1
1786001894.6762154,Emma,View,19.75,68.5
1786001894.6762202,Bob,Logout,40.8,85.42
1786001894.6762233,Alice,Logout,41.47,22.87
1786001894.676226,Emma,Logout,36.56,84.1
1786001894.6762288,Charlie,Purchase,57.33,52.47
1786001894.6762316,Bob,Purchase,19.57,27.18
1786001894.6762342,Alice,Logout,85.78,39.6
1786001894.676237,Charlie,Logout,77.87,82.09
1786001894.6762397,David,Login,78.91,84.36
1786001894.676242,Emma,Logout,36.84,33.01
1786001894.6762447,Charlie,Logout,55.17,28.82
1786001894.6762474,Alice,Purchase,53.14,73.04
1786001894.6762497,David,Search,47.77,23.51
1786001894.6762524,Bob,View,75.73,74.94
1786001894.676255,David,View,60.85,73.85
1786001894.676258,Alice,Search,49.43,35.4
1786001894.6762624,Bob,Login,23.86,83.56
1786001894.6762655,David,Logout,36.18,76.01
1786001894.6762686,Bob,Search,61.31,30.69
1786001894.6762712,Charlie,Purchase,56.34,28.04
1786001894.6762736,David,Login,77.3,32.15
1786001894.6762762,Alice,View,34.41,83.06
1786001894.6762788,Emma,View,50.06,26.59
1786001894.6762815,Alice,Logout,47.17,24.1
1786001894.6762838,David,Login,50.5,49.8
1786001894.6762867,Emma,Logout,80.92,94.61
1786001894.6762893,Bob,Logout,53.79,29.33
1786001894.6762915,Alice,Purchase,58.81,85.73
1786001894.6762943,Emma,Search,65.88,71.95
1786001894.6762972,David,View,73.07,80.59
1786001894.6763003,Bob,Login,35.02,44.36
1786001894.676303,Emma,Login,14.93,55.64
1786001894.6763058,Alice,Logout,43.56,67.33
1786001894.6763084,Emma,Logout,53.93,51.34
1786001894.6763108,Emma,Purchase,38.44,29.86
1786001894.6763134,David,Logout,56.17,90.95
1786001894.6763165,Alice,Logout,12.53,72.14
1786001894.6763186,Alice,View,76.34,37.48
1786001894.6763213,Charlie,Search,85.72,86.29
1786001894.6763258,Bob,Login,42.92,90.51
1786001894.6763287,David,Purchase,44.25,33.89
1786001894.6763313,Charlie,View,48.04,65.51
1786001894.6763341,Alice,Purchase,33.41,66.21
1786001894.6763387,Charlie,Purchase,78.53,65.07
1786001894.676342,Bob,Logout,35.72,75.24
1786001894.6763449,Emma,Login,70.0,46.61
1786001894.6763477,Bob,Search,24.88,84.25
1786001894.67635,Charlie,View,45.04,27.9
1786001894.6763625,Alice,Purchase,80.28,48.58
1786001894.676365,Charlie,Search,68.81,61.03
1786001894.6763675,David,Login,56.1,23.36
1786001894.6763701,Emma,Login,22.72,47.98
1786001894.676373,Emma,Search,55.26,36.02
1786001894.6763756,Alice,Purchase,81.33,21.23
1786001894.6763792,Alice,Logout,11.2,37.06
1786001894.6763816,Bob,Logout,79.63,31.49
1786001894.676385,Charlie,Logout,51.85,89.04
1786001894.6763875,Charlie,Search,32.57,31.97
1786001894.6763902,Emma,Search,52.57,57.06
1786001894.6763933,Charlie,Login,20.39,38.4
1786001894.676396,Bob,Search,72.35,58.58
1786001894.6763983,Bob,Logout,26.85,94.3
1786001894.676401,Bob,Search,47.32,26.67
1786001894.6764038,Emma,Search,54.69,35.82
1786001894.676406,Bob,Login,83.01,74.57
1786001894.6764085,Charlie,Search,13.48,63.08
1786001894.6764114,Charlie,Logout,14.72,20.61
1786001894.676414,Alice,View,34.99,92.39
1786001894.6764164,Emma,View,42.15,65.1
1786001894.6764188,Alice,Login,15.7,30.73
1786001894.6764219,Bob,Logout,45.95,42.97
1786001894.676425,Emma,Login,70.3,62.09
1786001894.6764276,Alice,View,25.21,26.97
1786001894.67643,Alice,Purchase,37.48,61.02
1786001894.6764328,Charlie,Search,12.12,77.83
1786001894.6764355,Alice,Search,12.61,78.47
1786001894.6764386,Charlie,View,25.32,46.13
1786001894.6764412,David,View,89.85,20.45
1786001894.6764436,David,Logout,69.57,61.96
1786001894.6764462,Emma,View,49.3,40.78
1786001894.6764507,Emma,Logout,29.64,23.47
1786001894.6764538,Bob,Logout,47.09,70.86
1786001894.6764567,Alice,Purchase,72.9,20.65
1786001894.6764596,Charlie,Login,84.04,39.57
1786001894.6764622,Bob,View,71.38,60.71
1786001894.6764672,Charlie,Logout,82.34,88.79
1786001894.6764698,Emma,View,34.43,39.86
1786001894.6764727,David,Login,56.82,37.73
1786001894.676475,Emma,Login,46.56,50.34
1786001894.6764777,Bob,Search,71.73,66.52
1786001894.6764803,Charlie,Search,54.6,94.61
1786001894.6764832,David,Purchase,56.62,69.76
1786001894.6764858,Charlie,Search,34.18,82.12
1786001894.6764886,Emma,Search,87.37,25.74
1786001894.6764913,Charlie,Purchase,81.81,55.92
1786001894.676494,Emma,Search,82.37,33.6
1786001894.6764963,Emma,Login,74.16,26.46
1786001894.6764991,David,Purchase,23.04,21.74
1786001894.6765015,Bob,View,17.58,48.01
1786001894.6765046,David,Login,18.12,65.94
1786001894.676508,Charlie,Purchase,67.02,72.32
1786001894.6765108,Alice,Login,75.97,31.16
1786001894.6765134,Bob,Logout,44.59,81.87
1786001894.6765187,Alice,Search,50.87,60.72
1786001894.6765215,Charlie,Purchase,32.96,42.46
1786001894.6765244,Bob,Logout,67.61,55.07
1786001894.676527,Emma,Purchase,32.96,22.5
1786001894.67653,Bob,Logout,35.07,89.21
1786001894.6765325,David,View,69.07,58.13
1786001894.6765354,Bob,Purchase,66.51,65.32
1786001894.6765385,Bob,Search,58.49,67.07
1786001894.6765409,Emma,Purchase,50.9,25.2
1786001894.6765454,David,Login,18.54,51.12
1786001894.676548,Bob,Search,38.62,39.05
1786001894.6765506,David,Search,65.02,53.31
1786001894.676554,Bob,View,54.06,32.8
1786001894.6765568,Bob,Purchase,47.86,42.55
1786001894.6765597,Bob,Logout,84.36,52.6
1786001894.6765633,Bob,Login,74.46,85.3
1786001894.6765656,David,View,31.04,63.99
1786001894.6765683,Alice,Logout,49.78,21.9
1786001894.6765711,Bob,Logout,71.36,81.84
1786001894.6765738,Alice,Purchase,88.54,57.38
1786001894.6765761,Alice,View,15.36,29.63
1786001894.676579,David,Search,83.68,33.04
1786001894.6765816,Emma,Purchase,42.81,37.62
1786001894.6765845,Bob,Login,33.29,60.52
1786001894.676587,David,Purchase,10.55,90.05
1786001894.6765916,Alice,Login,74.21,39.91
1786001894.676595,Alice,Login,37.39,42.46
1786001894.676598,Charlie,Login,31.24,52.84
1786001894.6766002,Alice,Search,40.69,71.7
1786001894.6766033,David,Search,18.42,46.39
1786001894.676606,Emma,Login,38.6,44.3
1786001894.6766086,Charlie,Login,11.58,64.53
1786001894.6766117,Alice,View,80.43,79.64
1786001894.6766143,Alice,Search,56.03,21.13
1786001894.6766171,Charlie,Search,15.13,57.31
1786001894.6766195,Alice,Login,56.73,63.27
1786001894.6766222,Bob,View,59.67,75.59
1786001894.6766245,David,Purchase,78.02,33.12
1786001894.6766274,Bob,View,67.57,79.34
1786001894.67663,Charlie,View,68.16,24.54
1786001894.6766386,Emma,Purchase,15.28,34.7
1786001894.6766412,Alice,Purchase,69.23,65.37
1786001894.6766443,Charlie,Login,10.91,54.1
1786001894.676647,Bob,Purchase,34.02,69.25
1786001894.6766498,David,Login,69.92,32.28
1786001894.6766522,David,View,43.04,76.48
1786001894.676655,Alice,View,38.4,70.86
1786001894.6766574,Alice,Purchase,11.73,50.46
1786001894.6766603,Alice,View,21.55,69.67
1786001894.6766627,Alice,Login,74.69,47.78
1786001894.6766655,David,Login,46.41,79.56
1786001894.6766682,Charlie,Logout,87.89,29.03
1786001894.6766708,Alice,Logout,43.3,57.98
1786001894.6766732,Emma,Logout,35.61,27.99
1786001894.676676,Charlie,View,69.31,83.97
1786001894.6766787,Alice,Purchase,44.22,72.69
1786001894.6766813,Alice,Search,21.26,72.82
1786001894.6766834,Charlie,Login,33.82,46.71
1786001894.6766863,David,Search,86.64,41.23
1786001894.676689,Bob,Login,43.78,27.12
1786001894.6766918,Charlie,Search,49.42,86.16
1786001894.6766942,Alice,Logout,37.98,77.43
1786001894.6766968,Alice,View,41.95,41.0
1786001894.676705,Charlie,Logout,68.47,75.08
1786001894.6767075,Alice,Purchase,41.88,21.69
1786001894.6767104,Bob,Login,62.59,86.68
1786001894.6767128,David,View,29.14,64.88
1786001894.6767156,Bob,Purchase,30.09,61.51
1786001894.6767235,Emma,Search,80.48,85.27
1786001894.676726,Charlie,Login,56.18,28.98
1786001894.6767285,Bob,Logout,38.17,80.94
1786001894.676731,Alice,View,35.88,25.48
1786001894.6767352,Emma,View,65.53,77.94
1786001894.676739,Charlie,Login,78.41,89.19
1786001894.6767416,Alice,Purchase,49.75,61.75
1786001894.6767442,Bob,Search,27.04,93.88
1786001894.6767468,Alice,Purchase,73.69,61.31
1786001894.6767495,David,Login,31.71,94.3
1786001894.6767523,David,Login,24.27,20.42
1786001894.676755,Emma,Logout,22.85,70.82
1786001894.6767576,Emma,Login,79.44,66.91
1786001894.67676,Alice,Search,20.43,28.5
1786001894.6767626,Bob,Search,27.41,67.77
1786001894.6767652,Bob,Logout,88.35,55.75
1786001894.6767678,David,Logout,38.98,27.66
1786001894.6767702,Emma,Purchase,52.51,33.45
1786001894.6767726,David,Login,15.83,79.84
1786001894.6767764,David,Search,88.3,69.57
1786001894.676779,Charlie,Purchase,24.41,30.81
1786001894.6767817,David,View,71.76,40.24
1786001894.676784,David,View,85.67,36.31
1786001894.6767867,Charlie,Logout,29.42,32.43
1786001894.676789,David,Search,88.54,49.25
1786001894.676792,Emma,Purchase,69.06,47.89
1786001894.6767943,Alice,View,44.71,23.03
1786001894.6767972,Emma,Purchase,42.12,47.75
1786001894.6767998,Bob,Purchase,33.95,41.28
1786001894.6768024,Bob,Logout,61.4,72.26
1786001894.6768045,Bob,View,69.85,52.46
1786001894.6768074,Alice,Logout,50.36,37.55
1786001894.6768098,David,Search,62.19,26.97
1786001894.6768131,Emma,Logout,45.52,53.98
1786001894.676816,Charlie,Search,27.98,60.51
1786001894.6768184,David,Purchase,34.71,59.12
1786001894.6768224,Emma,Search,33.46,58.94
1786001894.6768253,Alice,View,73.52,67.08
1786001894.676828,Emma,Login,15.94,86.89
1786001894.6768305,Alice,Search,60.12,70.13
1786001894.6768334,Alice,Purchase,51.76,44.35
1786001894.6768358,Emma,Logout,26.99,35.5
1786001894.6768403,Emma,Search,80.93,87.96
1786001894.676843,Emma,Purchase,52.22,65.28
1786001894.6768458,David,Purchase,30.11,83.15
1786001894.6768486,Alice,Login,73.48,71.99
1786001894.6768513,David,Search,81.94,69.29
1786001894.6768541,Bob,Purchase,36.45,91.72
1786001894.6768565,Alice,View,77.29,31.86
1786001894.6768594,Emma,Login,35.94,49.55
1786001894.6768618,Alice,Login,27.96,89.01
1786001894.6768646,Emma,Logout,25.65,32.51
1786001894.6768744,Bob,Search,89.63,68.19
1786001894.676878,Alice,Purchase,21.61,33.77
1786001894.6768808,Charlie,Login,60.96,70.43
1786001894.6768837,Emma,Search,68.68,42.49
1786001894.6768863,Emma,Purchase,47.89,92.0
1786001894.676889,Bob,Search,86.23,50.77
1786001894.6768913,Alice,Logout,31.89,28.54
1786001894.6768954,Alice,Purchase,87.68,54.74
1786001894.6768982,Emma,Purchase,47.12,80.05
1786001894.6769006,Bob,Logout,88.94,39.03
1786001894.6769035,David,View,69.81,92.13
1786001894.6769056,Charlie,Login,82.53,33.51
1786001894.6769083,Charlie,Login,88.78,57.31
1786001894.6769109,Bob,Search,35.88,83.43
1786001894.6769135,Bob,View,44.54,77.83
1786001894.6769161,David,View,11.27,51.84
1786001894.6769204,David,Search,39.34,56.97
1786001894.676923,Emma,Login,41.89,31.49
1786001894.6769257,Bob,Purchase,71.52,93.74
1786001894.6769288,Alice,View,87.89,27.87
1786001894.6769314,David,Search,68.44,75.03
1786001894.676934,Bob,View,33.75,43.48
1786001894.6769366,Charlie,Logout,64.01,50.24
1786001894.6769395,David,Purchase,41.04,25.06
1786001894.6769423,Bob,Logout,67.88,59.3
1786001894.6769452,Emma,Search,89.38,50.41
1786001894.6769474,Emma,Purchase,20.52,38.25
1786001894.67695,David,Purchase,66.83,41.92
1786001894.6769526,Bob,Login,78.92,77.01
1786001894.6769552,Charlie,View,13.99,21.97
1786001894.6769576,Emma,Purchase,39.69,41.9
1786001894.6769602,David,View,40.78,35.07
1786001894.6769652,Emma,Login,27.75,69.33
1786001894.676968,Emma,Login,72.46,72.84
1786001894.6769705,Bob,Logout,13.71,81.09
1786001894.676973,Alice,Search,32.24,26.12
1786001894.676976,Charlie,Search,67.39,44.79
1786001894.6769786,Bob,Login,15.28,22.72
1786001894.6769814,Emma,Logout,33.37,92.37
1786001894.6769843,David,Purchase,16.02,62.01
1786001894.676987,Bob,Search,25.15,62.08
1786001894.6769898,Charlie,Login,48.44,26.11
1786001894.6769924,Emma,View,88.53,68.57
1786001894.6769953,David,View,71.75,84.48
1786001894.676998,Charlie,Login,80.34,34.72
1786001894.6770008,Charlie,View,19.7,46.23
1786001894.6770031,Alice,Login,70.25,82.58
1786001894.6770139,Bob,Search,31.31,57.08
1786001894.677017,Emma,Login,51.54,69.56
1786001894.6770198,David,Purchase,37.51,38.27
1786001894.6770227,Bob,View,13.09,73.56
1786001894.6770256,Emma,Login,64.34,85.81
1786001894.6770284,David,Search,76.24,51.04
1786001894.6770315,Alice,View,51.01,87.28
1786001894.6770341,David,Logout,82.42,73.6
1786001894.677037,Bob,Logout,15.9,39.7
1786001894.6770399,Charlie,Logout,70.56,22.48
1786001894.6770425,Bob,Logout,66.71,70.67
1786001894.6770453,Charlie,Logout,57.82,34.87
1786001894.6770482,Bob,Purchase,86.26,29.67
1786001894.677051,Charlie,Search,73.55,76.34
1786001894.677054,Emma,Logout,57.1,64.78
1786001894.677057,David,Purchase,62.76,28.77
1786001894.67706,David,Logout,44.26,94.82
1786001894.6770627,David,Search,88.96,83.81
1786001894.6770654,Emma,Search,17.84,64.2
1786001894.6770682,Bob,Logout,73.44,25.61
1786001894.6770713,David,Search,27.33,62.29
1786001894.6770744,Charlie,View,58.11,89.01
1786001894.677077,Emma,View,86.95,64.51
1786001894.6770802,Charlie,Logout,85.69,25.9
1786001894.677086,Alice,Search,35.6,88.16
1786001894.6770895,Emma,View,78.4,87.56
1786001894.6770923,Bob,Login,32.3,34.06
1786001894.6770954,David,Search,65.02,92.6
1786001894.6771002,Charlie,Login,50.93,67.03
1786001894.677103,Charlie,Purchase,58.9,86.8
1786001894.677106,Charlie,Search,66.39,78.77
1786001894.6771085,Emma,Login,54.07,31.09
1786001894.6771135,David,Logout,62.29,75.85
1786001894.6771164,Alice,View,78.02,64.9
1786001894.677119,David,View,12.04,29.74
1786001894.6771224,Emma,View,39.26,37.62
1786001894.6771252,Alice,View,15.95,86.42
1786001894.6771276,David,Login,70.49,51.24
1786001894.6771305,Alice,Logout,76.18,69.79
1786001894.6771338,David,Purchase,71.23,69.52
1786001894.6771364,Charlie,Logout,72.15,21.49
1786001894.6771395,David,Login,37.57,74.67
1786001894.6771424,Alice,Search,29.93,22.17
1786001894.6771448,David,Logout,47.7,44.63
1786001894.6771474,Charlie,Purchase,84.8,90.14
1786001894.6771502,David,Logout,16.73,84.75
1786001894.677153,David,Logout,39.38,79.48
1786001894.6771555,Alice,Search,59.08,35.62
1786001894.6771584,Charlie,Login,55.57,66.99
1786001894.6771612,Bob,Purchase,22.45,41.95
1786001894.6771638,Bob,Login,38.97,71.28
1786001894.677167,Alice,Login,13.49,63.46
1786001894.6771696,Alice,Logout,51.71,60.03
1786001894.6771727,Alice,Search,13.87,60.26
1786001894.6771753,Emma,Login,46.33,25.46
1786001894.6771781,Alice,Login,66.81,32.38
1786001894.677181,Alice,Purchase,52.2,66.83
1786001894.677184,Bob,Logout,56.29,43.74
1786001894.6771874,David,View,22.77,87.1
1786001894.6771903,Bob,Login,22.49,48.32
1786001894.6771932,Emma,Search,34.41,69.76
1786001894.6771958,Alice,Purchase,82.9,48.96
1786001894.677199,Bob,Logout,63.33,88.59
1786001894.6772015,Emma,Logout,87.29,58.61
1786001894.6772065,Bob,Search,89.92,42.86
1786001894.6772094,Alice,Search,14.17,35.3
1786001894.6772125,Charlie,View,84.19,54.04
1786001894.6772153,Emma,Login,88.62,51.4
1786001894.6772177,Emma,Login,44.19,29.26
1786001894.6772213,David,Login,51.35,43.97
1786001894.677224,Charlie,Purchase,10.08,73.02
1786001894.6772294,Bob,View,38.59,58.79
1786001894.677232,Charlie,Search,15.19,40.2
1786001894.677235,Bob,View,33.39,79.49
1786001894.6772377,Alice,Login,72.39,20.03
1786001894.6772406,Charlie,Purchase,73.24,28.41
1786001894.6772432,Emma,Purchase,14.8,90.15
1786001894.6772459,Emma,Logout,21.08,58.6
1786001894.6772487,Charlie,Logout,51.91,45.27
1786001894.6772516,Bob,Search,24.52,87.37
1786001894.6772542,Alice,Search,86.72,27.83
1786001894.677257,Bob,Logout,85.23,31.27
1786001894.6772597,Bob,Purchase,54.09,32.14
1786001894.677262,Alice,View,76.19,32.77
1786001894.677265,Bob,View,33.4,49.96
1786001894.6772678,David,Logout,62.48,24.33
1786001894.6772704,Emma,Search,84.67,91.74
1786001894.6772733,Alice,Purchase,50.5,30.88
1786001894.6772876,David,Logout,76.67,45.2
1786001894.6772907,Alice,Logout,12.97,61.56
1786001894.6772935,Charlie,View,80.73,88.5
1786001894.6772964,Bob,Purchase,44.8,91.92
1786001894.6772993,Bob,Purchase,74.63,89.52
1786001894.6773024,Alice,Login,51.79,71.59
1786001894.677305,Charlie,Purchase,42.53,29.92
1786001894.6773078,David,View,29.2,36.08
1786001894.6773114,Emma,Search,69.71,30.11
1786001894.6773145,David,Search,72.7,27.38
1786001894.6773176,Alice,Purchase,11.65,38.7
1786001894.6773202,Emma,Logout,64.89,85.02
1786001894.677323,Emma,Purchase,76.63,60.93
1786001894.6773255,Emma,View,14.2,66.39
1786001894.677328,Bob,View,61.73,40.83
1786001894.6773307,Emma,Logout,88.54,45.38
1786001894.6773336,Alice,View,58.31,33.65
1786001894.677336,David,View,45.92,71.4
1786001894.6773386,Charlie,View,55.49,28.61
1786001894.6773412,Emma,View,66.83,65.5
1786001894.6773443,Bob,View,53.87,74.94
1786001894.6773472,Emma,Login,18.36,32.45
1786001894.6773503,David,View,65.94,53.42
1786001894.6773531,Emma,Purchase,14.11,81.4
1786001894.6773558,Alice,Search,38.21,44.71
1786001894.677359,Emma,Logout,27.05,48.72
1786001894.6773622,Bob,Login,37.03,82.71
1786001894.6773648,Emma,Purchase,41.79,61.72
1786001894.6773672,David,Search,84.32,48.31
1786001894.6773698,Charlie,Logout,29.66,52.86
1786001894.6773725,Charlie,Search,74.74,35.24
1786001894.677375,Bob,Search,46.44,72.36
1786001894.6773777,Charlie,Search,15.27,36.57
1786001894.6773803,David,Logout,45.5,56.81
1786001894.6773832,Charlie,Login,33.5,62.27
1786001894.6773863,Alice,View,70.31,91.26
1786001894.677389,Charlie,View,53.5,93.96
1786001894.6773915,Emma,View,16.95,63.01
1786001894.6773942,Bob,Logout,43.32,89.61
1786001894.6773973,Alice,Login,78.91,30.48
1786001894.6774,David,Search,45.97,82.56
1786001894.6774027,David,Logout,77.58,65.78
1786001894.6774054,Emma,Search,48.5,45.28
1786001894.6774082,David,View,10.82,48.7
1786001894.6774108,Bob,Purchase,62.89,85.92
1786001894.6774135,David,Login,65.14,90.36
1786001894.677416,Emma,Search,16.63,26.2
1786001894.6774187,Bob,Purchase,62.01,46.88
1786001894.6774213,David,Purchase,33.06,84.96
1786001894.6774242,David,Search,27.03,81.08
1786001894.6774263,Emma,Logout,36.39,47.57
1786001894.6774292,Emma,Search,86.39,67.31
1786001894.677432,Charlie,Logout,84.73,50.17
1786001894.677435,Bob,Login,31.42,43.56
1786001894.6774378,Bob,Login,60.23,72.66
1786001894.6774402,Alice,Search,16.87,69.68
1786001894.677443,Alice,Logout,45.67,47.22
1786001894.6774457,Alice,View,11.18,45.17
1786001894.6774485,Bob,Logout,82.01,66.92
1786001894.677451,Bob,Logout,36.09,72.4
1786001894.6774538,David,Logout,44.05,29.01
1786001894.6774564,Emma,Search,13.46,33.49
1786001894.677459,David,Search,81.73,30.62
1786001894.6774623,Charlie,Purchase,81.53,88.71
1786001894.6774647,Alice,Purchase,85.63,83.05
1786001894.6774676,Alice,View,13.79,49.04
1786001894.6774702,David,Search,11.53,76.93
1786001894.6774735,Emma,Search,38.56,92.42
1786001894.6774766,Alice,Search,82.95,94.85
1786001894.6774795,Alice,Logout,47.27,41.52
1786001894.6774817,Emma,Login,67.39,21.53
1786001894.6774848,Emma,Purchase,13.66,45.09
1786001894.6774876,Charlie,Search,31.88,69.0
1786001894.6774902,Bob,Search,15.91,84.91
1786001894.677493,Emma,Purchase,35.54,37.75
1786001894.6774957,Bob,Search,49.38,79.94
1786001894.6774983,Emma,Login,29.96,86.21
1786001894.6775012,Emma,Login,15.16,49.78
1786001894.6775038,Emma,Search,31.0,74.05
1786001894.6775062,Alice,Purchase,22.89,72.32
1786001894.6775093,Emma,View,66.34,56.33
1786001894.6775122,Emma,Purchase,61.88,77.81
1786001894.6775148,David,Purchase,88.84,81.0
1786001894.6775174,Alice,Search,41.0,89.08
1786001894.67752,Bob,Login,42.48,20.64
1786001894.677523,Emma,Purchase,54.9,32.32
1786001894.6775258,Charlie,Logout,73.2,51.17
1786001894.6775286,Charlie,Search,50.68,80.75
1786001894.6775315,Bob,Purchase,67.21,91.79
1786001894.6775339,Alice,Purchase,66.66,53.42
1786001894.6775367,Charlie,View,89.5,90.67
1786001894.6775396,Alice,Purchase,37.11,76.02
1786001894.6775424,Alice,Search,33.55,44.48
1786001894.6775453,Alice,Login,57.5,31.95
1786001894.677548,Charlie,Search,85.61,50.86
1786001894.6775508,Charlie,Login,20.96,83.84
1786001894.6775537,Bob,Search,54.27,46.31
1786001894.6775563,Bob,View,15.07,20.39
1786001894.6775591,Alice,Login,89.42,74.71
1786001894.6775615,Charlie,Logout,37.08,56.56
1786001894.677566,David,Purchase,18.64,80.51
1786001894.677569,Charlie,Search,16.66,43.24
1786001894.6775715,Charlie,Search,28.93,32.2
1786001894.677575,David,Search,63.55,37.41
1786001894.677578,Alice,Search,58.74,88.58
1786001894.6775806,Bob,Logout,57.88,89.97
1786001894.6775835,Charlie,View,19.09,57.18
1786001894.677586,Charlie,Login,74.94,91.56
1786001894.677589,Bob,Login,20.44,38.64
1786001894.6775923,Charlie,Login,52.33,60.06
1786001894.6775954,Emma,Logout,46.84,94.65
1786001894.6775982,Emma,Search,14.43,37.34
1786001894.677601,Emma,Logout,81.08,66.5
1786001894.677605,Bob,Logout,65.86,89.24
1786001894.6776078,Emma,View,47.98,73.47
1786001894.6776102,Emma,View,38.01,41.04
1786001894.6776128,David,Login,83.0,73.05
1786001894.6776156,Charlie,Login,15.59,32.34
1786001894.6776187,Charlie,Search,42.58,22.47
1786001894.6776216,David,Logout,88.15,48.77
1786001894.677624,Charlie,Purchase,79.03,65.61
1786001894.6776268,Alice,Search,60.36,71.98
1786001894.6776295,Alice,Logout,26.19,20.39
1786001894.6776326,Alice,Login,87.06,46.7
1786001894.6776354,Emma,Purchase,39.63,40.98
1786001894.6776383,Charlie,Login,46.08,56.21
1786001894.677641,David,Purchase,75.28,61.16
1786001894.677644,Bob,Search,18.93,44.93
1786001894.6776466,Charlie,Search,31.21,20.25
1786001894.6776497,Bob,Search,70.33,54.85
1786001894.6776521,Charlie,Logout,57.35,34.21
1786001894.6776552,Emma,Purchase,49.26,29.4
1786001894.6776578,Charlie,View,60.04,52.0
1786001894.6776607,Bob,Login,64.62,77.59
1786001894.6776636,David,Login,41.93,65.37
1786001894.6776674,Charlie,View,26.09,68.37
1786001894.6776702,Charlie,View,16.25,57.41
1786001894.6776726,David,Logout,28.23,34.06
1786001894.677676,David,Search,41.1,81.11
1786001894.6776786,Emma,Login,73.97,28.48
1786001894.6776814,Alice,Login,11.78,70.06
1786001894.6776843,David,Login,37.63,33.45
1786001894.677687,Alice,Purchase,37.56,34.11
1786001894.6776896,David,Purchase,81.11,70.04
1786001894.6776924,David,Search,26.48,35.68
1786001894.6776953,David,Search,37.39,79.53
1786001894.677698,Bob,Purchase,68.23,64.14
1786001894.6777005,Emma,Search,39.86,78.86
1786001894.6777031,Emma,Logout,66.87,33.86
1786001894.6777062,David,Login,56.07,50.69
1786001894.6777093,Charlie,Logout,10.69,68.69
1786001894.6777122,Alice,Search,82.56,86.55
1786001894.6777153,Bob,Search,53.35,29.25
1786001894.6777198,David,Purchase,56.06,85.0
1786001894.6777227,David,Purchase,28.58,61.31
1786001894.677725,Bob,Search,54.82,75.49
1786001894.677728,Alice,View,87.82,36.99
1786001894.677731,Bob,View,11.18,35.87
1786001894.6777337,Alice,Logout,84.07,30.4
1786001894.6777363,Emma,Search,67.47,49.6
1786001894.677739,Charlie,Login,81.82,37.52
1786001894.677742,Bob,View,54.54,60.75
1786001894.6777446,David,Logout,34.84,88.34
1786001894.6777475,Alice,Search,79.91,52.55
1786001894.67775,Emma,Logout,79.23,88.8
1786001894.6777527,Charlie,Login,79.54,23.18
1786001894.677756,Charlie,Search,33.96,75.94
1786001894.6777587,Alice,View,24.31,31.48
1786001894.677762,Emma,Logout,41.92,31.38
1786001894.677765,Alice,Search,26.76,61.03
1786001894.6777678,David,View,14.4,86.3
1786001894.6777706,Alice,Search,33.4,24.21
1786001894.6777732,Bob,Search,31.94,47.01
1786001894.677776,Bob,Search,23.89,88.14
1786001894.677779,Emma,Logout,85.22,22.88
1786001894.6777816,Bob,View,75.42,71.41
1786001894.6777842,Emma,Login,71.4,77.58
1786001894.677787,Emma,Purchase,47.25,60.06
1786001894.67779,David,Login,41.94,35.44
1786001894.6777928,Charlie,Search,56.54,23.02
1786001894.6777954,Emma,Logout,61.19,87.73
1786001894.6777978,David,Login,28.73,65.74
1786001894.6778007,Alice,Search,29.67,61.86
1786001894.6778033,Alice,Logout,28.95,73.4
1786001894.6778061,Emma,Logout,68.34,40.4
1786001894.677809,Alice,Logout,49.76,29.4
1786001894.6778123,David,View,47.87,55.54
1786001894.6778147,Bob,Search,69.34,38.12
1786001894.677818,Charlie,Search,12.95,69.54
1786001894.6778207,Alice,Search,75.55,32.6
1786001894.6778235,Alice,Logout,18.38,92.51
1786001894.677827,Alice,Logout,33.0,72.81
1786001894.6778297,David,Logout,61.31,23.86
1786001894.6778338,Charlie,Purchase,16.93,77.85
1786001894.6778362,David,Login,39.59,28.81
1786001894.6778417,David,Login,37.08,56.54
1786001894.6778448,Charlie,Search,26.14,33.06
1786001894.677848,Alice,Search,54.78,38.45
1786001894.677852,Emma,Login,64.68,60.01
1786001894.6778545,Bob,Purchase,71.7,93.82
1786001894.6778574,David,Logout,49.31,78.42
1786001894.67786,David,Login,63.49,93.95
1786001894.6778626,David,View,45.11,91.27
1786001894.6778653,Charlie,View,23.26,50.57
1786001894.6778822,Emma,Login,87.29,79.05
1786001894.677887,Emma,Logout,27.66,76.5
1786001894.6778908,Alice,Login,40.98,81.53
1786001894.6778948,Charlie,Login,65.43,51.7
1786001894.6778991,Emma,Purchase,83.38,77.34
1786001894.6779032,Charlie,View,12.73,33.17
1786001894.6779072,David,Purchase,47.49,44.24
1786001894.6779113,Bob,Purchase,48.24,79.18
1786001894.6779392,Alice,Login,21.99,25.26
1786001894.6779425,Alice,Login,66.19,55.95
1786001894.6779451,David,Logout,45.57,71.74
1786001894.677948,Charlie,Logout,85.47,58.99
1786001894.6779506,Bob,Logout,38.97,87.95
1786001894.6779532,Charlie,Purchase,57.22,38.88
1786001894.6779559,Bob,Purchase,24.73,57.91
1786001894.6779585,Bob,Search,24.93,75.87
1786001894.6779609,David,Search,39.81,67.55
1786001894.6779633,Alice,Search,10.98,28.74
1786001894.6779659,Alice,Login,34.8,40.25
1786001894.6779685,David,Purchase,61.23,42.76
1786001894.6779711,Bob,Purchase,35.48,61.53
1786001894.6779737,Alice,Logout,22.39,43.21
1786001894.6779764,Alice,View,61.3,62.65
1786001894.6779785,Emma,View,30.03,61.07
1786001894.6779814,Charlie,Logout,35.75,22.35
1786001894.677984,Charlie,Purchase,76.59,20.58
1786001894.677987,Bob,Purchase,89.78,79.18
1786001894.67799,Bob,View,78.23,42.12
1786001894.677993,Bob,Purchase,33.75,29.84
1786001894.6779954,Alice,Purchase,64.86,90.28
1786001894.677998,David,View,62.21,43.89
1786001894.6780007,Emma,Search,20.44,24.18
1786001894.6780033,Bob,Login,81.22,61.52
1786001894.678008,Alice,Logout,60.05,60.21
1786001894.6780112,Charlie,Purchase,63.87,82.58
1786001894.6780138,Alice,Purchase,57.35,69.62
1786001894.6780162,Emma,Search,76.77,47.39
1786001894.6780188,Bob,Purchase,88.26,44.0
1786001894.6780217,David,View,52.98,32.3
1786001894.6780243,Alice,View,86.92,58.92
1786001894.6780267,Emma,Search,46.87,57.85
1786001894.6780293,Charlie,Login,71.0,85.26
1786001894.6780322,Bob,Search,39.92,89.3
1786001894.6780348,Alice,Search,39.11,55.79
1786001894.6780381,Emma,Logout,37.06,54.17
1786001894.6780405,Charlie,Search,71.34,51.84
1786001894.678043,David,Logout,58.13,84.51
1786001894.6780457,Bob,Login,28.92,80.07
1786001894.6780484,Bob,Purchase,56.7,28.36
1786001894.6780508,Charlie,Logout,22.84,51.06
1786001894.6780534,Alice,Login,87.58,55.02
1786001894.6780581,Alice,Login,20.56,63.43
1786001894.678061,David,Purchase,61.33,46.5
1786001894.6780636,Bob,Search,84.48,72.55
1786001894.6780663,Alice,Purchase,19.03,87.05
1786001894.6780689,Charlie,Logout,67.42,51.94
1786001894.6780717,Bob,Search,53.88,57.53
1786001894.6780746,David,Purchase,47.08,81.54
1786001894.6780796,David,Login,60.31,24.42
1786001894.6780822,Charlie,Purchase,57.57,54.22
1786001894.6780849,Charlie,Search,62.97,24.16
1786001894.6780875,Emma,Search,25.63,68.27
1786001894.67809,Charlie,View,17.85,83.96
1786001894.6780927,Bob,Search,86.52,78.4
1786001894.6780953,David,Logout,44.61,43.18
1786001894.6780982,Charlie,Purchase,10.77,66.64
1786001894.6781008,Alice,Login,34.22,77.37
1786001894.6781032,David,Logout,65.17,72.54
1786001894.678106,Bob,Login,88.76,68.67
1786001894.6781085,Bob,Logout,19.67,37.82
1786001894.6781113,Bob,Login,40.06,41.2
1786001894.6781144,Emma,Logout,78.8,45.98
1786001894.6781168,Bob,View,38.77,69.02
1786001894.6781194,Charlie,Search,79.73,65.03
1786001894.6781218,David,Purchase,76.34,62.55
1786001894.678125,David,View,72.91,31.99
1786001894.6781297,Emma,Logout,76.33,23.45
1786001894.6781323,Charlie,View,14.24,84.57
1786001894.6781347,Alice,Login,64.92,47.5
1786001894.678138,Emma,Search,84.95,74.1
1786001894.6781406,Charlie,View,53.13,84.26
1786001894.6781435,Bob,View,37.12,26.55
1786001894.6781464,Charlie,Logout,85.8,51.25
1786001894.6781487,Charlie,Login,67.29,39.31
1786001894.6781514,Bob,Login,82.05,78.54
1786001894.6781542,Emma,Logout,17.99,76.77
1786001894.6781569,Charlie,View,71.06,93.39
1786001894.6781595,Emma,Logout,17.45,87.5
1786001894.678162,Alice,Purchase,36.98,26.17
1786001894.6781669,Bob,Logout,56.21,82.79
1786001894.6781693,Bob,Login,52.74,65.53
1786001894.6781719,David,Login,88.91,73.71
1786001894.6781747,Bob,Logout,59.72,90.16
1786001894.6781774,Alice,Purchase,14.94,63.11
1786001894.67818,Emma,Search,11.3,42.7
1786001894.6781826,Bob,Logout,67.67,71.06
1786001894.6781855,Alice,View,15.73,65.66
1786001894.678188,David,Purchase,32.8,39.58
1786001894.6781907,David,Logout,29.65,50.08
1786001894.678193,David,Search,10.17,48.36
1786001894.6781957,David,View,29.04,59.19
1786001894.6781988,Emma,Search,35.86,47.84
1786001894.6782012,Alice,Logout,60.76,60.6
1786001894.6782038,Emma,Login,54.23,31.56
1786001894.6782062,Emma,Purchase,70.92,86.37
1786001894.6782088,David,View,89.76,22.79
1786001894.6782117,Charlie,Login,62.58,36.51
1786001894.678214,Bob,View,77.85,75.34
1786001894.6782165,Charlie,Logout,40.41,47.21
1786001894.678219,David,Logout,62.16,25.96
1786001894.6782215,Bob,View,69.88,31.02
1786001894.6782243,Bob,Login,21.69,70.89
1786001894.6782267,Bob,Purchase,41.43,50.95
1786001894.6782293,Emma,View,18.97,48.76
1786001894.6782346,Emma,View,78.23,25.24
1786001894.6782372,Emma,Purchase,86.58,40.6
1786001894.67824,Alice,Purchase,89.21,87.8
1786001894.6782424,Alice,Logout,84.95,50.33
1786001894.6782453,Emma,Purchase,65.47,86.86
1786001894.6782503,Bob,Login,14.52,86.44
1786001894.678254,Charlie,Purchase,24.76,81.06
1786001894.6782584,David,Logout,62.37,30.28
1786001894.678261,Alice,Login,89.55,22.1
1786001894.678264,David,Search,12.85,52.69
1786001894.6782663,Bob,View,42.73,22.9
1786001894.678269,David,View,85.84,94.41
1786001894.6782715,David,Logout,62.69,24.43
1786001894.6782744,Emma,Purchase,59.66,26.35
1786001894.6782765,Alice,View,35.18,73.73
1786001894.6782794,Emma,Logout,34.85,27.26
1786001894.678282,Alice,Purchase,70.16,61.0
1786001894.6782846,Charlie,Search,37.79,56.13
1786001894.6782873,Alice,Login,17.39,59.8
1786001894.67829,Charlie,Purchase,59.78,58.34
1786001894.6782925,Alice,Login,15.1,33.24
1786001894.6782954,Charlie,Logout,52.56,20.32
1786001894.6783,Charlie,Logout,23.03,60.87
1786001894.6783025,Alice,View,10.57,41.23
1786001894.678305,Alice,Logout,72.93,34.49
1786001894.6783075,Bob,View,56.78,94.14
1786001894.6783102,Emma,Search,84.3,83.22
1786001894.6783128,David,Search,59.68,81.55
1786001894.6783154,Bob,Logout,18.8,70.82
1786001894.678318,Charlie,Purchase,66.37,35.55
1786001894.6783206,David,Login,18.45,89.36
1786001894.6783235,David,Logout,77.06,56.25
1786001894.6783261,Charlie,Logout,20.89,53.72
1786001894.6783288,David,View,43.75,20.82
1786001894.6783314,Alice,Purchase,32.07,27.44
1786001894.678334,Charlie,View,19.24,23.74
1786001894.6783366,Charlie,Login,36.03,33.24
1786001894.6783392,Emma,Search,38.1,48.91
1786001894.6783419,David,Login,34.24,28.78
1786001894.6783464,Charlie,Logout,59.28,87.5
1786001894.6783493,Bob,View,55.33,75.09
1786001894.678352,David,Purchase,62.14,49.51
1786001894.6783547,Emma,Search,47.09,75.85
1786001894.678357,Charlie,Logout,38.79,73.63
1786001894.6783595,Bob,Search,34.43,74.45
1786001894.6783621,Emma,Login,17.57,88.4
1786001894.678365,Charlie,Search,82.53,71.39
1786001894.6783698,David,Purchase,39.29,69.4
1786001894.6783726,Charlie,View,88.08,83.29
1786001894.6783755,David,Search,17.42,87.5
1786001894.6783786,Emma,Purchase,20.8,51.56
1786001894.678381,Charlie,Purchase,81.76,41.92
1786001894.6783836,Alice,View,19.1,34.68
1786001894.6783872,Alice,Purchase,50.45,23.51
1786001894.6783898,Bob,Logout,81.15,91.25
1786001894.6783924,Charlie,Search,13.02,39.86
1786001894.678395,Emma,Logout,76.13,61.58
1786001894.6783977,Charlie,Logout,82.3,77.06
1786001894.6784003,Emma,Logout,74.71,94.61
1786001894.6784031,David,Login,14.58,50.03
1786001894.678406,David,Login,82.33,36.07
1786001894.6784084,David,Logout,61.2,73.21
1786001894.678411,Bob,Purchase,76.68,85.95
1786001894.6784139,Alice,Logout,28.92,54.35
1786001894.6784182,David,Purchase,42.77,30.01
1786001894.6784213,Bob,Search,23.81,28.53
1786001894.6784241,David,View,77.0,92.08
1786001894.6784267,Charlie,View,71.64,87.92
1786001894.6784291,Bob,Logout,54.8,47.77
1786001894.678432,Emma,Logout,31.43,31.94
1786001894.6784346,Alice,Login,84.44,88.84
1786001894.6784394,Bob,Purchase,19.15,68.89
1786001894.678442,Bob,View,35.31,40.9
1786001894.6784453,Alice,Login,26.37,78.59
1786001894.6784482,Emma,View,43.84,23.6
1786001894.6784513,David,Logout,83.01,66.17
1786001894.6784542,David,View,68.83,33.0
1786001894.6784568,Charlie,Login,69.19,56.74
1786001894.6784594,David,Login,39.16,80.63
1786001894.6784623,Charlie,Login,79.12,86.19
1786001894.6784651,Emma,View,69.69,40.54
1786001894.6784675,Emma,Purchase,15.87,89.07
1786001894.6784704,Alice,Login,14.78,74.08
1786001894.6784732,David,Logout,62.67,80.01
1786001894.6784759,Alice,Logout,69.26,89.43
1786001894.6784782,Alice,Logout,12.43,90.34
1786001894.678481,Bob,View,36.63,57.1
1786001894.678484,David,Purchase,21.55,30.61
1786001894.6784868,Alice,View,72.07,92.07
1786001894.6784918,Alice,Login,45.72,88.48
1786001894.6784947,David,Search,22.27,44.09
1786001894.6784978,Bob,Search,34.03,72.42
1786001894.6785011,Charlie,View,14.1,57.01
1786001894.6785038,David,Login,21.82,52.05
1786001894.6785066,Bob,Search,14.46,22.72
1786001894.678509,Alice,Purchase,32.27,90.73
1786001894.6785116,Alice,Login,52.53,93.24
1786001894.678514,Emma,Search,36.91,61.04
1786001894.678517,David,Search,89.45,84.11
1786001894.6785197,Charlie,Search,40.38,84.57
1786001894.6785223,David,Purchase,54.21,69.61
1786001894.678525,Charlie,Search,79.76,29.09
1786001894.6785295,Alice,View,24.67,71.32
1786001894.6785326,Bob,Login,68.49,93.15
1786001894.6785352,Alice,Search,46.25,51.46
1786001894.678538,David,Search,16.77,66.92
1786001894.6785402,Bob,Logout,12.36,36.61
1786001894.678543,Emma,Logout,52.78,94.94
1786001894.678546,Emma,Login,37.61,77.55
1786001894.6785486,Emma,Search,68.26,29.19
1786001894.678551,David,Purchase,56.88,37.95
1786001894.6785536,Charlie,Purchase,30.41,68.02
1786001894.678557,Emma,Login,17.19,89.6
1786001894.67856,David,Purchase,34.61,51.1
1786001894.6785626,David,Purchase,79.23,28.44
1786001894.6785653,David,Logout,48.37,37.46
1786001894.6785684,Charlie,Login,12.13,41.23
1786001894.6785712,David,Search,37.45,30.08
1786001894.678574,Bob,Logout,11.71,41.48
1786001894.6785765,Bob,Logout,11.71,30.5
1786001894.678579,David,View,32.18,63.7
1786001894.6785817,Bob,Login,53.28,37.33
1786001894.6785843,Alice,Search,65.82,22.17
1786001894.678587,Charlie,View,35.95,75.84
1786001894.6785893,Bob,View,66.11,40.37
1786001894.6785922,Charlie,View,87.91,89.51
1786001894.6785946,Emma,Login,88.82,61.71
1786001894.6785972,Alice,Login,51.78,80.24
1786001894.678602,Charlie,Purchase,17.48,38.35
1786001894.6786046,Bob,Login,30.12,20.29
1786001894.6786075,David,Logout,84.42,42.07
1786001894.67861,Emma,Purchase,63.63,35.13
1786001894.678615,Alice,Login,12.2,27.4
1786001894.6786182,Bob,Purchase,57.79,20.94
1786001894.6786227,Emma,Login,40.7,64.61
1786001894.6786258,Emma,Purchase,18.16,78.17
1786001894.6786287,Alice,Search,87.72,88.95
1786001894.6786318,David,Login,59.31,94.08
1786001894.6786342,David,Logout,45.42,50.49
1786001894.6786368,Alice,Purchase,51.71,92.95
1786001894.6786397,David,Purchase,72.33,76.58
1786001894.6786423,Charlie,Purchase,81.53,29.66
1786001894.6786447,Alice,Search,43.54,40.48
1786001894.6786473,Alice,Search,14.68,32.76
1786001894.67865,Charlie,Login,32.1,21.42
1786001894.6786528,Charlie,View,28.74,87.46
1786001894.6786554,David,Login,36.27,70.7
1786001894.6786585,Alice,Login,76.68,37.02
1786001894.6786613,Alice,Logout,66.8,63.78
1786001894.678664,Bob,Search,23.97,80.54
1786001894.6786666,David,Login,21.96,74.34
1786001894.678669,Alice,Login,74.78,75.43
1786001894.6786716,Charlie,Login,44.99,63.45
1786001894.6786742,Bob,View,42.73,31.43
1786001894.6786764,Emma,Purchase,16.62,32.61
1786001894.6786792,Emma,View,33.76,27.05
1786001894.678682,David,Login,86.41,77.42
1786001894.6786847,Emma,Login,27.37,74.0
1786001894.6786869,Bob,Search,60.7,79.69
1786001894.6786897,Charlie,View,15.88,42.25
1786001894.6786926,Emma,Login,27.91,75.2
1786001894.6786952,Charlie,Logout,54.88,37.65
1786001894.678698,David,Search,20.26,65.58
1786001894.6787004,Alice,Login,39.81,64.97
1786001894.6787033,Bob,Purchase,75.91,27.63
1786001894.6787062,Emma,Search,28.25,30.79
1786001894.678714,Charlie,View,57.07,84.39
1786001894.678717,Bob,Logout,20.79,69.92
1786001894.6787195,Bob,Login,39.1,72.46
1786001894.6787224,Emma,View,46.47,72.41
1786001894.678725,Emma,Logout,67.7,61.1
1786001894.678728,Charlie,Login,17.79,20.42
1786001894.678731,David,Search,53.76,68.13
1786001894.6787336,Alice,Logout,42.7,37.18
1786001894.6787364,Charlie,View,34.75,50.44
1786001894.6787412,Bob,Logout,21.68,83.88
1786001894.6787438,David,Logout,24.55,35.89
1786001894.6787467,Charlie,View,13.03,41.07
1786001894.678749,Alice,Login,46.92,67.26
1786001894.6787517,Bob,Login,78.44,52.59
1786001894.6787548,Bob,Logout,35.42,86.88
1786001894.6787574,David,Login,74.67,28.82
1786001894.6787603,David,View,89.35,31.69
1786001894.6787632,Alice,View,22.58,54.62
1786001894.6787658,David,Login,70.43,50.01
1786001894.6787684,Alice,Search,87.27,26.91
1786001894.6787713,Alice,Logout,33.52,23.56
1786001894.678774,Bob,Logout,84.32,80.93
1786001894.6787763,Bob,Search,56.57,46.18
1786001894.6787791,David,View,72.37,43.72
1786001894.6787817,David,Logout,86.87,36.02
1786001894.6787846,Emma,View,38.83,83.57
1786001894.6787894,David,View,55.63,64.05
1786001894.6787925,David,Search,19.14,81.68
1786001894.6787958,Bob,Login,68.51,21.92
1786001894.6787987,Charlie,Login,37.77,72.2
1786001894.6788013,Alice,Login,74.09,38.2
1786001894.678804,Charlie,Logout,81.24,60.33
1786001894.6788082,Alice,View,72.3,38.17
1786001894.678811,Emma,Logout,49.98,55.65
1786001894.6788137,Bob,Logout,81.33,42.5
1786001894.6788166,David,Purchase,32.86,81.02
1786001894.6788194,Bob,View,41.65,80.01
1786001894.678822,Emma,Logout,38.03,41.07
1786001894.678825,Charlie,Search,62.61,92.34
1786001894.6788275,David,Purchase,36.18,29.37
1786001894.6788301,David,Login,32.41,79.9
1786001894.678833,Bob,Login,37.44,25.4
1786001894.6788354,Emma,Purchase,34.0,55.34
1786001894.6788383,Bob,Login,74.16,70.27
1786001894.6788409,Alice,Logout,84.03,63.93
1786001894.6788435,Bob,Purchase,10.37,66.81
1786001894.6788464,David,View,73.25,88.89
1786001894.6788492,Bob,Purchase,38.34,27.12
1786001894.6788518,David,View,53.24,83.65
1786001894.6788547,Emma,Search,53.14,26.85
1786001894.6788573,Emma,View,58.85,89.76
1786001894.678862,Bob,View,63.76,46.75
1786001894.6788652,Bob,Logout,77.9,63.6
1786001894.6788738,Emma,View,50.01,93.34
1786001894.6788766,Charlie,View,14.79,77.37
1786001894.6788795,Alice,Login,74.3,26.02
1786001894.6788821,Bob,Logout,24.09,36.06
1786001894.6788857,Emma,Login,66.21,86.66
1786001894.678888,Alice,Login,23.14,79.76
1786001894.6788907,Bob,Logout,28.35,91.97
1786001894.6788933,David,View,49.55,89.84
1786001894.678896,David,Search,27.0,52.27
1786001894.6789,Emma,Search,50.55,26.32
1786001894.6789064,David,Search,11.5,57.77
1786001894.6789105,Bob,View,76.29,25.88
1786001894.6789143,Charlie,Login,54.26,85.31
1786001894.6789181,Alice,View,69.05,40.85
1786001894.6789236,David,Login,73.29,32.16
1786001894.6789284,Bob,View,81.59,62.97
1786001894.6789331,David,Login,30.45,72.05
1786001894.678938,Emma,Search,37.68,82.2
1786001894.6789422,Bob,Logout,19.42,92.36
1786001894.6789458,Alice,View,25.0,50.5
1786001894.6789498,Charlie,Login,48.93,92.13
1786001894.6789546,David,View,31.09,41.53
1786001894.6789587,David,View,55.85,74.04
1786001894.6789625,Charlie,Search,37.08,72.96
1786001894.6789665,Emma,Search,87.77,23.03
1786001894.6789706,Bob,Purchase,35.83,63.47
1786001894.6789742,David,Login,38.88,91.24
1786001894.6789784,David,Login,35.9,69.59
1786001894.6789823,Bob,Search,29.68,72.68
1786001894.678986,David,View,68.77,31.96
1786001894.67899,David,Login,42.7,84.56
1786001894.678994,Charlie,Logout,22.38,32.78
1786001894.678998,David,Login,71.36,94.9
1786001894.6790025,Bob,Purchase,81.5,75.21
1786001894.679007,David,Login,13.76,60.8
1786001894.679012,Alice,Login,77.24,28.1
1786001894.679019,Charlie,Logout,78.7,21.93
1786001894.6790235,David,View,38.44,83.88
1786001894.6790283,Bob,Purchase,54.39,68.04
1786001894.6790318,Charlie,Login,46.7,80.85
1786001894.6790383,Bob,View,35.46,24.55
1786001894.6790423,Charlie,View,56.21,91.49
1786001894.6790488,David,Logout,35.72,50.8
1786001894.679053,Bob,Logout,73.96,32.42
1786001894.679057,Alice,Login,58.56,65.24
1786001894.6790612,Emma,Search,76.46,28.37
1786001894.6790648,Emma,View,83.66,85.27
1786001894.6790693,Emma,Purchase,80.39,79.61
1786001894.679073,Charlie,Search,32.39,67.17
1786001894.6790771,Bob,Login,63.25,54.58
1786001894.6790817,Alice,View,81.96,43.79
1786001894.6790857,David,Logout,88.67,35.94
1786001894.6790903,Bob,Login,29.32,79.47
1786001894.6790943,Charlie,View,60.71,83.3
1786001894.6790988,Alice,Search,13.25,88.48
1786001894.679103,Charlie,Purchase,59.75,27.05
1786001894.6791077,Emma,Logout,44.97,45.12
1786001894.6791117,Charlie,Purchase,53.31,62.13
1786001894.6791167,Charlie,Purchase,54.4,80.12
1786001894.679122,Alice,Purchase,57.69,41.6
1786001894.6791265,David,View,42.86,46.19
1786001894.67913,Emma,View,48.3,42.6
1786001894.6791346,David,View,16.31,88.68
1786001894.6791396,Alice,Login,47.59,35.03
1786001894.679144,Bob,View,18.81,87.41
1786001894.6791482,Charlie,View,66.38,33.7
1786001894.6791525,Charlie,Purchase,54.52,87.99
1786001894.679157,Bob,View,41.21,86.5
1786001894.6791615,Bob,Logout,59.93,57.11
1786001894.6791668,Charlie,Purchase,15.47,92.99
1786001894.679171,Emma,View,74.23,91.59
1786001894.6791754,Alice,Logout,11.17,94.77
1786001894.6791797,Bob,Purchase,61.17,56.45
1786001894.6791842,Bob,Logout,78.49,58.08
1786001894.6791909,Bob,Purchase,80.09,42.45
1786001894.6791954,Bob,View,41.96,61.21
1786001894.6791995,David,Purchase,44.57,44.96
1786001894.6792037,David,View,85.85,89.69
1786001894.6792083,Alice,Login,25.85,82.57
1786001894.6792126,Alice,Purchase,16.86,25.07
1786001894.6792169,David,Login,58.79,41.92
1786001894.679221,Bob,Logout,42.28,60.52
1786001894.6792252,Emma,Login,70.08,25.54
1786001894.6792316,Alice,View,42.67,33.16
1786001894.6792362,Bob,View,66.65,81.41
1786001894.6792402,Bob,Search,70.41,24.63
1786001894.6792445,Charlie,Login,21.82,35.78
1786001894.6792488,Bob,View,15.9,28.25
1786001894.6792533,Bob,Search,59.26,48.67
1786001894.6792572,Charlie,View,88.71,91.12
1786001894.6792636,David,Search,71.73,41.86
1786001894.6792674,Alice,Purchase,68.31,75.47
1786001894.67927,Alice,Logout,17.87,62.09
1786001894.6792727,Alice,Search,72.71,64.41
1786001894.679275,David,View,58.86,62.97
1786001894.679278,David,Search,60.46,20.91
1786001894.67928,Charlie,Purchase,85.36,40.94
1786001894.6792827,Alice,Search,82.41,77.2
1786001894.6792853,Alice,Logout,39.07,27.19
1786001894.679288,Bob,Search,81.08,29.23
1786001894.6792924,Charlie,View,50.14,24.24
1786001894.6792955,Bob,Logout,84.14,56.72
1786001894.6792982,Bob,Logout,49.7,35.56
1786001894.6793005,Bob,Purchase,21.42,43.84
1786001894.6793034,Emma,View,56.04,50.34
1786001894.679306,Charlie,Purchase,25.07,65.24
1786001894.6793113,David,View,86.71,79.16
1786001894.6793196,Bob,View,58.67,57.6
1786001894.6793225,Bob,Login,64.32,51.44
1786001894.679325,Emma,Search,67.03,60.28
1786001894.6793277,Charlie,Logout,47.84,90.46
1786001894.6793306,Bob,Purchase,25.66,60.06
1786001894.6793332,Charlie,Logout,68.76,57.32
1786001894.6793354,Alice,Search,65.6,85.12
1786001894.6793385,Charlie,Search,35.65,87.19
1786001894.6793408,Alice,Purchase,68.25,67.54
1786001894.6793435,Alice,Login,17.77,30.41
1786001894.6793463,David,View,16.43,86.28
1786001894.679349,Bob,Login,55.23,82.21
1786001894.6793516,Alice,View,54.75,36.23
1786001894.6793542,Emma,Logout,74.9,78.3
1786001894.6793568,Charlie,Search,36.27,57.59
1786001894.6793597,Charlie,Search,80.21,49.67
1786001894.6793625,Bob,Search,37.9,52.47
1786001894.6793652,David,View,67.9,89.52
1786001894.679368,Charlie,View,22.88,84.43
1786001894.6793728,Bob,View,42.15,36.5
1786001894.6793754,Charlie,View,12.53,42.91
1786001894.6793783,Emma,Purchase,75.84,55.14
1786001894.6793807,Emma,View,18.9,41.96
1786001894.6793833,Charlie,Logout,58.64,89.23
1786001894.6793861,David,Logout,78.74,45.97
1786001894.6793888,Charlie,Search,76.55,76.16
1786001894.6793914,Charlie,View,19.46,20.15
1786001894.6793942,David,Purchase,62.06,51.52
1786001894.6793966,David,Search,13.45,93.14
1786001894.6793995,Alice,Purchase,89.78,64.22
1786001894.6794038,Bob,Search,82.35,59.9
1786001894.6794066,Alice,Login,31.14,93.35
1786001894.6794088,Charlie,Purchase,49.93,85.46
1786001894.6794114,Bob,Logout,42.16,42.91
1786001894.679414,Emma,Logout,86.25,45.25
1786001894.6794171,Charlie,Login,13.51,88.98
1786001894.6794198,Charlie,Logout,33.02,42.68
1786001894.6794221,David,Logout,80.04,66.27
1786001894.679425,Alice,Search,48.23,45.31
1786001894.6794279,Alice,Purchase,35.31,31.68
1786001894.6794305,Bob,View,57.56,91.73
1786001894.6794326,Emma,Purchase,49.39,72.29
1786001894.6794353,Charlie,Login,55.34,75.27
1786001894.679438,Charlie,Logout,55.87,86.83
1786001894.679441,Alice,Login,40.23,46.31
1786001894.6794436,Bob,Login,30.41,71.99
1786001894.6794465,Bob,Search,22.14,85.55
1786001894.6794488,Emma,Search,52.86,31.61
1786001894.6794517,Charlie,Login,83.3,28.57
1786001894.6794543,David,View,33.27,49.73
1786001894.679457,Alice,View,47.83,32.83
1786001894.6794596,Emma,Purchase,82.61,30.35
1786001894.6794624,Emma,Login,60.42,51.78
1786001894.679465,Emma,Login,25.56,63.47
1786001894.6794674,Alice,Search,15.57,23.03
1786001894.6794703,Bob,Logout,43.32,85.18
1786001894.679473,Bob,Purchase,10.17,81.82
1786001894.6794777,David,Login,42.81,83.09
1786001894.6794806,Emma,Logout,62.78,25.92
1786001894.6794832,Alice,Purchase,72.62,38.33
1786001894.679486,David,Purchase,24.13,69.73
1786001894.679491,David,Purchase,89.27,93.52
1786001894.6794963,Bob,Logout,51.35,63.07
1786001894.679499,Emma,Search,83.98,51.35
1786001894.6795018,Emma,Logout,35.58,25.27
1786001894.6795044,Emma,View,40.17,79.26
1786001894.6795073,Charlie,Logout,68.28,25.85
1786001894.6795099,David,Login,20.93,75.43
1786001894.6795123,Emma,Purchase,66.56,58.78
1786001894.6795151,David,Purchase,79.11,46.44
1786001894.6795177,David,Search,13.32,50.31
1786001894.6795206,Emma,Logout,62.71,92.14
1786001894.6795228,Bob,View,11.98,49.29
1786001894.6795263,Emma,Login,70.64,45.32
1786001894.6795294,Alice,Logout,11.98,88.96
1786001894.6795318,Emma,Search,41.28,74.17
1786001894.6795347,Alice,View,86.46,49.63
1786001894.679537,David,Logout,29.34,55.85
1786001894.6795397,David,View,46.12,46.54
1786001894.6795423,Alice,Login,20.87,85.59
1786001894.6795452,Emma,Search,45.6,25.06
1786001894.6795475,David,Login,26.64,60.17
1786001894.6795504,Alice,Purchase,53.47,53.69
1786001894.679553,David,Purchase,41.08,82.11
1786001894.6795557,Emma,Purchase,80.49,55.35
1786001894.6795585,Alice,Login,66.97,35.09
1786001894.679561,Bob,Login,51.34,63.39
1786001894.6795635,Bob,Purchase,28.31,74.64
1786001894.6795664,Emma,Search,51.52,81.36
1786001894.679569,David,Logout,83.77,39.37
1786001894.6795716,Charlie,View,14.21,72.59
1786001894.6795743,Charlie,View,44.77,40.42
1786001894.679577,Emma,Logout,88.58,53.6
1786001894.6795797,Alice,Logout,57.14,83.57
1786001894.679585,David,View,87.57,59.14
1786001894.6795876,Emma,Purchase,30.58,85.49
1786001894.6795905,Alice,Search,21.54,73.87
1786001894.6795928,Emma,Purchase,18.65,63.43
1786001894.6795955,David,Login,47.91,40.0
1786001894.6795986,Emma,Search,54.89,26.09
1786001894.6796012,Alice,Logout,56.16,82.97
1786001894.679604,David,Logout,75.08,61.06
1786001894.6796062,Charlie,View,80.08,88.76
1786001894.679611,Charlie,Login,25.99,29.35
1786001894.679614,David,Search,21.9,42.48
1786001894.6796167,Charlie,Purchase,61.74,28.36
1786001894.6796193,Bob,Purchase,88.66,59.63
1786001894.6796222,Bob,View,29.06,39.16
1786001894.6796248,Alice,Login,12.85,73.34
1786001894.679627,Emma,View,64.43,68.93
1786001894.6796298,Emma,Search,85.82,88.63
1786001894.6796327,Emma,Login,18.45,61.78
1786001894.6796353,Charlie,Purchase,11.34,41.77
1786001894.679638,David,Login,34.62,29.58
1786001894.6796405,Emma,Login,44.91,63.11
1786001894.679643,Alice,Purchase,41.81,47.84
1786001894.679646,Bob,Logout,14.62,87.46
1786001894.6796484,Alice,Search,58.43,85.28
1786001894.6796513,Bob,Purchase,64.53,33.83
1786001894.6796536,Alice,Search,69.57,86.1
1786001894.6796565,David,Search,76.75,74.27
1786001894.679661,Charlie,Logout,12.87,46.73
1786001894.6796641,Alice,Login,17.22,91.16
1786001894.6796668,Emma,Purchase,73.79,40.52
1786001894.679669,Bob,Logout,12.55,79.97
1786001894.6796718,Emma,Login,71.05,71.78
1786001894.6796772,Charlie,Search,30.1,31.96
1786001894.6796803,David,Login,42.34,67.43
1786001894.6796844,Alice,Login,68.76,28.55
1786001894.6796887,Bob,Purchase,62.09,44.28
1786001894.679693,Bob,Search,71.95,77.68
1786001894.6796982,Charlie,Login,74.21,78.7
1786001894.6797025,Alice,Search,88.3,29.73
1786001894.6797073,David,Logout,16.51,91.55
1786001894.6797128,Charlie,Login,13.97,55.43
1786001894.6797154,Alice,Purchase,61.32,62.29
1786001894.6797178,Charlie,View,72.68,25.63
1786001894.6797206,Alice,Login,66.93,79.17
1786001894.679723,Emma,Logout,15.98,59.04
1786001894.679727,Emma,View,58.22,50.54
1786001894.6797316,David,Search,55.14,83.0
1786001894.6797357,Charlie,Search,47.31,31.45
1786001894.6797395,David,Purchase,58.35,31.91
1786001894.679744,Charlie,Login,14.34,36.04
1786001894.679749,Emma,Search,31.78,38.27
1786001894.679754,Alice,Login,62.44,42.7
1786001894.6797602,Alice,View,82.26,40.32
1786001894.6797645,Emma,Logout,10.47,49.17
1786001894.6797695,Charlie,Logout,67.34,32.36
1786001894.6797774,Charlie,Purchase,76.55,76.66
1786001894.6797802,Charlie,Logout,27.7,36.57
1786001894.6797829,Emma,View,61.98,38.2
1786001894.6797855,Alice,Login,56.76,63.74
1786001894.679788,David,Purchase,80.66,29.42
1786001894.6797903,Charlie,View,72.78,92.5
1786001894.6797936,Charlie,Search,49.09,55.17
1786001894.6797984,Bob,View,65.42,27.14
1786001894.6798055,Bob,Login,76.14,81.51
1786001894.6798098,Emma,Login,35.18,50.57
1786001894.6798134,Alice,Search,37.26,57.65
1786001894.6798165,Bob,Purchase,28.91,71.3
1786001894.6798198,Alice,Search,80.06,42.11
1786001894.6798224,Bob,Logout,76.19,38.98
1786001894.6798248,David,Purchase,32.89,38.44
1786001894.6798277,Bob,Search,22.35,76.56
1786001894.6798303,Charlie,Purchase,48.75,80.57
1786001894.6798334,Charlie,Logout,23.3,91.86
1786001894.6798363,Charlie,Search,13.24,56.52
1786001894.679839,Bob,Logout,79.8,81.81
1786001894.679842,Alice,Purchase,87.87,38.45
1786001894.6798446,David,Logout,60.77,77.86
1786001894.6798472,Alice,View,69.41,80.3
1786001894.6798515,Emma,View,30.19,59.82
1786001894.6798556,Bob,View,73.58,47.27
1786001894.67986,David,Logout,74.78,47.4
1786001894.6798663,Alice,Purchase,58.6,37.77
1786001894.6798794,David,Login,75.5,71.28
1786001894.679883,Bob,View,39.51,50.16
1786001894.6798856,David,View,85.34,27.6
1786001894.6798885,Bob,Search,50.79,68.93
1786001894.6799304,Charlie,View,29.94,92.65
1786001894.679934,Alice,Search,73.17,86.12
1786001894.679937,Emma,Search,88.85,72.64
1786001894.679939,Bob,Purchase,18.44,46.13
1786001894.6799448,Alice,Purchase,41.52,30.0
1786001894.6799483,Emma,Logout,34.53,65.27
1786001894.6799512,Charlie,View,56.69,39.95
1786001894.6799536,David,View,84.42,41.05
1786001894.6799564,Charlie,View,18.57,79.5
1786001894.679963,David,Search,84.62,72.33
1786001894.679966,Alice,Login,37.95,94.53
1786001894.6799686,Alice,View,12.15,66.82
1786001894.6799712,Bob,View,69.72,24.17
1786001894.6799738,Bob,Purchase,47.53,60.14
1786001894.6799767,Charlie,Search,17.36,54.82
1786001894.6799796,Emma,Login,68.13,36.6
1786001894.6799827,Bob,View,17.43,58.62
1786001894.679985,Emma,Login,28.21,80.35
1786001894.6799877,Charlie,View,69.76,79.79
1786001894.6799903,Emma,Search,44.68,52.78
1786001894.6799934,Emma,Search,75.36,50.78
1786001894.679996,Emma,Purchase,67.54,30.27
1786001894.6799984,Charlie,Login,43.99,25.93
1786001894.680001,Charlie,Purchase,42.21,29.62
1786001894.6800036,Bob,Logout,59.98,60.51
1786001894.680006,Bob,View,89.12,74.89
1786001894.6800086,Bob,Logout,10.16,60.5
1786001894.680011,Alice,Search,23.38,22.23
1786001894.680014,Charlie,Logout,88.46,60.38
1786001894.680016,Bob,Purchase,87.7,78.96
1786001894.6800187,Charlie,Login,72.77,21.45
1786001894.6800213,Bob,Search,41.66,36.74
1786001894.6800241,Emma,View,51.27,77.01
1786001894.6800265,Charlie,View,80.86,41.9
1786001894.6800294,Bob,Purchase,71.69,73.75
1786001894.680032,Bob,View,14.18,61.58
1786001894.6800349,Emma,Purchase,44.21,33.16
1786001894.680037,Alice,Purchase,26.99,23.26
1786001894.68004,Alice,View,28.54,50.16
1786001894.6800425,Emma,Login,18.58,58.81
1786001894.6800451,David,View,48.68,83.76
1786001894.68005,Emma,Login,20.12,79.29
1786001894.6800525,Emma,Search,78.72,72.71
1786001894.6800554,Emma,Login,88.1,75.13
1786001894.6800585,Bob,Search,59.11,21.23
1786001894.6800609,David,Purchase,21.77,71.78
1786001894.6800635,David,Logout,47.48,70.3
1786001894.6800659,Charlie,Logout,87.86,25.5
1786001894.6800685,Bob,View,71.22,83.31
1786001894.6800714,Emma,Search,59.42,40.12
1786001894.6800737,Bob,View,12.71,33.06
1786001894.6800787,Bob,Logout,11.75,59.61
1786001894.6800816,Alice,Search,27.03,26.01
1786001894.6800845,Bob,Logout,13.6,64.68
1786001894.680087,Charlie,View,17.22,54.69
1786001894.68009,Charlie,Purchase,42.75,57.7
1786001894.6800923,Charlie,Login,83.43,23.77
1786001894.6800954,Alice,Search,76.8,41.43
1786001894.6800983,Charlie,Login,29.14,35.04
1786001894.6801007,Alice,View,37.98,46.25
1786001894.6801028,Charlie,Search,59.19,65.51
1786001894.6801054,David,Purchase,68.17,65.93
1786001894.6801083,David,Purchase,76.58,67.14
1786001894.6801112,Bob,Purchase,55.7,61.47
1786001894.6801143,David,Login,24.47,57.96
1786001894.680117,Charlie,Purchase,21.68,67.48
1786001894.6801195,Bob,Login,48.59,70.83
1786001894.6801221,Charlie,Login,25.52,78.48
1786001894.680127,Alice,View,51.12,91.52
1786001894.6801298,David,Logout,29.68,94.35
1786001894.6801326,Alice,Search,47.08,58.56
1786001894.6801355,Emma,View,65.29,42.77
1786001894.6801379,Charlie,Login,24.15,75.02
1786001894.6801429,Emma,Logout,36.31,56.27
1786001894.6801455,Alice,Logout,68.62,51.45
1786001894.6801481,Bob,View,57.85,92.15
1786001894.6801507,Alice,Logout,52.24,72.93
1786001894.6801534,Emma,Logout,11.3,55.46
1786001894.680156,Alice,Search,11.67,89.41
1786001894.6801584,David,Purchase,24.07,20.17
1786001894.680161,David,Purchase,17.03,60.68
1786001894.6801636,Charlie,Purchase,44.93,64.65
1786001894.6801665,Charlie,Logout,41.19,31.82
1786001894.6801686,Alice,Login,21.73,86.03
1786001894.6801713,Emma,Search,85.48,83.06
1786001894.680174,Emma,Search,46.84,23.46
1786001894.680177,Alice,Login,76.17,31.68
1786001894.6801794,Charlie,Search,87.02,59.35
1786001894.680182,David,View,50.53,70.38
1786001894.6801848,Charlie,Search,76.91,22.66
1786001894.6801872,Alice,Search,75.57,32.38
1786001894.6801896,David,Logout,89.31,21.79
1786001894.6801925,Alice,Purchase,88.54,79.3
1786001894.6801972,Charlie,Purchase,47.91,71.08
1786001894.6801999,Emma,Purchase,23.53,68.94
1786001894.6802025,Emma,Login,86.99,52.46
1786001894.680205,Alice,Login,82.62,78.17
1786001894.6802082,Charlie,View,20.09,90.11
1786001894.6802106,Charlie,Purchase,49.08,60.08
1786001894.680213,Bob,View,70.77,45.64
1786001894.6802156,Bob,Login,83.02,79.95
1786001894.6802185,Bob,Purchase,10.54,35.16
1786001894.6802208,Bob,Logout,41.92,69.93
1786001894.6802235,Emma,Login,79.86,57.95
1786001894.680228,Alice,Logout,44.35,34.52
1786001894.6802309,Emma,View,60.06,26.9
1786001894.680234,Bob,View,67.77,53.14
1786001894.6802366,David,Logout,83.0,71.82
1786001894.6802394,Bob,Search,53.88,94.84
1786001894.6802418,Emma,Logout,68.47,93.58
1786001894.6802447,Alice,Purchase,16.41,33.71
1786001894.6802473,Charlie,Search,68.45,55.41
1786001894.6802497,Charlie,Purchase,59.09,69.12
1786001894.680252,Emma,Logout,69.98,32.02
1786001894.6802547,Alice,View,62.5,86.04
1786001894.6802573,Charlie,Search,50.85,32.0
1786001894.6802602,Charlie,View,67.54,25.43
1786001894.6802626,Bob,Purchase,34.2,26.4
1786001894.6802654,Bob,Login,27.51,45.23
1786001894.6802683,Bob,Purchase,64.53,70.75
1786001894.6802711,Charlie,Search,56.5,77.45
1786001894.680274,David,Search,27.16,38.14
1786001894.6802762,Bob,View,12.84,70.96
1786001894.6802788,Emma,Logout,75.71,85.27
1786001894.6802814,Alice,View,76.93,61.54
1786001894.6802843,Emma,Login,17.81,58.95
1786001894.6802866,David,Search,52.59,65.51
1786001894.6802897,David,Purchase,26.73,94.94
1786001894.6802924,Emma,Search,25.48,60.78
1786001894.680295,Alice,Purchase,17.26,25.75
1786001894.6802971,Bob,Search,16.71,43.67
1786001894.6802998,Alice,Logout,12.43,72.47
1786001894.6803043,Alice,Login,89.03,53.89
1786001894.6803076,Alice,View,73.72,78.8
1786001894.6803105,David,View,62.94,59.9
1786001894.6803133,Bob,Login,26.22,38.02
1786001894.6803198,Alice,Login,71.27,66.57
1786001894.6803231,Emma,View,32.5,48.12
1786001894.6803257,Bob,Logout,67.49,93.33
1786001894.6803286,Alice,View,36.67,54.21
1786001894.6803315,Alice,Search,69.99,66.81
1786001894.680334,David,Login,52.8,63.7
1786001894.680337,Bob,Search,81.87,21.37
1786001894.6803396,Emma,Login,27.5,55.16
1786001894.680342,Alice,Purchase,40.42,61.49
1786001894.6803446,Bob,Logout,21.27,23.3
1786001894.6803474,Alice,Purchase,86.15,25.97
1786001894.68035,David,Logout,49.94,56.22
1786001894.6803524,Alice,Purchase,89.9,89.46
1786001894.680355,David,Logout,10.89,55.59
1786001894.6803577,Charlie,Logout,13.72,92.06
1786001894.68036,David,View,79.42,51.06
1786001894.680363,David,Search,24.49,84.46
1786001894.6803665,Emma,Purchase,71.31,36.49
1786001894.680369,Charlie,Logout,21.6,87.01
1786001894.680372,Bob,Logout,22.69,52.77
1786001894.6803746,Alice,Search,29.1,35.85
1786001894.6803772,Emma,Search,16.53,65.84
1786001894.6803803,David,Logout,26.77,35.55
1786001894.680383,Alice,Purchase,42.6,28.49
1786001894.6803858,David,View,72.92,33.23
1786001894.6803882,Alice,Search,41.52,80.84
1786001894.6803908,David,View,33.06,65.58
1786001894.6803937,Emma,Login,68.98,67.38
1786001894.6803963,Bob,Purchase,12.42,30.04
1786001894.6803992,David,Login,18.15,90.0
1786001894.6804018,Alice,Logout,26.38,21.92
1786001894.6804044,David,View,70.65,60.0
1786001894.68041,Charlie,Search,58.99,24.26
1786001894.6804132,Emma,Login,73.76,53.9
1786001894.6804163,Alice,Login,55.76,76.75
1786001894.6804185,David,Purchase,17.4,55.88
1786001894.6804214,Alice,Logout,75.82,40.74
1786001894.680424,David,Login,35.09,82.76
1786001894.6804266,Alice,Purchase,40.95,65.31
1786001894.680429,Alice,Search,80.8,68.67
1786001894.6804316,Emma,Search,71.32,48.06
1786001894.6804342,Charlie,View,50.74,88.58
1786001894.680437,Emma,View,67.36,54.77
1786001894.680442,Charlie,Logout,49.22,25.4
1786001894.680445,Emma,Login,39.02,76.82
1786001894.6804476,Charlie,Logout,41.01,82.42
1786001894.6804502,Alice,Search,30.84,52.89
1786001894.6804528,Bob,Search,85.6,61.31
1786001894.6804554,Alice,Purchase,64.33,35.19
1786001894.680458,Emma,Search,28.84,53.78
1786001894.6804607,Charlie,Purchase,38.97,84.95
1786001894.6804633,Emma,Logout,19.05,28.55
1786001894.680466,Emma,Login,11.57,65.26
1786001894.6804686,David,Logout,73.69,39.97
1786001894.680471,Charlie,Search,43.77,69.07
1786001894.6804738,Bob,Purchase,89.96,21.5
1786001894.6804764,Bob,View,32.84,44.91
1786001894.6804793,David,View,76.46,76.6
1786001894.6804821,Alice,Logout,17.07,49.69
1786001894.6804848,Charlie,View,61.64,79.67
1786001894.6804895,David,Login,33.06,37.38
1786001894.6804926,Charlie,View,24.46,89.94
1786001894.6804953,Emma,Purchase,84.46,56.8
1786001894.680498,David,Purchase,24.25,34.71
1786001894.6805022,Bob,Login,76.97,92.56
1786001894.6805053,Emma,View,70.23,52.41
1786001894.680508,Bob,Purchase,50.97,30.84
1786001894.6805105,Alice,Login,75.9,22.64
1786001894.680515,Bob,Login,46.86,42.77
1786001894.680518,David,Purchase,11.5,61.79
1786001894.6805208,David,Search,83.26,70.73
1786001894.6805232,David,Search,71.85,68.52
1786001894.6805258,Bob,View,25.1,78.55
1786001894.6805284,Charlie,Search,58.91,32.75
1786001894.680531,Bob,Search,71.43,40.17
1786001894.6805336,David,View,66.45,67.47
1786001894.6805367,Emma,Logout,72.49,67.46
1786001894.6805396,Bob,Purchase,67.4,35.07
1786001894.6805422,Emma,Logout,44.18,24.63
1786001894.680545,Emma,View,14.19,60.65
1786001894.6805475,Alice,View,63.48,33.02
1786001894.6805499,Charlie,Purchase,66.94,22.43
1786001894.6805527,Charlie,Logout,27.74,22.44
1786001894.6805556,Emma,Purchase,23.89,72.15
1786001894.6805577,Charlie,Logout,32.32,29.62
1786001894.6805627,Alice,Purchase,45.19,50.22
1786001894.680566,Emma,Logout,83.73,71.48
1786001894.680569,Emma,View,15.42,70.95
1786001894.6805713,Alice,Search,53.55,29.3
1786001894.6805742,David,View,42.63,67.92
1786001894.6805768,Bob,Logout,64.18,21.64
1786001894.6805797,Bob,Logout,59.59,81.8
1786001894.6805823,David,View,72.57,58.21
1786001894.680585,Emma,Logout,89.64,91.14
1786001894.6805878,Bob,Logout,39.36,54.16
1786001894.680592,Bob,View,58.85,63.25
1786001894.680595,Charlie,Logout,23.8,81.21
1786001894.6805975,Bob,Purchase,45.05,59.18
1786001894.6806004,Bob,Logout,26.42,68.15
1786001894.6806028,Bob,Search,57.78,93.25
1786001894.6806056,David,Logout,75.71,36.95
1786001894.680608,Bob,Search,66.46,72.76
1786001894.680611,Charlie,Search,48.64,70.14
1786001894.680614,Bob,View,24.42,69.04
1786001894.6806176,Bob,Login,48.38,93.2
1786001894.68062,Bob,Login,72.03,48.37
1786001894.680623,Emma,Search,71.31,76.04
1786001894.6806254,Emma,Purchase,21.23,46.25
1786001894.6806283,David,Login,71.94,67.97
1786001894.680631,Alice,Logout,67.58,70.35
1786001894.6806335,Charlie,Logout,34.84,28.95
1786001894.6806362,Alice,View,60.93,51.05
1786001894.680639,Bob,Login,32.99,79.56
1786001894.680642,David,Logout,16.66,71.78
1786001894.6806445,Alice,Purchase,84.01,48.14
1786001894.6806471,Charlie,View,56.68,77.33
1786001894.68065,Alice,Login,36.19,37.93
1786001894.6806524,Charlie,Purchase,37.55,22.46
1786001894.6806548,David,Login,58.92,23.53
1786001894.6806576,Charlie,Logout,25.03,60.11
1786001894.6806602,Emma,Search,58.89,38.28
1786001894.6806626,Charlie,Login,11.76,22.78
1786001894.680665,Alice,View,27.72,93.77
1786001894.68067,Charlie,Search,62.39,94.47
1786001894.6806724,Charlie,Logout,23.57,40.53
1786001894.6806755,David,Search,61.84,83.3
1786001894.6806786,Charlie,Purchase,39.77,56.55
1786001894.680685,Charlie,Purchase,42.46,89.65
1786001894.6806881,Alice,Login,76.88,85.4
1786001894.6806908,Bob,Purchase,82.33,28.61
1786001894.6806934,David,Search,19.45,20.29
1786001894.6806965,Alice,Logout,74.58,74.49
1786001894.680699,Emma,View,54.77,31.34
1786001894.6807022,David,Logout,58.58,34.59
1786001894.680705,Alice,Logout,30.98,27.02
1786001894.6807077,Emma,Search,80.01,77.79
1786001894.68071,Alice,Logout,78.65,32.44
1786001894.6807127,Bob,Search,54.12,87.96
1786001894.6807153,David,Purchase,56.81,85.26
1786001894.6807177,Emma,Login,32.77,23.74
1786001894.68072,Bob,Login,16.09,31.83
1786001894.6807227,Bob,Login,45.36,65.27
1786001894.6807253,Emma,Logout,73.73,70.2
1786001894.680728,Bob,Logout,71.31,58.71
1786001894.6807308,David,Purchase,20.59,61.86
1786001894.6807337,Bob,Logout,55.29,25.68
1786001894.6807363,Charlie,Search,10.91,53.22
1786001894.680739,Emma,Search,75.81,72.77
1786001894.6807415,Bob,Login,66.85,27.83
1786001894.6807442,Charlie,Search,75.08,29.79
1786001894.680747,Alice,View,21.51,82.72
1786001894.6807494,Bob,View,89.44,92.0
1786001894.680752,Emma,Login,76.07,33.76
1786001894.680755,Emma,Search,54.11,80.13
1786001894.6807578,David,Purchase,24.46,93.71
1786001894.6807604,Charlie,Logout,49.21,28.87
1786001894.6807632,Alice,Search,38.62,86.79
1786001894.6807656,Emma,Purchase,62.9,89.12
1786001894.6807683,Emma,View,49.38,44.73
1786001894.680773,David,Search,22.8,21.93
1786001894.6807756,Charlie,View,12.82,83.79
1786001894.6807783,Emma,Search,74.86,73.76
1786001894.680781,Alice,Login,87.87,59.94
1786001894.680783,David,Search,53.04,40.1
1786001894.680786,David,Logout,78.5,56.34
1786001894.6807888,Charlie,Login,61.32,33.3
1786001894.6807914,Charlie,View,39.04,26.92
1786001894.680794,Charlie,View,27.38,52.49
1786001894.6807966,Charlie,Purchase,16.34,79.24
1786001894.6807995,Alice,Purchase,16.44,23.53
1786001894.680804,David,Purchase,33.33,40.9
1786001894.680807,Emma,Purchase,59.54,88.6
1786001894.68081,Charlie,Purchase,47.05,32.31
1786001894.6808126,Emma,Login,13.08,65.82
1786001894.680816,Bob,Purchase,69.27,30.96
1786001894.6808188,Emma,Logout,12.23,72.6
1786001894.680821,Charlie,Logout,53.71,32.29
1786001894.6808236,Bob,Purchase,81.83,63.37
1786001894.6808264,Alice,Purchase,36.79,62.35
1786001894.6808293,Emma,Purchase,18.47,37.01
1786001894.6808321,Charlie,View,36.04,53.71
1786001894.6808348,Alice,Search,15.93,92.72
1786001894.6808374,David,Logout,61.68,33.11
1786001894.68084,Charlie,View,13.5,67.67
1786001894.6808426,David,View,68.76,74.0
1786001894.6808453,David,Search,56.08,61.29
1786001894.680848,Alice,Purchase,88.83,80.54
1786001894.6808527,Emma,Purchase,69.99,20.25
1786001894.6808555,Alice,Search,88.09,28.17
1786001894.6808581,David,Login,33.11,61.22
1786001894.6808608,Alice,View,12.68,62.53
1786001894.680866,Bob,Search,49.12,87.23
1786001894.6808763,Alice,Purchase,46.01,23.22
1786001894.680879,Emma,Search,69.95,29.26
1786001894.6808822,David,Login,81.36,47.43
1786001894.6808853,David,View,80.18,44.06
1786001894.6808877,Alice,Purchase,66.02,78.18
1786001894.6808906,Alice,Login,46.28,62.08
1786001894.6808932,Bob,Purchase,53.76,82.61
1786001894.680896,David,Logout,71.73,77.87
1786001894.6808987,Charlie,Login,32.41,38.52
1786001894.680901,Alice,Logout,76.33,81.32
1786001894.6809042,Alice,View,25.42,57.07
1786001894.680907,David,Logout,65.72,92.6
1786001894.6809096,Charlie,View,13.88,21.31
1786001894.6809125,Charlie,Search,48.26,21.21
1786001894.6809146,Charlie,Purchase,89.88,30.37
1786001894.6809175,Charlie,Login,17.78,60.87
1786001894.6809204,Emma,View,19.94,86.28
1786001894.6809225,Bob,Logout,70.12,26.45
1786001894.6809254,Alice,View,80.61,62.24
1786001894.6809282,Charlie,Logout,69.22,57.45
1786001894.680931,Bob,Purchase,82.0,54.45
1786001894.6809356,Emma,View,21.23,73.33
1786001894.6809385,Alice,View,22.99,69.83
1786001894.6809413,Charlie,View,74.85,34.0
1786001894.6809444,Emma,Purchase,28.69,72.78
1786001894.6809473,David,Purchase,30.74,21.05
1786001894.68095,Alice,Purchase,28.99,45.29
1786001894.6809525,Emma,Search,32.99,47.05
1786001894.680956,David,Logout,27.11,69.66
1786001894.6809585,Charlie,Purchase,29.31,46.23
1786001894.680963,Emma,Purchase,40.96,28.7
1786001894.680966,David,Purchase,75.01,52.86
1786001894.6809688,David,Search,38.59,64.22
1786001894.6809716,Charlie,Logout,11.94,27.59
1786001894.680974,Bob,Logout,18.21,58.23
1786001894.6809766,Alice,Login,13.34,76.12
1786001894.6809795,Bob,Logout,59.9,28.76
1786001894.680982,Alice,Logout,51.85,32.85
1786001894.6809845,David,Search,65.76,52.92
1786001894.6809871,Emma,Purchase,88.06,84.31
1786001894.6809902,David,Login,87.66,60.54
1786001894.6809926,David,Purchase,36.06,56.52
1786001894.680995,Alice,View,87.61,44.92
1786001894.6809976,Charlie,Login,85.84,44.69
1786001894.6810002,Alice,View,50.66,64.76
1786001894.681003,Bob,Search,35.35,56.44
1786001894.6810055,David,View,24.45,83.86
1786001894.681008,David,Purchase,18.88,74.48
1786001894.6810107,Alice,View,70.97,85.05
1786001894.6810136,Bob,Logout,15.97,64.65
1786001894.6810157,Bob,Search,80.71,47.65
1786001894.6810186,Charlie,Logout,66.54,84.67
1786001894.6810217,Bob,Logout,86.53,45.3
1786001894.6810243,David,Logout,89.19,59.42
1786001894.6810267,Alice,Purchase,22.98,65.3
1786001894.6810293,Alice,Logout,77.27,29.12
1786001894.6810317,Alice,Logout,27.99,37.55
1786001894.6810348,Alice,View,59.7,74.33
1786001894.6810374,Charlie,Login,71.94,41.38
1786001894.6810417,David,Login,38.01,39.55
1786001894.6810448,David,Search,70.36,36.38
1786001894.6810472,David,View,49.16,89.87
1786001894.681052,David,Logout,21.56,60.41
1786001894.6810565,David,View,26.62,20.83
1786001894.6810594,Alice,Search,44.41,40.79
1786001894.6810625,Bob,Logout,76.09,40.55
1786001894.6810648,Emma,Logout,15.38,57.48
1786001894.6810675,Charlie,Logout,16.76,63.22
1786001894.6810706,David,Login,73.76,90.01
1786001894.681073,Charlie,Logout,46.52,93.48
1786001894.6810758,David,Logout,30.27,54.97
1786001894.6810782,Bob,Search,50.85,82.38
1786001894.6810808,Charlie,Purchase,69.62,82.98
1786001894.6810834,Emma,Login,15.69,90.16
1786001894.681086,Charlie,Login,69.53,51.79
1786001894.681089,David,Search,89.83,83.89
1786001894.6810915,David,View,67.18,69.66
1786001894.6810942,Emma,Purchase,61.01,43.61
1786001894.681097,Bob,Search,77.01,23.83
1786001894.6810994,Alice,Purchase,62.63,85.96
1786001894.681102,David,Login,56.55,46.1
1786001894.6811047,David,Logout,29.41,21.88
1786001894.6811075,Emma,View,35.92,39.66
1786001894.681111,Emma,View,41.64,66.08
1786001894.6811135,David,Logout,46.44,62.47
1786001894.681116,Bob,View,22.97,89.78
1786001894.6811187,Emma,Search,46.43,60.93
1786001894.681121,Emma,View,25.68,34.29
1786001894.6811235,David,Purchase,65.76,56.87
1786001894.6811259,Bob,Purchase,35.4,23.35
1786001894.6811287,Alice,Logout,70.24,64.71
1786001894.6811314,Emma,View,35.87,66.26
1786001894.6811337,Charlie,View,13.63,49.4
1786001894.6811361,Bob,View,29.2,81.61
1786001894.681141,Alice,Purchase,56.22,61.06
1786001894.681144,Alice,Purchase,13.62,81.29
1786001894.6811469,Alice,Login,35.71,58.6
1786001894.6811492,Bob,Logout,48.28,23.76
1786001894.6811516,Charlie,Login,27.9,34.9
1786001894.6811545,Bob,Purchase,13.49,68.08
1786001894.681157,Charlie,Purchase,81.89,51.77
1786001894.6811597,Alice,View,50.76,74.42
1786001894.6811624,Charlie,Logout,66.61,58.52
1786001894.6811647,Bob,Search,54.12,78.81
1786001894.6811686,Charlie,View,25.89,35.1
1786001894.6811736,David,Search,69.66,42.38
1786001894.681176,David,View,42.7,74.13
1786001894.6811788,Emma,Logout,80.0,72.94
1786001894.681182,Charlie,Purchase,71.86,81.67
1786001894.6811845,Emma,Logout,50.11,22.48
1786001894.6811872,Bob,View,67.51,61.92
1786001894.6811898,Charlie,View,84.47,30.43
1786001894.6811922,Bob,Purchase,61.45,68.1
1786001894.681195,Alice,View,79.67,84.76
1786001894.681198,Bob,Login,54.09,71.39
1786001894.6812,Bob,Login,63.54,64.23
1786001894.6812027,Charlie,Logout,53.97,92.45
1786001894.6812055,Bob,Logout,40.88,38.77
1786001894.6812081,Bob,Purchase,54.15,80.28
1786001894.6812105,Emma,Purchase,26.59,80.52
1786001894.6812131,Emma,Logout,61.63,85.9
1786001894.681216,Charlie,Login,79.36,35.85
1786001894.6812186,Alice,Logout,70.26,90.15
1786001894.6812232,Alice,Logout,24.68,22.71
1786001894.681226,Alice,Login,40.2,45.48
1786001894.6812286,Charlie,Purchase,64.96,68.23
1786001894.6812332,Bob,View,54.23,88.44
1786001894.681236,Alice,Logout,36.22,61.08
1786001894.6812384,Alice,View,77.53,85.36
1786001894.6812413,Emma,Purchase,37.95,62.81
1786001894.681244,Emma,Purchase,30.53,20.44
1786001894.6812468,David,Purchase,46.07,65.09
1786001894.6812494,David,Search,63.42,58.9
1786001894.681252,David,Search,41.05,41.73
1786001894.6812544,Emma,Search,21.99,93.26
1786001894.6812572,David,Login,47.66,65.7
1786001894.68126,David,Logout,35.93,50.15
1786001894.6812627,Alice,Purchase,24.14,66.72
1786001894.6812654,Bob,Purchase,15.42,32.63
1786001894.681268,Emma,Purchase,76.83,20.31
1786001894.6812704,Emma,Logout,75.3,84.02
1786001894.681273,David,Purchase,69.62,60.65
1786001894.6812756,Bob,Purchase,54.75,22.55
1786001894.6812782,Bob,View,42.42,29.14
1786001894.681281,Alice,View,38.15,53.96
1786001894.6812835,Emma,Search,70.92,39.8
1786001894.681286,Charlie,View,41.03,83.17
1786001894.6812887,David,Search,30.05,86.05
1786001894.6812932,Emma,Search,47.68,38.17
1786001894.6812963,Bob,Logout,68.74,35.93
1786001894.6812992,Bob,Search,83.68,32.95
1786001894.681302,David,Login,82.62,43.65
1786001894.6813047,David,Search,12.15,82.63
1786001894.6813073,Bob,Login,42.7,21.31
1786001894.6813102,Alice,Login,19.14,50.59
1786001894.6813128,Charlie,Logout,10.03,41.3
1786001894.6813152,Emma,View,38.39,61.15
1786001894.6813197,Bob,View,75.54,76.31
1786001894.6813223,Bob,Logout,54.69,58.13
1786001894.6813247,Alice,Purchase,52.17,70.18
1786001894.6813276,Emma,Login,52.33,59.61
1786001894.6813302,Emma,Logout,75.59,83.51
1786001894.6813328,Alice,Logout,57.94,59.15
1786001894.681336,Bob,Search,14.84,74.02
1786001894.6813385,Alice,Logout,33.51,78.85
1786001894.6813412,Alice,Purchase,68.55,23.57
1786001894.681344,David,Search,25.52,25.19
1786001894.6813467,Charlie,Login,53.94,29.12
1786001894.681349,Charlie,Login,37.77,86.51
1786001894.6813517,Alice,View,68.22,42.54
1786001894.6813545,Emma,Logout,12.24,84.39
1786001894.6813579,Alice,View,73.99,20.59
1786001894.6813612,Emma,Search,55.54,53.64
1786001894.6813638,Alice,Search,87.42,36.13
1786001894.6813662,Emma,Logout,56.76,71.78
1786001894.681369,David,Logout,86.77,22.39
1786001894.6813722,Bob,Logout,48.03,59.01
1786001894.6813748,Emma,View,75.33,30.53
1786001894.6813772,David,Logout,28.25,47.35
1786001894.68138,Emma,Purchase,76.05,24.34
1786001894.6813827,Charlie,View,60.48,37.14
1786001894.6813855,Charlie,View,24.02,44.99
1786001894.6813881,Alice,Search,68.08,57.34
1786001894.6813905,Alice,Login,78.39,65.91
1786001894.6813931,Emma,Purchase,26.59,72.85
1786001894.6813958,Emma,View,73.32,20.4
1786001894.6814003,Alice,Logout,61.54,42.73
1786001894.6814039,David,Search,11.18,21.5
1786001894.6814067,David,View,37.46,47.08
1786001894.6814115,Charlie,View,15.52,73.63
1786001894.6814144,Alice,Logout,19.06,20.33
1786001894.6814187,Bob,Login,57.95,28.37
1786001894.681422,Bob,Login,70.03,54.88
1786001894.6814249,Emma,View,41.6,92.97
1786001894.6814277,Charlie,Search,76.51,58.75
1786001894.6814303,Emma,Search,59.64,78.39
1786001894.6815014,Charlie,Purchase,86.03,34.14
1786001894.681505,Charlie,View,48.75,81.08
1786001894.6815078,David,Search,30.88,53.67
1786001894.6815104,Alice,Search,13.69,37.94
1786001894.6815133,Charlie,Logout,43.08,20.09
1786001894.6815157,Emma,Logout,16.78,73.55
1786001894.6815183,David,Search,34.26,46.32
1786001894.681521,Emma,Login,55.44,52.93
1786001894.6815236,David,Purchase,40.17,63.52
1786001894.681526,Bob,Login,75.16,85.56
1786001894.6815286,David,Purchase,86.53,20.25
1786001894.6815317,Alice,View,69.68,64.16
1786001894.6815343,Bob,Search,72.69,21.61
1786001894.681537,Emma,Search,31.4,90.12
1786001894.6815395,Alice,Purchase,52.52,32.8
1786001894.6815424,Bob,Login,30.29,82.9
1786001894.681545,Bob,Search,72.86,73.5
1786001894.6815479,David,Login,19.94,56.15
1786001894.6815503,Emma,Purchase,31.76,40.98
1786001894.6815534,Alice,Logout,15.76,47.24
1786001894.681556,Charlie,View,67.52,30.8
1786001894.6815586,Charlie,Logout,18.96,90.97
1786001894.6815612,Alice,Purchase,69.07,66.49
1786001894.6815639,Emma,Search,44.28,94.0
1786001894.6815665,Bob,Search,31.83,46.41
1786001894.6815712,Charlie,Login,10.67,26.84
1786001894.6815743,Alice,Purchase,28.63,30.31
1786001894.681577,Emma,Purchase,81.12,48.12
1786001894.6815796,Emma,Search,51.11,89.22
1786001894.681582,Bob,Search,13.6,55.46
1786001894.6815848,Emma,Purchase,58.64,42.16
1786001894.6815875,David,Login,17.59,23.72
1786001894.68159,David,Login,28.45,63.1
1786001894.6815925,Alice,Search,51.49,83.41
1786001894.681595,Bob,Search,76.32,89.67
1786001894.6815977,Emma,Login,55.11,29.85
1786001894.6816,Charlie,Search,84.64,30.38
1786001894.681605,Alice,Logout,59.15,60.61
1786001894.6816077,Bob,Search,65.06,37.46
1786001894.6816103,David,Login,22.54,73.47
1786001894.6816125,Charlie,Search,49.09,57.75
1786001894.681615,Alice,Purchase,12.68,83.42
1786001894.681618,Emma,Logout,58.0,82.6
1786001894.6816208,David,Login,37.99,90.72
1786001894.6816232,Bob,Search,46.18,45.71
1786001894.6816258,Emma,View,19.93,48.09
1786001894.6816285,Alice,Purchase,50.55,38.02
1786001894.681631,Emma,Logout,19.27,20.8
1786001894.681634,Alice,Search,84.01,40.91
1786001894.681637,David,Login,84.74,59.03
1786001894.6816397,Charlie,Logout,23.92,74.18
1786001894.6816423,Alice,Login,32.26,87.59
1786001894.681645,Bob,View,52.94,65.77
1786001894.6816473,Bob,Purchase,58.84,54.38
1786001894.681652,Emma,Purchase,19.89,35.82
1786001894.6816547,Charlie,Search,77.57,82.5
1786001894.6816578,Emma,Purchase,18.12,28.61
1786001894.6816628,Alice,Login,25.66,66.49
1786001894.6816652,Charlie,View,78.93,90.65
1786001894.6816678,David,Purchase,46.91,73.04
1786001894.6816704,Bob,Purchase,53.44,77.76
1786001894.6816738,David,Logout,76.32,52.99
1786001894.6816764,Bob,Login,10.23,24.04
1786001894.6816788,Bob,Logout,82.06,43.02
1786001894.6816814,Alice,Purchase,17.37,78.02
1786001894.6816843,Alice,Login,89.26,33.06
1786001894.681687,Charlie,Login,32.81,28.94
1786001894.6816895,Alice,Logout,82.38,71.15
1786001894.6816921,Bob,View,71.88,89.81
1786001894.681695,Alice,Search,38.35,46.88
1786001894.6816976,Bob,View,65.56,82.86
1786001894.6817,Charlie,Search,60.27,24.46
1786001894.6817029,David,Purchase,66.78,56.33
1786001894.6817055,David,Logout,53.96,21.37
1786001894.681708,Charlie,View,76.35,68.34
1786001894.6817105,Bob,View,10.32,75.69
1786001894.6817133,Alice,Login,49.68,83.67
1786001894.681716,David,Search,83.63,74.67
1786001894.6817186,David,Search,44.96,45.82
1786001894.681723,David,Logout,45.2,24.13
1786001894.6817265,David,Purchase,86.73,69.76
1786001894.6817296,Bob,View,73.4,40.24
1786001894.6817322,Charlie,View,48.76,70.57
1786001894.6817353,Charlie,Purchase,35.15,91.07
1786001894.6817377,Emma,Purchase,78.88,76.34
1786001894.6817403,David,Login,12.4,49.21
1786001894.6817431,Charlie,Login,28.95,49.56
1786001894.681746,David,Logout,77.98,47.84
1786001894.6817503,Charlie,Search,54.81,41.75
1786001894.6817534,Charlie,Purchase,75.64,69.2
1786001894.681756,Bob,Purchase,17.47,81.08
1786001894.6817584,Alice,Logout,11.59,66.18
1786001894.681761,David,Search,35.64,87.62
1786001894.6817636,Alice,Login,14.75,32.35
1786001894.6817658,Bob,Search,76.44,66.95
1786001894.6817687,David,Login,24.54,65.68
1786001894.6817713,Emma,Logout,57.71,45.24
1786001894.6817741,Alice,Purchase,37.79,76.09
1786001894.6817763,Bob,Purchase,66.11,36.67
1786001894.681779,Alice,Purchase,62.66,80.1
1786001894.6817818,Charlie,Login,15.79,36.56
1786001894.6817846,Alice,Purchase,50.35,43.43
1786001894.6817875,Emma,Search,27.81,29.59
1786001894.68179,Charlie,View,33.52,63.53
1786001894.681793,Alice,View,50.53,61.33
1786001894.6817956,Charlie,Search,73.78,92.04
1786001894.6817985,Charlie,Login,40.51,92.53
1786001894.6818013,Alice,View,84.27,47.18
1786001894.6818037,Emma,Logout,38.18,36.77
1786001894.6818066,Emma,Logout,56.63,21.2
1786001894.6818092,Emma,Search,51.55,91.22
1786001894.681812,David,Login,88.99,35.46
1786001894.6818144,Bob,Logout,61.29,53.56
1786001894.681817,David,View,47.07,90.86
1786001894.6818197,David,Login,57.57,42.43
1786001894.6818225,Charlie,Purchase,63.18,52.05
1786001894.681825,Bob,Search,73.75,77.82
1786001894.681828,Charlie,Search,55.19,61.43
1786001894.681833,Emma,View,33.62,30.28
1786001894.681836,Bob,Purchase,70.76,20.24
1786001894.681841,David,View,85.7,58.67
1786001894.6818438,David,Purchase,51.39,85.42
1786001894.6818483,Charlie,Logout,37.71,86.2
1786001894.6818511,Charlie,Logout,11.86,89.68
1786001894.681854,Bob,Search,28.13,29.0
1786001894.6818564,Bob,Logout,54.69,51.02
1786001894.681859,Emma,Login,79.39,38.39
1786001894.6818614,Emma,Purchase,65.21,94.53
1786001894.681864,David,Search,87.87,80.94
1786001894.6818721,David,View,11.21,29.94
1786001894.681876,David,Search,44.15,93.06
1786001894.6818788,David,Login,39.46,78.39
1786001894.6818812,Charlie,Logout,70.06,68.83
1786001894.6818838,Bob,View,53.02,75.86
1786001894.6818867,Emma,View,62.62,83.02
1786001894.6818893,Bob,View,34.02,60.14
1786001894.6818924,Alice,Login,15.83,75.63
1786001894.681895,Alice,Purchase,20.51,87.81
1786001894.6818976,Alice,Purchase,80.02,69.44
1786001894.6819003,Emma,Login,39.71,61.14
1786001894.6819026,Bob,View,58.38,61.34
1786001894.6819053,Charlie,Search,20.01,53.51
1786001894.6819077,Charlie,View,39.36,44.85
1786001894.6819103,Charlie,Logout,80.63,54.49
1786001894.6819127,Emma,Login,83.7,70.08
1786001894.6819153,Emma,View,34.07,62.58
1786001894.6819189,Bob,View,79.67,33.1
1786001894.6819212,David,View,21.93,22.69
1786001894.6819239,Alice,Login,13.82,35.11
1786001894.6819267,Emma,Search,14.79,89.72
1786001894.6819296,Charlie,Search,87.78,49.28
1786001894.6819317,David,View,25.46,23.49
1786001894.6819367,David,View,56.28,33.4
1786001894.6819396,Bob,Logout,51.74,56.46
1786001894.6819425,Bob,Purchase,37.86,43.24
1786001894.6819453,David,Purchase,15.02,35.69
1786001894.6819487,Alice,Logout,85.27,32.51
1786001894.6819513,Alice,View,82.96,27.04
1786001894.681954,Emma,Search,57.47,85.73
1786001894.6819565,Charlie,Logout,23.2,93.64
1786001894.6819594,Charlie,Login,12.85,26.0
1786001894.681962,Emma,View,17.11,83.71
1786001894.6819646,Bob,Search,29.37,68.66
1786001894.681967,Emma,Logout,19.87,51.29
1786001894.6819706,David,Logout,65.3,63.91
1786001894.6819754,Charlie,Purchase,46.91,49.14
1786001894.6819782,Alice,Purchase,62.67,44.4
1786001894.6819806,Alice,Search,76.5,85.62
1786001894.6819832,Alice,Login,65.89,46.11
1786001894.681986,David,Purchase,30.78,55.07
1786001894.6819887,Bob,Logout,89.3,66.48
1786001894.681991,David,Search,74.72,20.1
1786001894.6819937,David,Logout,73.37,73.58
1786001894.6819963,David,View,71.94,44.87
1786001894.6819985,Alice,Search,18.02,45.7
1786001894.6820014,Bob,Login,61.92,59.83
1786001894.682004,Charlie,Login,57.11,67.43
1786001894.6820066,Charlie,View,13.17,87.47
1786001894.6820095,Charlie,Purchase,13.84,29.73
1786001894.6820118,Charlie,View,30.62,45.59
1786001894.6820147,Emma,Logout,71.31,44.51
1786001894.6820173,Bob,Search,86.99,79.45
1786001894.6820216,Charlie,View,30.2,33.62
1786001894.6820247,David,Login,50.22,49.27
1786001894.6820295,Emma,Login,39.37,32.89
1786001894.682032,Bob,Login,88.4,73.18
1786001894.682035,Alice,View,18.6,63.19
1786001894.682038,Emma,View,85.01,41.73
1786001894.682041,Emma,View,41.77,67.68
1786001894.6820436,Charlie,Purchase,64.94,59.35
1786001894.6820462,Bob,Search,28.79,67.03
1786001894.6820486,Bob,Purchase,43.69,64.15
1786001894.6820514,Emma,View,49.6,79.02
1786001894.6820538,Alice,Search,27.93,70.42
1786001894.6820562,Alice,View,87.42,78.75
1786001894.682059,Bob,Search,38.66,65.61
1786001894.6820617,David,Search,66.73,62.88
1786001894.6820638,Emma,Search,13.22,62.48
1786001894.6820667,David,Logout,17.39,52.72
1786001894.6820693,Bob,Purchase,81.78,52.2
1786001894.6820724,Charlie,Search,77.88,80.5
1786001894.6820748,Emma,Logout,89.42,76.81
1786001894.6820774,Bob,Logout,15.08,29.03
1786001894.68208,David,Login,56.48,81.54
1786001894.682083,Bob,Logout,14.28,39.2
1786001894.6820853,Alice,View,64.54,76.44
1786001894.6820881,Alice,Purchase,25.85,41.19
1786001894.682093,David,View,67.35,20.44
1786001894.6820958,Charlie,View,23.54,83.95
1786001894.6820984,Bob,View,84.71,74.81
1786001894.6821015,Emma,View,41.88,92.65
1786001894.6821043,Bob,Purchase,40.59,66.49
1786001894.682107,Charlie,Purchase,72.34,23.15
1786001894.6821094,Charlie,View,79.23,62.15
1786001894.682112,Bob,View,81.1,24.26
1786001894.6821163,Bob,View,35.35,58.39
1786001894.6821191,David,Search,77.64,35.1
1786001894.682122,Bob,Logout,18.98,23.61
1786001894.6821253,Charlie,Search,68.57,79.75
1786001894.682128,Charlie,Logout,69.23,28.95
1786001894.68213,Emma,Login,60.04,43.3
1786001894.682133,Bob,Search,28.8,33.69
1786001894.6821356,Bob,Search,74.18,37.09
1786001894.6821382,Bob,View,40.82,81.69
1786001894.6821404,Bob,Logout,42.61,68.86
1786001894.6821432,Alice,Logout,80.26,85.38
1786001894.6821458,Alice,View,68.46,71.98
1786001894.6821487,Charlie,Logout,71.7,42.06
1786001894.682151,David,Search,21.91,63.86
1786001894.6821537,Alice,Purchase,63.96,39.34
1786001894.6821563,Charlie,Login,75.41,59.48
1786001894.682159,David,View,70.0,25.12
1786001894.6821618,Charlie,Login,37.65,81.66
1786001894.6821651,Alice,View,72.7,67.25
1786001894.6821678,David,Purchase,80.31,44.79
1786001894.6821706,Bob,Login,56.7,34.52
1786001894.6821733,Bob,Search,70.14,36.25
1786001894.682176,Bob,View,70.95,72.19
1786001894.6821785,Charlie,Logout,61.58,82.89
1786001894.6821811,Alice,Logout,44.36,79.68
1786001894.682184,Bob,Purchase,88.58,94.19
1786001894.682187,Charlie,View,53.45,71.46
1786001894.6821895,Bob,View,32.6,29.81
1786001894.6821923,Emma,Purchase,84.22,38.21
1786001894.6821952,David,Logout,13.91,81.75
1786001894.6821995,Emma,Logout,28.93,27.88
1786001894.6822026,Alice,Login,33.38,69.62
1786001894.6822069,Emma,Logout,56.16,62.93
1786001894.6822097,David,Search,71.15,88.66
1786001894.6822143,Alice,View,61.73,57.93
1786001894.682217,Bob,Logout,20.69,24.29
1786001894.6822195,Bob,Search,43.06,31.95
1786001894.6822221,Alice,Search,81.99,74.52
1786001894.682225,David,Purchase,69.54,32.76
1786001894.6822274,Alice,View,66.57,45.91
1786001894.6822298,Charlie,Search,16.68,62.71
1786001894.6822324,David,View,22.79,75.26
1786001894.6822348,Bob,View,58.68,33.71
1786001894.6822379,Charlie,Purchase,14.84,83.33
1786001894.6822407,Bob,Search,58.76,85.42
1786001894.6822433,David,View,60.31,59.27
1786001894.682246,Alice,View,64.61,50.73
1786001894.6822484,Bob,View,23.15,24.44
1786001894.682251,Charlie,Search,42.49,79.88
1786001894.6822536,Charlie,Search,31.58,82.59
1786001894.682256,Charlie,Purchase,52.01,62.26
1786001894.6822586,Bob,Purchase,28.98,20.25
1786001894.6822612,David,Purchase,34.27,78.09
1786001894.6822639,Charlie,View,31.5,56.42
1786001894.6822667,Bob,Logout,70.38,79.2
1786001894.6822693,Emma,Search,47.88,92.28
1786001894.682272,Alice,Login,41.17,65.69
1786001894.6822746,Alice,Logout,80.21,59.19
1786001894.6822772,Bob,Login,40.86,81.29
1786001894.6822796,Alice,Search,75.11,90.56
1786001894.6822824,David,Search,16.07,89.63
1786001894.6822853,Alice,Search,85.64,27.5
1786001894.682288,David,View,19.68,67.07
1786001894.68229,Bob,Search,60.89,42.1
1786001894.682295,Emma,View,20.83,87.15
1786001894.6822982,Charlie,Login,81.11,69.06
1786001894.682301,Bob,View,81.47,59.32
1786001894.6823034,Alice,View,76.83,76.59
1786001894.6823063,Charlie,Purchase,42.2,48.66
1786001894.6823087,David,Search,38.39,72.38
1786001894.6823115,Bob,Purchase,11.25,76.05
1786001894.682314,Bob,Search,23.01,84.32
1786001894.6823163,Emma,Search,27.72,22.82
1786001894.6823194,Alice,Login,23.93,33.85
1786001894.6823223,Charlie,Purchase,72.09,85.54
1786001894.6823246,Alice,Purchase,87.38,48.25
1786001894.6823273,Charlie,Logout,77.36,78.27
1786001894.6823318,Emma,Logout,79.51,41.89
1786001894.6823347,David,View,77.73,27.57
1786001894.682339,Alice,Logout,33.23,85.02
1786001894.6823416,David,Search,69.66,72.48
1786001894.6823444,Bob,View,19.55,70.72
1786001894.6823475,Alice,View,34.78,90.63
1786001894.6823502,David,Search,31.16,75.45
1786001894.6823528,Bob,Search,26.24,68.91
1786001894.6823556,David,Purchase,39.56,86.42
1786001894.6823583,Alice,Purchase,31.13,34.44
1786001894.6823611,Charlie,View,84.19,42.08
1786001894.682364,Alice,Logout,71.6,39.36
1786001894.6823664,Bob,View,57.37,86.37
1786001894.682369,David,View,89.98,30.09
1786001894.6823716,David,Purchase,59.77,46.92
1786001894.6823742,Alice,View,84.39,22.24
1786001894.682377,David,Purchase,57.71,58.8
1786001894.6823819,Alice,View,31.24,68.48
1786001894.682385,Charlie,Login,73.83,37.33
1786001894.6823895,Bob,Search,28.54,56.5
1786001894.6823924,Charlie,Logout,54.92,70.11
1786001894.682395,Alice,Search,36.01,62.67
1786001894.6823974,David,Purchase,11.67,39.97
1786001894.6824002,David,Purchase,88.43,63.25
1786001894.682403,Alice,View,34.27,66.26
1786001894.6824055,David,View,55.39,82.54
1786001894.682408,Charlie,Login,55.16,91.66
1786001894.682411,David,Search,58.18,73.96
1786001894.6824138,Bob,View,67.63,83.08
1786001894.6824174,Alice,Purchase,84.78,88.14
1786001894.68242,Bob,Purchase,36.19,87.31
1786001894.6824226,David,Login,83.4,21.85
1786001894.6824253,Emma,Login,76.85,57.61
1786001894.6824284,David,View,81.97,93.06
1786001894.682431,Bob,Login,49.46,35.22
1786001894.6824336,David,Logout,36.47,52.42
1786001894.682436,Alice,Login,84.61,24.0
1786001894.6824389,Charlie,Search,47.9,72.31
1786001894.6824415,David,Search,46.72,60.65
1786001894.6824443,Emma,Search,37.52,49.98
1786001894.6824465,Emma,View,73.48,74.85
1786001894.6824493,Emma,View,54.89,93.9
1786001894.682452,Charlie,Purchase,12.49,45.11
1786001894.682457,Charlie,Purchase,73.13,84.7
1786001894.6824598,Alice,Search,12.12,92.87
1786001894.6824625,David,Search,55.83,55.9
1786001894.6824653,Bob,Search,31.92,41.5
1786001894.6824682,David,Logout,23.21,48.51
1786001894.6824708,Bob,Login,79.3,36.71
1786001894.6824734,Emma,Login,85.12,50.46
1786001894.6824782,Charlie,Logout,44.48,61.43
1786001894.6824808,Emma,Logout,53.13,77.83
1786001894.6824837,Bob,View,18.51,81.55
1786001894.6824863,Alice,Purchase,60.28,67.62
1786001894.682489,Alice,Purchase,52.77,23.46
1786001894.6824913,Emma,Search,20.68,21.88
1786001894.6824942,Charlie,Purchase,42.39,31.72
1786001894.6824965,Emma,Logout,19.73,47.29
1786001894.6825,Charlie,Search,60.38,78.05
1786001894.682502,Emma,Logout,75.38,34.85
1786001894.6825051,Bob,Purchase,47.28,82.84
1786001894.6825075,Charlie,Logout,30.72,77.46
1786001894.68251,Charlie,Logout,58.5,54.3
1786001894.6825123,David,View,56.27,83.98
1786001894.682515,Emma,Login,43.03,45.13
1786001894.6825175,Bob,Search,78.12,39.61
1786001894.68252,Emma,View,74.57,34.11
1786001894.6825225,David,Logout,44.47,21.86
1786001894.6825252,Charlie,Search,71.88,42.33
1786001894.6825278,David,Search,14.84,36.66
1786001894.6825304,David,Purchase,50.24,39.06
1786001894.6825328,Charlie,Search,65.85,62.41
1786001894.6825354,Emma,View,88.11,42.18
1786001894.6825378,Emma,View,23.49,24.92
1786001894.6825402,Bob,Logout,63.27,30.06
1786001894.682543,David,Purchase,69.51,34.52
1786001894.682546,Bob,Login,52.08,72.25
1786001894.6825495,Emma,View,51.82,51.78
1786001894.682552,Charlie,Search,75.38,40.75
1786001894.682555,Charlie,Purchase,37.13,36.97
1786001894.682557,Bob,Purchase,63.15,49.39
1786001894.682562,David,Logout,51.21,30.04
1786001894.6825666,David,Login,65.32,24.53
1786001894.6825695,Alice,Logout,70.89,81.29
1786001894.6825721,Alice,Login,60.28,73.74
1786001894.6825771,Bob,Purchase,62.62,75.13
1786001894.6825802,Alice,Purchase,58.04,20.22
1786001894.682583,Bob,Logout,12.11,48.14
1786001894.6825862,Charlie,View,33.99,51.93
1786001894.6825886,Charlie,View,50.86,89.86
1786001894.6825914,Bob,Logout,48.71,81.24
1786001894.6825938,Charlie,Purchase,56.98,56.11
1786001894.6825967,David,Login,53.61,28.39
1786001894.6825988,Charlie,Purchase,17.92,49.37
1786001894.6826017,Charlie,Search,67.77,41.68
1786001894.6826046,Alice,Search,12.4,59.86
1786001894.6826072,David,Search,39.19,57.01
1786001894.68261,Bob,Logout,80.32,52.6
1786001894.6826124,Emma,Purchase,21.28,34.95
1786001894.6826153,David,View,59.13,30.7
1786001894.682618,David,Purchase,48.45,90.36
1786001894.6826208,Charlie,Purchase,49.02,45.23
1786001894.6826231,Emma,Search,87.0,64.47
1786001894.682626,Bob,Purchase,18.9,89.4
1786001894.6826286,Bob,Logout,31.99,87.18
1786001894.6826315,David,View,11.97,25.4
1786001894.6826339,Charlie,View,13.82,58.42
1786001894.6826365,David,Search,89.96,44.37
1786001894.6826391,Emma,Search,44.47,68.83
1786001894.682642,David,View,67.28,36.42
1786001894.6826444,David,View,25.96,34.65
1786001894.6826468,Alice,View,23.14,33.24
1786001894.6826496,Charlie,Purchase,73.55,45.95
1786001894.6826534,Bob,View,76.36,36.03
1786001894.682658,Bob,Purchase,83.67,93.19
1786001894.6826608,Charlie,Search,85.96,27.17
1786001894.6826637,Charlie,Login,14.98,74.68
1786001894.6826663,Charlie,Purchase,69.57,47.51
1786001894.6826687,Emma,Search,25.95,73.04
1786001894.6826713,Alice,Logout,30.31,57.66
1786001894.682674,Charlie,Login,35.45,79.04
1786001894.6826768,Alice,Search,76.47,25.34
1786001894.6826794,Charlie,Logout,11.74,40.72
1786001894.6826816,Emma,Login,31.2,27.3
1786001894.6826844,Alice,Login,40.42,77.62
1786001894.6826873,David,Search,20.17,44.94
1786001894.68269,David,Search,64.1,77.17
1786001894.6826952,Charlie,Search,36.1,29.95
1786001894.682698,David,Search,85.55,38.39
1786001894.6827009,David,Logout,35.32,63.86
1786001894.6827033,Bob,Logout,68.02,25.0
1786001894.682706,Charlie,Login,12.7,64.62
1786001894.682709,David,Purchase,22.72,76.3
1786001894.6827118,Alice,Purchase,26.54,26.78
1786001894.6827142,Emma,Login,74.04,46.78
1786001894.6827166,David,Login,29.18,75.76
1786001894.6827192,Charlie,Login,29.93,61.46
1786001894.6827219,David,Logout,28.69,26.62
1786001894.6827242,David,Logout,81.19,83.14
1786001894.682727,Alice,Purchase,87.69,90.02
1786001894.6827297,David,Search,73.22,66.04
1786001894.6827323,David,Search,24.88,38.02
1786001894.682735,Charlie,Purchase,79.05,59.48
1786001894.6827374,Emma,Search,14.95,53.27
1786001894.6827397,Alice,Logout,32.37,84.82
1786001894.6827533,Charlie,View,74.48,53.35
1786001894.6827583,David,Purchase,38.61,60.29
1786001894.6827612,Emma,Search,89.69,32.73
1786001894.6827643,Charlie,Search,82.17,49.79
1786001894.682767,Alice,Login,10.52,93.32
1786001894.6827698,Alice,Logout,87.98,67.81
1786001894.6827722,David,Search,69.24,72.32
1786001894.6827748,Emma,Login,60.9,36.87
1786001894.6827776,David,Purchase,59.23,59.29
1786001894.6827805,Charlie,Search,68.22,40.25
1786001894.682783,Alice,Logout,71.24,24.26
1786001894.6827857,Emma,Logout,35.61,52.34
1786001894.6827886,Charlie,Purchase,34.82,73.97
1786001894.6827915,Bob,Logout,31.6,24.37
1786001894.6827943,Alice,Login,48.54,42.16
1786001894.682798,Bob,Login,16.89,39.63
1786001894.6828003,Emma,Logout,43.56,61.24
1786001894.6828032,Bob,Login,66.96,66.29
1786001894.682806,Emma,Purchase,49.0,39.82
1786001894.682809,Charlie,Purchase,63.82,54.39
1786001894.6828115,Bob,Purchase,53.8,28.52
1786001894.6828141,Bob,Login,68.16,39.64
1786001894.682817,David,View,12.56,29.94
1786001894.6828196,Bob,Logout,76.82,68.91
1786001894.6828225,Alice,Login,75.2,76.51
1786001894.6828275,David,Purchase,75.02,74.33
1786001894.68283,Alice,Search,41.66,64.87
1786001894.682833,David,View,86.16,55.07
1786001894.6828353,Alice,Login,42.44,43.9
1786001894.682838,Alice,Login,23.8,56.3
1786001894.6828406,Alice,Purchase,47.93,84.09
1786001894.6828432,Bob,Logout,41.86,61.92
1786001894.682848,Emma,Logout,12.09,51.15
1786001894.6828506,Emma,Purchase,38.88,53.76
1786001894.6828535,Charlie,Login,57.16,63.51
1786001894.6828558,David,Logout,79.28,27.03
1786001894.6828585,Bob,Logout,26.56,65.58
1786001894.682861,Emma,View,46.23,40.55
1786001894.682864,Charlie,Purchase,43.02,79.61
1786001894.6828663,Emma,Purchase,54.64,26.99
1786001894.682875,David,Search,30.09,42.45
1786001894.6828778,Bob,View,34.64,51.94
1786001894.6828804,David,Purchase,33.23,59.17
1786001894.682883,Emma,Logout,69.41,80.08
1786001894.682886,David,Search,64.82,62.01
1786001894.6828885,Alice,Purchase,31.87,73.77
1786001894.6828914,Alice,Logout,43.79,86.18
1786001894.6828935,Charlie,View,74.51,66.81
1786001894.6828964,Emma,View,46.17,63.05
1786001894.6828988,David,Logout,35.63,37.71
1786001894.6829011,David,Purchase,84.5,21.06
1786001894.6829038,Emma,Logout,78.84,68.27
1786001894.6829066,David,Login,47.92,28.87
1786001894.6829095,Emma,Logout,41.03,88.49
1786001894.682912,David,Purchase,45.29,20.69
1786001894.6829152,Alice,Search,71.66,46.5
1786001894.682918,Alice,View,84.33,68.71
1786001894.682921,Alice,Search,40.21,20.43
1786001894.6829236,Charlie,Login,52.7,24.83
1786001894.6829262,Bob,Logout,88.14,59.32
1786001894.6829288,Charlie,Logout,65.84,38.77
1786001894.6829317,Emma,Search,63.84,40.92
1786001894.6829343,David,Search,49.03,32.43
1786001894.6829388,David,Logout,43.86,78.42
1786001894.6829436,Emma,Logout,21.08,56.11
1786001894.6829462,Charlie,Search,39.57,47.89
1786001894.6829493,Emma,Search,17.05,89.42
1786001894.682952,David,View,31.08,28.43
1786001894.6829567,Charlie,Logout,18.49,86.45
1786001894.6829596,Alice,Search,34.08,38.76
1786001894.6829624,David,Login,30.9,78.39
1786001894.682965,Charlie,Search,48.68,33.01
1786001894.682968,Bob,Logout,55.67,46.71
1786001894.68297,Bob,Login,36.73,91.89
1786001894.682973,Alice,Purchase,61.58,52.2
1786001894.6829755,Bob,Logout,78.45,75.94
1786001894.6829784,Bob,View,73.82,89.55
1786001894.6829808,David,Logout,40.05,61.99
1786001894.6829834,Alice,Purchase,81.3,29.5
1786001894.682986,Alice,Logout,68.5,60.46
1786001894.682989,David,View,40.28,23.06
1786001894.6829915,Bob,Search,25.43,69.72
1786001894.6829941,Alice,Purchase,19.27,37.06
1786001894.682997,Charlie,Logout,60.59,67.65
1786001894.6829996,Charlie,Purchase,83.5,39.3
1786001894.683002,Bob,Purchase,65.46,78.16
1786001894.683005,David,View,42.38,85.05
1786001894.6830077,Charlie,Logout,13.67,36.5
1786001894.6830103,Charlie,Login,73.78,38.8
1786001894.683013,David,Logout,89.27,30.0
1786001894.6830153,Alice,View,53.06,44.41
1786001894.6830182,Charlie,Purchase,59.4,63.97
1786001894.6830208,Bob,Search,85.89,66.45
1786001894.6830237,Charlie,Login,15.99,54.26
1786001894.6830263,Emma,Logout,77.71,90.45
1786001894.683029,David,Logout,84.63,91.5
1786001894.6830337,Alice,Logout,14.48,37.44
1786001894.6830363,David,Login,85.3,49.0
1786001894.6830392,Emma,Purchase,34.4,64.17
1786001894.683042,David,Logout,14.17,48.32
1786001894.6830447,Charlie,Login,70.96,82.16
1786001894.6830468,David,View,57.45,46.77
1786001894.6830494,Bob,Purchase,43.96,80.67
1786001894.6830523,Bob,Logout,18.27,89.81
1786001894.683055,David,Search,43.67,59.32
1786001894.683058,Bob,View,68.85,92.52
1786001894.6830604,Alice,Login,40.46,66.97
1786001894.6830633,David,Logout,40.97,39.54
1786001894.6830661,Charlie,Logout,66.55,83.27
1786001894.6830688,Alice,Logout,81.1,37.49
1786001894.6830733,Bob,Purchase,56.16,54.52
1786001894.683076,David,Search,66.92,34.59
1786001894.6830788,Bob,Search,61.97,75.06
1786001894.6830812,Emma,Login,65.22,82.06
1786001894.6830838,Bob,View,29.4,21.17
1786001894.6830864,Alice,Login,82.48,51.57
1786001894.6830888,Emma,Search,88.52,93.91
1786001894.6830916,Alice,Purchase,78.17,81.15
1786001894.6830943,Emma,Search,70.27,82.04
1786001894.6830974,David,Login,55.54,86.77
1786001894.6831,Emma,Login,84.01,63.52
1786001894.6831024,Charlie,Search,42.08,66.56
1786001894.6831052,Emma,Purchase,61.16,85.03
1786001894.6831079,Alice,Purchase,43.31,86.12
1786001894.6831105,Charlie,View,53.77,20.72
1786001894.6831126,Alice,View,17.31,36.34
1786001894.6831155,Emma,Purchase,57.94,49.2
1786001894.68312,David,Purchase,27.25,37.68
1786001894.6831248,Charlie,Purchase,22.42,64.34
1786001894.6831276,Charlie,Login,50.29,75.87
1786001894.68313,Bob,View,22.3,79.31
1786001894.6831324,Bob,View,76.51,56.91
1786001894.6831353,Alice,View,79.97,54.8
1786001894.683138,Bob,Purchase,22.84,86.73
1786001894.6831403,Emma,Purchase,61.18,20.53
1786001894.683143,David,Search,46.89,82.22
1786001894.6831458,David,Search,76.44,31.05
1786001894.6831489,Emma,View,35.03,72.12
1786001894.683151,Bob,Login,67.46,52.91
1786001894.6831539,Alice,View,19.56,40.04
1786001894.6831565,David,Search,62.48,65.23
1786001894.6831589,Charlie,Login,39.63,26.39
1786001894.6831615,David,Search,86.32,46.18
1786001894.6831641,Charlie,View,22.05,48.54
1786001894.6831677,Charlie,Logout,47.38,30.04
1786001894.6831703,Bob,Logout,84.08,65.39
1786001894.6831732,Alice,View,73.57,90.82
1786001894.6831753,Bob,Search,61.8,54.43
1786001894.683178,David,Search,42.88,56.94
1786001894.6831806,Emma,Purchase,40.75,42.03
1786001894.6831837,Bob,Search,24.19,28.85
1786001894.6831858,Alice,Login,81.11,62.33
1786001894.6831908,Alice,Purchase,74.54,25.04
1786001894.6831937,David,Purchase,42.55,25.83
1786001894.683196,Charlie,Purchase,60.8,78.03
1786001894.6831987,Bob,Search,62.09,83.05
1786001894.6832013,David,Purchase,19.76,64.62
1786001894.683204,Charlie,View,71.98,64.58
1786001894.6832063,Emma,View,61.76,36.39
1786001894.6832108,David,Logout,65.09,63.25
1786001894.6832132,Emma,Logout,20.53,79.65
1786001894.683216,Bob,View,52.04,27.84
1786001894.683219,David,View,83.25,25.04
1786001894.6832218,Emma,Search,16.15,75.41
1786001894.6832242,Alice,Logout,61.97,83.39
1786001894.683228,Charlie,Purchase,45.09,75.72
1786001894.6832306,Emma,Logout,69.14,54.14
1786001894.6832335,Bob,Search,31.61,78.23
1786001894.6832361,Charlie,Login,88.17,43.16
1786001894.6832387,Emma,Purchase,63.66,82.81
1786001894.6832418,Alice,Logout,54.57,22.91
1786001894.6832442,Alice,Search,30.38,22.99
1786001894.6832469,Emma,Login,47.8,66.79
1786001894.6832495,Emma,View,30.3,78.06
1786001894.6832519,Alice,Purchase,15.26,59.55
1786001894.6832547,David,Logout,69.04,40.27
1786001894.6832576,Alice,Search,38.23,28.18
1786001894.6832604,Charlie,Logout,74.96,42.67
1786001894.683263,Charlie,Login,14.31,68.2
1786001894.6832652,David,View,86.68,69.82
1786001894.6832683,David,Login,87.75,88.7
1786001894.683271,David,Purchase,79.36,49.38
1786001894.6832736,Alice,Login,26.4,54.73
1786001894.6832762,Bob,Search,78.27,76.88
1786001894.683279,Alice,View,20.81,72.81
1786001894.6832817,Alice,Logout,54.96,85.36
1786001894.6832843,Charlie,Login,15.05,73.34
1786001894.6832867,Emma,Login,19.74,48.42
1786001894.6832895,Emma,Login,63.99,64.05
1786001894.6832922,David,Purchase,84.99,53.49
1786001894.6832945,Emma,Logout,82.65,22.59
1786001894.683301,Emma,Purchase,61.79,44.75
1786001894.6833036,Bob,Login,59.91,65.16
1786001894.6833062,David,View,46.02,74.48
1786001894.6833093,Alice,View,50.67,21.44
1786001894.6833138,Emma,Logout,33.45,42.08
1786001894.6833165,Charlie,Purchase,27.88,78.45
1786001894.6833193,Emma,Purchase,65.7,21.72
1786001894.683322,Alice,View,38.58,51.81
1786001894.6833243,David,Search,87.86,25.71
1786001894.6833274,Alice,Login,55.54,21.89
1786001894.68333,Alice,View,23.66,26.56
1786001894.6833327,David,Purchase,65.35,77.3
1786001894.683335,David,Search,36.4,86.42
1786001894.6833382,Charlie,Purchase,20.3,37.93
1786001894.6833408,David,Login,31.51,78.53
1786001894.6833436,Bob,Search,88.39,20.96
1786001894.6833463,Alice,Purchase,47.43,54.95
1786001894.6833491,David,Logout,86.6,49.16
1786001894.6833518,Alice,Search,12.51,31.19
1786001894.6833541,David,View,27.69,51.84
1786001894.6833568,Charlie,Login,33.22,77.62
1786001894.6833594,Alice,Purchase,63.46,60.24
1786001894.6833622,Emma,Logout,30.35,69.0
1786001894.6833649,Charlie,Purchase,54.27,48.03
1786001894.6833677,Charlie,Login,41.4,85.37
1786001894.6833704,Emma,Search,10.4,46.79
1786001894.6833727,David,Login,13.7,94.16
1786001894.6833754,Emma,Search,61.59,52.98
1786001894.683378,Alice,Login,63.41,77.67
1786001894.6833804,Bob,View,55.66,74.18
1786001894.683383,Alice,View,67.62,29.19
1786001894.6833856,Charlie,Search,87.65,81.58
1786001894.6833901,David,Search,47.97,50.31
1786001894.683393,David,Login,76.04,50.84
1786001894.6833956,Emma,Purchase,17.87,70.44
1786001894.6833982,Alice,View,17.83,84.59
1786001894.6834009,Bob,Logout,70.74,81.17
1786001894.6834037,Emma,Search,76.93,86.23
1786001894.6834064,Charlie,Purchase,64.94,53.93
1786001894.6834092,Bob,View,13.78,35.34
1786001894.6834116,Bob,Search,81.55,91.1
1786001894.6834145,David,Login,38.9,32.58
1786001894.6834183,Charlie,Logout,61.99,46.03
1786001894.683421,Alice,Search,66.27,23.72
1786001894.6834238,Bob,Search,69.35,74.29
1786001894.6834261,Emma,Purchase,12.63,74.35
1786001894.6834288,David,Login,83.07,72.39
1786001894.6834338,Bob,Purchase,80.24,23.27
1786001894.6834369,Emma,View,42.04,27.81
1786001894.6834393,Charlie,Logout,59.45,88.91
1786001894.6834419,David,View,11.76,69.11
1786001894.6834445,Bob,Purchase,77.44,58.15
1786001894.6834474,Bob,Search,19.58,75.31
1786001894.6834497,Emma,Purchase,35.91,35.03
1786001894.6834524,Alice,View,20.53,57.49
1786001894.683455,Alice,Login,47.38,70.32
1786001894.6834579,Alice,Login,86.9,66.71
1786001894.6834602,Emma,Search,14.06,57.58
1786001894.6834629,Bob,Logout,89.92,37.26
1786001894.6834657,Bob,Purchase,28.47,20.28
1786001894.6834683,Emma,Purchase,84.12,49.25
1786001894.6834705,Alice,Logout,64.83,73.93
1786001894.683473,David,Search,26.61,60.16
1786001894.6834757,David,View,55.9,47.36
1786001894.683487,David,View,50.09,66.37
1786001894.6834905,David,View,26.5,71.47
1786001894.6834931,Charlie,View,22.69,80.44
1786001894.6834958,Bob,Search,13.1,60.55
1786001894.6834989,Bob,Search,42.18,76.18
1786001894.6835012,Alice,Login,57.94,63.78
1786001894.6835036,Charlie,Purchase,37.32,26.75
1786001894.6835063,Alice,Login,20.28,30.16
1786001894.6835086,Charlie,Login,20.67,24.23
1786001894.6835113,Alice,Search,70.65,60.06
1786001894.683514,Emma,Purchase,71.04,33.03
1786001894.6835167,David,Logout,77.07,70.89
1786001894.6835196,Bob,View,30.65,64.15
1786001894.6835227,Emma,Search,84.01,51.48
1786001894.6835253,Emma,Login,53.85,46.61
1786001894.6835282,David,Search,61.74,74.29
1786001894.6835308,Bob,View,50.41,22.85
1786001894.6835334,Alice,Search,70.66,40.78
1786001894.6835358,Alice,Login,58.04,73.76
1786001894.6835384,David,Login,52.39,31.81
1786001894.6835415,Emma,Logout,54.02,78.86
1786001894.6835442,Emma,View,15.05,90.88
1786001894.6835465,David,Login,13.33,84.22
1786001894.6835492,Charlie,Login,66.52,55.04
1786001894.683552,David,Login,69.26,24.69
1786001894.6835551,Charlie,Login,32.52,26.07
1786001894.683558,Charlie,Logout,11.15,39.96
1786001894.6835606,Bob,Login,21.52,69.91
1786001894.6835632,David,Search,39.55,33.41
1786001894.6835659,Charlie,Purchase,12.88,25.99
1786001894.6835685,Emma,Logout,11.73,86.39
1786001894.683571,Bob,Login,12.49,32.07
1786001894.6835737,Alice,Search,53.06,58.45
1786001894.6835766,Emma,Search,15.29,45.12
1786001894.6835794,David,Purchase,68.55,46.36
1786001894.6835823,Charlie,Purchase,52.44,87.92
1786001894.6835845,David,Search,37.02,43.29
1786001894.683587,Bob,Purchase,76.34,52.67
1786001894.6835897,David,View,66.2,43.53
1786001894.683592,Alice,View,43.97,20.65
1786001894.683595,David,View,86.69,74.83
1786001894.683598,Bob,Logout,57.46,89.08
1786001894.6836007,Charlie,Search,65.43,86.44
1786001894.6836033,David,Search,70.69,68.41
1786001894.6836057,Alice,Purchase,23.89,91.18
1786001894.6836083,Charlie,Login,12.48,91.95
1786001894.683611,Alice,Login,60.16,40.97
1786001894.6836138,David,Purchase,41.9,29.63
1786001894.683616,Emma,Login,83.38,46.27
1786001894.6836188,Charlie,Search,18.5,22.61
1786001894.6836214,Alice,Login,14.52,20.26
1786001894.6836238,Charlie,View,74.65,32.04
1786001894.6836264,Bob,Search,21.93,58.33
1786001894.6836293,Alice,Purchase,15.85,82.4
1786001894.683632,Bob,Logout,47.46,63.78
1786001894.6836352,Charlie,Logout,35.66,89.14
1786001894.6836379,Alice,Purchase,28.9,46.62
1786001894.6836402,David,View,62.92,60.68
1786001894.6836429,Bob,View,43.68,52.55
1786001894.6836452,Alice,Logout,52.23,72.57
1786001894.6836483,Charlie,Purchase,54.14,45.15
1786001894.683651,Emma,Logout,81.19,77.84
1786001894.6836534,David,Login,22.28,67.71
1786001894.683657,David,View,76.26,45.09
1786001894.6836596,Emma,Logout,19.43,35.77
1786001894.6836622,Charlie,View,56.22,40.96
1786001894.6836658,Alice,Login,39.04,61.17
1786001894.6836684,Alice,View,33.64,34.52
1786001894.6836712,Bob,Logout,61.91,60.19
1786001894.683674,David,View,50.97,61.11
1786001894.6836767,Charlie,Search,47.47,77.54
1786001894.6836796,Alice,Logout,19.38,36.55
1786001894.6836817,Emma,Purchase,85.0,54.36
1786001894.6836848,David,Search,61.56,64.32
1786001894.6836872,Bob,View,11.14,49.3
1786001894.6836898,David,Search,17.68,90.08
1786001894.6836932,Bob,Logout,45.41,29.67
1786001894.683696,Bob,Search,48.21,43.3
1786001894.6836987,Bob,Logout,63.45,55.84
1786001894.683701,Emma,Logout,79.01,94.26
1786001894.683704,David,View,22.74,53.04
1786001894.6837065,Alice,Purchase,84.09,46.2
1786001894.6837091,Emma,Logout,28.61,92.49
1786001894.6837118,David,Login,76.85,79.83
1786001894.6837146,Emma,Login,53.14,47.37
1786001894.6837175,Charlie,Login,20.29,93.25
1786001894.6837199,Alice,Purchase,75.68,64.69
1786001894.683723,Charlie,View,32.32,55.41
1786001894.6837254,David,Logout,89.09,94.71
1786001894.683728,Bob,Login,65.76,74.93
1786001894.6837306,Emma,Search,44.57,63.19
1786001894.683733,Emma,Logout,56.05,69.43
1786001894.683736,Bob,Login,57.27,79.0
1786001894.683739,David,Search,70.57,82.63
1786001894.6837418,Bob,View,55.41,38.09
1786001894.6837454,David,View,43.26,38.45
1786001894.683748,David,Logout,51.33,60.95
1786001894.6837509,Emma,View,69.14,71.28
1786001894.6837535,Charlie,Purchase,73.71,21.29
1786001894.6837564,Bob,Search,45.79,61.48
1786001894.6837587,Alice,Logout,67.65,49.76
1786001894.6837614,Alice,Logout,68.77,72.32
1786001894.6837642,Alice,Search,11.25,83.34
1786001894.6837668,Charlie,Search,45.13,55.93
1786001894.6837692,Emma,Logout,53.46,89.5
1786001894.6837718,Emma,Purchase,40.94,88.21
1786001894.6837745,Bob,Purchase,51.31,90.76
1786001894.683777,Bob,View,26.32,36.14
1786001894.6837795,Bob,Purchase,42.29,21.79
1786001894.683782,Alice,Login,81.79,45.96
1786001894.683785,Bob,Search,39.58,80.09
1786001894.6837876,Charlie,View,19.65,93.44
1786001894.68379,Alice,View,58.11,84.38
1786001894.6837926,Charlie,Purchase,37.85,38.47
1786001894.6837955,Charlie,Login,14.25,28.02
1786001894.6837978,David,Login,25.16,60.84
1786001894.6838005,David,Login,27.74,83.23
1786001894.683803,Bob,View,48.97,85.86
1786001894.6838055,Charlie,Login,34.91,56.52
1786001894.6838083,Charlie,Search,30.59,47.67
1786001894.6838107,Alice,Login,78.78,55.82
1786001894.6838133,Alice,View,60.02,56.81
1786001894.6838157,Bob,Purchase,12.99,93.73
1786001894.6838183,Emma,Login,32.17,90.29
1786001894.6838207,David,View,56.81,92.86
1786001894.6838233,Charlie,View,39.92,79.08
1786001894.6838262,Charlie,Login,42.89,77.9
1786001894.6838298,Emma,Search,15.09,23.74
1786001894.6838324,Alice,Logout,42.01,65.96
1786001894.6838348,David,Purchase,11.94,41.31
1786001894.6838374,David,Login,11.01,84.01
1786001894.68384,Emma,Logout,33.88,81.69
1786001894.6838427,David,Purchase,48.5,21.44
1786001894.683845,Emma,Purchase,12.23,83.12
1786001894.6838474,Bob,Logout,73.77,27.78
1786001894.68385,Bob,View,79.46,30.55
1786001894.6838524,Bob,Search,32.89,44.35
1786001894.6838553,Emma,Search,17.48,28.08
1786001894.6838582,Emma,Login,21.31,39.06
1786001894.6838608,David,View,42.02,44.77
1786001894.6838634,Charlie,View,52.43,67.15
1786001894.6838658,Charlie,Logout,39.78,51.44
1786001894.6839073,Bob,Purchase,59.8,66.8
1786001894.683911,Charlie,Logout,42.54,22.94
1786001894.6839137,Bob,Purchase,31.74,71.12
1786001894.6839163,David,Search,42.3,52.63
1786001894.683919,David,Login,36.97,94.28
1786001894.6839213,David,Search,81.1,36.99
1786001894.683924,Emma,View,46.09,94.48
1786001894.6839266,Alice,View,26.9,49.86
1786001894.6839292,Emma,Purchase,18.8,49.96
1786001894.6839318,Emma,View,18.5,41.4
1786001894.6839347,Emma,Purchase,21.66,63.7
1786001894.6839385,David,Logout,63.48,76.42
1786001894.6839411,Charlie,View,62.61,92.75
1786001894.6839437,Bob,Search,75.9,40.68
1786001894.6839466,Emma,Login,16.74,20.27
1786001894.683949,Charlie,Search,67.08,23.14
1786001894.6839523,David,Login,62.62,39.66
1786001894.6839547,David,Purchase,18.47,91.67
1786001894.6839576,David,Purchase,69.61,52.7
1786001894.6839604,Emma,Logout,36.43,30.84
1786001894.683963,Emma,Search,26.13,65.36
1786001894.6839657,David,Logout,60.15,87.04
1786001894.683969,David,View,25.37,49.96
1786001894.6839716,Emma,View,60.93,33.34
1786001894.683974,Charlie,Logout,66.17,82.45
1786001894.6839767,David,View,46.64,44.04
1786001894.6839795,Charlie,Login,60.99,86.35
1786001894.6839821,David,Purchase,54.68,56.95
1786001894.683985,Alice,Login,13.28,88.53
1786001894.6839871,Bob,Logout,37.1,71.24
1786001894.68399,Emma,Purchase,42.89,42.35
1786001894.6839926,David,Purchase,33.21,66.66
1786001894.6839952,David,View,83.94,68.91
1786001894.6839974,Bob,Purchase,44.35,20.48
1786001894.6840003,Charlie,Purchase,73.93,73.24
1786001894.684003,Emma,Purchase,23.86,53.72
1786001894.684006,Alice,Logout,16.01,67.39
1786001894.6840084,David,Search,86.26,83.83
1786001894.684011,Charlie,View,51.91,93.76
1786001894.6840138,David,View,63.33,91.5
1786001894.6840165,Alice,View,36.13,37.75
1786001894.6840198,David,Logout,59.26,57.55
1786001894.6840222,Bob,Logout,84.57,30.6
1786001894.6840246,Alice,View,84.35,82.01
1786001894.6840274,Charlie,Purchase,56.9,35.62
1786001894.6840296,Charlie,Login,76.82,24.31
1786001894.6840322,Bob,View,42.07,86.85
1786001894.6840348,Bob,View,26.52,75.19
1786001894.684038,Charlie,Purchase,36.78,63.1
1786001894.684041,Emma,Logout,46.41,24.5
1786001894.6840434,Charlie,Search,22.45,53.92
1786001894.684046,Bob,Purchase,57.21,91.77
1786001894.6840487,Charlie,Purchase,14.02,43.1
1786001894.6840537,Emma,Login,45.98,56.71
1786001894.6840565,Charlie,Logout,43.67,65.06
1786001894.6840591,Bob,Search,41.15,83.83
1786001894.6840618,David,Search,49.76,76.61
1786001894.6840641,Alice,Logout,10.72,85.2
1786001894.684067,David,Search,77.97,31.99
1786001894.6840696,David,Logout,61.64,83.73
1786001894.684072,Bob,Purchase,42.05,81.02
1786001894.6840744,Charlie,View,43.1,37.06
1786001894.684077,Bob,Logout,17.28,39.79
1786001894.68408,Bob,View,63.4,38.93
1786001894.6840823,Charlie,Logout,56.38,73.55
1786001894.684085,David,Logout,24.24,36.01
1786001894.6840875,Emma,Purchase,76.3,59.97
1786001894.6840904,Alice,Purchase,83.6,27.48
1786001894.684093,Bob,Purchase,79.58,42.66
1786001894.6840954,David,Search,41.93,31.5
1786001894.684098,Bob,Logout,70.56,71.81
1786001894.6841006,Charlie,Purchase,85.19,36.67
1786001894.6841035,Charlie,Logout,51.36,63.03
1786001894.6841059,Bob,Purchase,43.74,79.65
1786001894.6841085,Bob,Search,64.92,73.89
1786001894.684111,Charlie,Purchase,51.36,47.89
1786001894.684114,Charlie,Login,20.06,24.04
1786001894.6841164,Bob,Purchase,11.97,52.46
1786001894.6841187,Charlie,Search,63.5,61.61
1786001894.684122,Charlie,Purchase,55.19,36.39
1786001894.6841254,David,View,42.41,29.79
1786001894.684128,Emma,Search,31.59,24.55
1786001894.684131,Bob,Logout,30.86,75.69
1786001894.6841335,Alice,Logout,67.69,43.85
1786001894.6841362,Charlie,View,58.9,74.34
1786001894.684139,Alice,Logout,76.38,52.41
1786001894.6841419,Bob,Login,88.44,84.8
1786001894.6841445,Emma,Logout,45.6,54.39
1786001894.684147,Emma,Login,52.97,40.39
1786001894.6841502,Emma,Search,41.58,64.45
1786001894.684153,Alice,Login,42.29,69.07
1786001894.684156,Charlie,View,72.62,40.84
1786001894.6841588,Alice,View,39.43,33.65
1786001894.6841612,Alice,Search,34.75,33.57
1786001894.6841638,Bob,Login,59.36,61.44
1786001894.6841688,David,Login,30.99,66.13
1786001894.6841726,David,Purchase,46.4,24.68
1786001894.6841757,Bob,Login,59.1,92.33
1786001894.684178,Alice,Purchase,25.08,20.4
1786001894.6841807,Alice,Purchase,87.4,61.25
1786001894.6841836,David,Logout,52.35,57.13
1786001894.6841862,Bob,Login,61.25,67.46
1786001894.6841884,Charlie,View,38.72,23.28
1786001894.6841915,Bob,Search,45.47,90.11
1786001894.684194,Alice,Login,11.84,23.2
1786001894.684197,David,Login,35.69,33.53
1786001894.6841993,Emma,Purchase,23.24,23.26
1786001894.6842017,Alice,Login,26.19,29.68
1786001894.6842046,David,Login,10.36,78.14
1786001894.6842074,Charlie,Logout,23.18,63.8
1786001894.68421,Emma,View,50.55,53.53
1786001894.684213,Emma,Purchase,28.45,62.22
1786001894.6842177,David,Login,66.42,72.54
1786001894.6842225,David,Search,25.2,82.62
1786001894.6842253,David,View,60.86,36.2
1786001894.6842282,Bob,View,84.97,30.1
1786001894.6842306,Emma,View,74.83,27.9
1786001894.6842334,Alice,Login,56.03,40.63
1786001894.684236,Charlie,Logout,47.47,84.13
1786001894.6842387,David,Purchase,41.52,72.55
1786001894.684241,Charlie,Search,44.65,32.16
1786001894.6842442,Charlie,Login,16.35,65.35
1786001894.6842468,Alice,Purchase,54.12,39.49
1786001894.6842494,Emma,View,44.76,44.5
1786001894.6842523,Bob,Search,79.88,89.18
1786001894.6842544,Alice,Purchase,84.86,74.72
1786001894.6842573,Emma,Login,83.64,43.55
1786001894.68426,Charlie,Login,11.82,92.05
1786001894.6842625,David,Purchase,44.31,58.02
1786001894.684265,Emma,Search,64.67,77.77
1786001894.6842675,Alice,Login,70.8,31.48
1786001894.6842701,Alice,Search,10.72,91.65
1786001894.684273,Alice,Purchase,30.45,93.02
1786001894.6842756,Emma,Logout,81.21,72.88
1786001894.684278,Emma,Logout,18.33,34.65
1786001894.6842806,Charlie,Search,64.34,21.18
1786001894.684283,Bob,Logout,67.34,38.62
1786001894.6842856,Alice,Search,69.75,30.08
1786001894.6842904,David,Purchase,33.05,76.6
1786001894.6842933,Alice,Login,67.67,88.63
1786001894.684296,Alice,Logout,65.42,45.49
1786001894.684299,Emma,Logout,36.07,87.15
1786001894.6843016,David,View,76.74,69.12
1786001894.6843061,David,Login,45.85,33.43
1786001894.6843092,Alice,Search,80.84,40.11
1786001894.6843119,Alice,Purchase,88.61,92.88
1786001894.6843143,Charlie,Search,66.66,39.25
1786001894.684317,Emma,Search,19.42,67.94
1786001894.6843195,Alice,Purchase,59.15,21.69
1786001894.684322,David,Logout,74.37,48.18
1786001894.6843245,Emma,Purchase,41.8,28.96
1786001894.6843271,Charlie,Login,72.13,20.81
1786001894.6843297,Bob,Logout,89.69,58.92
1786001894.6843324,Bob,Logout,45.34,49.19
1786001894.6843348,David,Purchase,68.64,49.44
1786001894.6843374,Bob,Purchase,18.56,65.11
1786001894.6843402,David,Purchase,47.86,78.17
1786001894.6843429,David,Logout,32.45,89.74
1786001894.6843452,David,Logout,89.72,47.83
1786001894.6843479,Emma,Login,14.47,91.26
1786001894.6843505,Alice,View,88.29,23.48
1786001894.6843534,Emma,View,83.06,38.19
1786001894.6843562,David,View,81.36,93.99
1786001894.6843586,Charlie,View,83.31,57.26
1786001894.684362,Alice,Purchase,51.06,23.21
1786001894.684366,Emma,Logout,19.67,52.98
1786001894.6843712,Alice,Login,32.27,77.37
1786001894.684376,Charlie,Logout,74.52,87.71
1786001894.68438,Alice,View,45.98,82.48
1786001894.6843846,Charlie,Search,56.03,56.17
1786001894.6843886,David,Purchase,64.72,93.99
1786001894.6843927,David,Purchase,12.05,55.6
1786001894.6843972,David,Login,16.9,83.96
1786001894.6844018,Alice,Search,19.88,63.49
1786001894.6844196,Charlie,Purchase,42.61,39.44
1786001894.684477,Charlie,View,76.81,76.74
1786001894.6844869,David,Purchase,86.71,94.95
1786001894.6844916,Alice,Purchase,22.61,60.92
1786001894.684497,Bob,Login,88.46,40.51
1786001894.6845016,Bob,Search,47.66,79.47
1786001894.6845074,Charlie,Search,42.51,75.51
1786001894.6845145,Bob,Logout,67.96,85.02
1786001894.6845205,Emma,Purchase,71.12,20.48
1786001894.6845236,David,Logout,81.27,44.09
1786001894.6845272,David,Login,68.3,36.95
1786001894.6845293,Emma,View,14.28,91.56
1786001894.684532,David,Purchase,89.27,69.18
1786001894.6845348,David,View,19.45,50.18
1786001894.6845372,David,Purchase,38.99,82.04
1786001894.6845396,Alice,Logout,15.66,25.08
1786001894.6845422,Emma,View,24.99,29.12
1786001894.684545,Alice,Purchase,45.56,89.37
1786001894.6845481,David,View,14.57,84.11
1786001894.684551,David,Login,10.12,81.08
1786001894.6845536,Alice,Logout,17.86,86.99
1786001894.6845562,Alice,Purchase,78.41,25.7
1786001894.684559,Alice,Logout,51.51,78.05
1786001894.6845617,Charlie,Login,31.3,80.79
1786001894.684564,Bob,Purchase,42.07,25.65
1786001894.684567,Alice,Purchase,41.19,25.45
1786001894.6845696,Bob,View,32.64,31.12
1786001894.6845722,Charlie,Purchase,44.63,65.26
1786001894.6845746,Alice,Purchase,48.37,22.22
1786001894.6845772,Bob,Search,20.76,64.55
1786001894.6845803,Charlie,Login,46.39,24.68
1786001894.6845832,Bob,View,19.19,39.5
1786001894.684586,Alice,Purchase,89.49,63.93
1786001894.6845906,Emma,Search,39.46,75.28
1786001894.684594,Charlie,View,75.47,54.4
1786001894.6845965,Emma,View,52.11,27.09
1786001894.6845994,Alice,Search,31.43,74.55
1786001894.6846027,Emma,Purchase,46.77,67.26
1786001894.6846051,Emma,Logout,59.12,90.01
1786001894.684608,Charlie,Search,62.43,48.17
1786001894.6846106,Emma,Logout,81.18,52.41
1786001894.6846132,Emma,View,56.28,30.56
1786001894.6846156,Charlie,Purchase,11.32,58.94
1786001894.6846185,Charlie,Logout,30.84,58.67
1786001894.6846213,Bob,View,37.84,35.46
1786001894.684624,Charlie,Purchase,46.17,85.33
1786001894.6846263,Emma,Search,40.16,78.72
1786001894.684629,Alice,Search,26.11,71.82
1786001894.6846318,David,Search,17.87,21.3
1786001894.6846366,David,Purchase,19.46,29.96
1786001894.6846397,Bob,Purchase,31.23,34.64
1786001894.6846423,Charlie,Login,75.49,59.17
1786001894.684645,Bob,Logout,21.62,75.58
1786001894.6846478,David,Purchase,77.15,58.68
1786001894.68465,Charlie,Search,83.6,34.99
1786001894.6846528,Charlie,Purchase,63.31,42.16
1786001894.6846554,Bob,Purchase,72.76,59.59
1786001894.6846578,Alice,Purchase,39.26,62.71
1786001894.6846604,Alice,Logout,66.07,39.36
1786001894.684663,Emma,Login,14.02,35.38
1786001894.6846657,Charlie,View,31.81,79.28
1786001894.684668,Bob,Logout,37.27,68.53
1786001894.6846707,Bob,Logout,55.82,85.45
1786001894.6846733,David,Search,56.29,72.22
1786001894.684676,Bob,Logout,33.63,69.12
1786001894.6846807,Charlie,Purchase,38.4,63.16
1786001894.6846852,Emma,Logout,57.59,78.02
1786001894.6846883,Alice,Logout,42.61,78.68
1786001894.6846914,Alice,Search,73.46,81.55
1786001894.6846945,Bob,View,32.79,23.13
1786001894.6846972,Charlie,Logout,50.7,87.73
1786001894.6846995,Emma,Login,83.29,57.47
1786001894.6847024,Charlie,Purchase,50.68,74.09
1786001894.684705,Emma,Purchase,10.95,59.63
1786001894.6847079,Charlie,View,80.87,36.8
1786001894.6847107,Emma,Purchase,64.43,29.33
1786001894.6847131,Alice,View,67.76,28.15
1786001894.684716,David,Purchase,49.62,89.05
1786001894.6847186,Emma,View,48.51,29.25
1786001894.6847212,David,View,50.61,54.24
1786001894.6847236,David,Login,38.06,83.89
1786001894.6847262,Emma,Logout,20.39,39.27
1786001894.6847289,Bob,Logout,73.37,48.32
1786001894.6847315,Charlie,Logout,33.21,51.12
1786001894.6847336,David,Search,83.89,52.74
1786001894.6847365,Alice,Search,54.22,84.46
1786001894.6847389,Charlie,Purchase,39.74,92.88
1786001894.6847413,David,Login,62.13,22.74
1786001894.6847441,David,View,44.14,73.55
1786001894.6847465,Emma,Search,67.52,68.9
1786001894.6847494,Bob,Purchase,24.56,42.26
1786001894.6847541,David,Login,87.98,62.72
1786001894.684757,David,Logout,67.63,41.33
1786001894.6847596,David,Search,83.71,32.24
1786001894.6847625,Charlie,Login,11.66,82.63
1786001894.684765,Alice,Login,44.72,27.76
1786001894.6847696,Alice,Logout,52.52,24.89
1786001894.6847723,David,View,88.94,88.69
1786001894.6847749,Bob,Search,47.83,43.19
1786001894.6847785,David,Login,86.91,65.73
1786001894.6847813,Charlie,Search,39.9,39.11
1786001894.684784,Alice,View,10.66,53.49
1786001894.6847863,Alice,Logout,41.07,94.37
1786001894.684789,Charlie,Login,11.33,21.26
1786001894.6847918,Bob,Logout,52.97,81.58
1786001894.6847944,Emma,View,81.97,27.88
1786001894.6847968,Charlie,View,71.7,69.66
1786001894.6847994,David,View,15.52,61.42
1786001894.684802,Bob,Login,47.83,88.6
1786001894.684805,Charlie,Logout,76.47,84.37
1786001894.6848075,Alice,Logout,31.34,84.87
1786001894.68481,Alice,Login,30.59,34.86
1786001894.6848125,Bob,Purchase,81.31,80.14
1786001894.684815,Bob,Purchase,22.09,66.5
1786001894.6848176,Bob,View,77.33,94.78
1786001894.6848204,Bob,Search,52.26,41.01
1786001894.6848228,Alice,Search,85.61,66.05
1786001894.6848257,Alice,Search,60.19,57.5
1786001894.6848288,David,Logout,28.65,79.62
1786001894.6848311,Bob,View,65.7,54.65
1786001894.6848338,Charlie,View,52.1,88.67
1786001894.6848366,Charlie,Logout,55.4,51.2
1786001894.6848392,Charlie,Search,31.75,20.44
1786001894.6848416,Bob,Purchase,38.42,46.27
1786001894.6848443,Alice,Login,41.39,58.48
1786001894.684847,Bob,Search,13.32,87.38
1786001894.68485,Alice,Purchase,13.81,68.21
1786001894.6848524,Emma,Search,50.52,86.73
1786001894.6848571,Alice,Logout,29.57,31.74
1786001894.6848602,Charlie,Login,67.29,53.86
1786001894.6848652,Alice,View,88.65,93.41
1786001894.6848745,Bob,Search,70.9,27.23
1786001894.6848786,David,View,74.7,33.28
1786001894.684882,Bob,Search,83.9,40.56
1786001894.6848867,David,View,62.57,26.95
1786001894.6848893,David,Purchase,18.17,66.33
1786001894.684892,Bob,Logout,21.73,36.7
1786001894.6848948,David,Purchase,37.03,58.12
1786001894.684897,David,View,81.0,81.67
1786001894.6849,Alice,View,72.72,63.19
1786001894.6849027,Charlie,Purchase,49.79,78.51
1786001894.6849055,Alice,Login,53.83,88.85
1786001894.6849084,Charlie,Logout,13.27,62.0
1786001894.6849108,Emma,View,25.14,43.08
1786001894.6849134,Charlie,Purchase,45.62,90.45
1786001894.6849163,Alice,Logout,57.71,60.88
1786001894.6849189,Bob,Purchase,19.99,40.72
1786001894.6849215,Alice,View,29.42,36.67
1786001894.684924,David,Purchase,53.01,50.67
1786001894.6849265,Alice,View,61.03,35.09
1786001894.684931,David,Purchase,84.87,76.94
1786001894.684934,David,Purchase,19.34,21.13
1786001894.684937,David,View,83.25,90.74
1786001894.6849396,David,Login,64.89,38.3
1786001894.6849422,Emma,View,39.77,40.39
1786001894.6849449,Bob,Login,32.28,91.22
1786001894.6849475,Bob,Purchase,44.87,37.69
1786001894.6849506,David,Search,42.05,60.37
1786001894.6849527,Emma,Purchase,69.65,78.52
1786001894.6849556,Emma,Search,30.21,24.85
1786001894.6849597,Alice,View,82.25,59.1
1786001894.6849625,Bob,Search,37.89,36.66
1786001894.6849654,David,View,51.0,51.3
1786001894.684968,Charlie,Search,35.86,88.39
1786001894.6849709,Charlie,View,38.91,87.01
1786001894.6849732,David,Logout,63.47,92.17
1786001894.6849759,David,Logout,25.57,45.98
1786001894.6849785,Emma,Search,81.77,36.0
1786001894.6849813,Charlie,Logout,33.52,72.85
1786001894.6849837,Emma,Purchase,77.48,34.37
1786001894.684986,David,Login,89.75,91.41
1786001894.6849887,David,Search,31.26,42.09
1786001894.6849911,Alice,Search,54.91,21.44
1786001894.6849937,David,View,32.59,33.25
1786001894.6849964,Alice,Logout,46.15,61.92
1786001894.6849995,David,Logout,31.82,79.86
1786001894.685002,Bob,Search,12.97,27.87
1786001894.6850064,Charlie,Logout,44.66,38.16
1786001894.685009,Charlie,Login,52.8,66.29
1786001894.6850119,Charlie,Login,68.0,34.92
1786001894.6850147,Emma,Login,79.56,78.84
1786001894.6850176,Bob,Purchase,18.48,91.55
1786001894.6850202,Alice,Search,15.89,29.25
1786001894.6850228,Bob,Purchase,62.74,74.73
1786001894.6850255,Alice,Logout,23.11,38.06
1786001894.6850288,Bob,View,37.9,93.56
1786001894.6850314,Bob,Logout,37.6,77.11
1786001894.6850345,Alice,Login,84.59,55.49
1786001894.6850374,David,Login,10.33,81.55
1786001894.6850398,Alice,Login,42.85,57.87
1786001894.6850426,Bob,Search,79.04,56.02
1786001894.6850455,Emma,Logout,40.17,32.66
1786001894.6850502,Alice,View,89.67,25.17
1786001894.685055,David,Login,41.39,81.61
1786001894.6850615,Alice,Search,11.89,32.17
1786001894.6850665,Alice,Login,45.52,52.4
1786001894.6850705,Alice,Logout,63.0,32.87
1786001894.6850753,Emma,Search,55.09,73.75
1786001894.6850796,Alice,Purchase,57.37,40.51
1786001894.6850839,David,Logout,57.28,42.24
1786001894.6850882,Emma,Purchase,29.7,65.78
1786001894.6850927,Emma,View,32.99,20.67
1786001894.6850972,Charlie,View,32.42,58.36
1786001894.6851015,David,Search,40.03,51.8
1786001894.685106,Bob,View,87.2,33.19
1786001894.6851106,Bob,Logout,55.4,89.72
1786001894.6851149,Bob,Logout,27.08,32.18
1786001894.685119,Emma,Login,29.41,81.29
1786001894.6851237,David,Logout,21.26,48.32
1786001894.6851273,Emma,Login,81.73,80.22
1786001894.685131,Alice,Login,87.53,55.1
1786001894.6851354,Bob,View,73.23,89.09
1786001894.6851401,Bob,View,70.08,26.09
1786001894.685145,Charlie,Search,81.7,84.24
1786001894.6851492,Emma,Login,62.71,47.81
1786001894.6851535,David,Logout,72.37,28.01
1786001894.6851578,Bob,Logout,82.95,89.48
1786001894.6851628,Charlie,Purchase,73.76,30.56
1786001894.6851668,Emma,Logout,39.54,47.15
1786001894.6851733,David,Purchase,26.1,52.21
1786001894.685178,Bob,Search,47.76,20.5
1786001894.6851826,Emma,Logout,35.71,47.27
1786001894.685187,David,Purchase,47.07,41.93
1786001894.6851933,Bob,Search,19.2,83.13
1786001894.6851976,Charlie,Logout,67.93,24.38
1786001894.685202,Charlie,View,77.29,39.97
1786001894.6852064,Alice,Login,59.25,25.05
1786001894.6852107,David,View,16.78,70.82
1786001894.6852152,Alice,Logout,22.04,63.99
1786001894.6852193,Emma,Purchase,28.19,28.56
1786001894.6852243,Bob,Purchase,19.68,21.14
1786001894.6852288,Bob,Login,69.97,25.87
1786001894.6852326,Alice,Logout,47.72,79.48
1786001894.6852367,Charlie,Logout,24.32,30.28
1786001894.6852415,Charlie,Logout,11.69,61.55
1786001894.685245,Emma,Login,34.83,57.46
1786001894.685249,Charlie,Logout,36.48,61.41
1786001894.6852531,Emma,View,85.42,57.07
1786001894.6852577,David,Login,54.27,37.31
1786001894.6852627,Alice,View,42.7,91.44
1786001894.6852667,David,View,14.09,23.73
1786001894.6852717,David,Logout,58.34,80.83
1786001894.6852763,Bob,Purchase,44.03,49.59
1786001894.6852808,Alice,Purchase,71.95,33.65
1786001894.685285,David,Login,26.12,80.08
1786001894.6852891,Alice,Login,29.54,63.01
1786001894.685294,David,View,81.91,42.11
1786001894.6852982,Charlie,Login,63.68,27.19
1786001894.6853032,Emma,View,12.09,87.36
1786001894.6853075,Alice,View,55.84,94.02
1786001894.6853123,Emma,View,38.94,51.29
1786001894.6853163,Alice,Search,29.48,59.66
1786001894.6853206,David,Logout,42.66,93.59
1786001894.6853259,Emma,Purchase,19.45,54.0
1786001894.6853306,David,View,22.29,69.63
1786001894.685338,Charlie,Search,74.81,37.52
1786001894.6853423,Charlie,View,20.88,60.47
1786001894.6853485,Alice,Purchase,71.77,66.39
1786001894.6853528,David,Logout,89.88,42.79
1786001894.6853569,David,Login,73.77,82.95
1786001894.6853614,Bob,Login,82.41,66.38
1786001894.6853678,Charlie,Login,17.15,68.31
1786001894.685372,Bob,Purchase,78.63,43.04
1786001894.685377,Charlie,Purchase,34.07,67.13
1786001894.6853817,David,Logout,24.78,24.68
1786001894.6853857,Charlie,Purchase,72.11,58.19
1786001894.68539,Bob,Login,72.49,49.28
1786001894.6853948,Alice,Purchase,46.09,93.62
1786001894.6853986,Charlie,View,16.1,27.11
1786001894.6854029,Charlie,Search,60.94,72.14
1786001894.6854076,David,Search,34.09,77.79
1786001894.685412,Charlie,Purchase,82.72,57.25
1786001894.6854165,Emma,Purchase,26.36,94.08
1786001894.6854215,David,View,68.98,92.6
1786001894.6854274,Charlie,Logout,33.66,56.06
1786001894.6854317,Bob,Logout,37.75,90.7
1786001894.6854386,David,Search,65.09,31.76
1786001894.685442,Bob,View,21.34,33.03
1786001894.6854448,Emma,Search,51.76,59.72
1786001894.6854475,Alice,Purchase,21.63,58.05
1786001894.68545,Emma,Logout,54.98,33.89
1786001894.6854525,David,View,54.58,84.86
1786001894.685455,David,View,43.87,69.74
1786001894.685458,Alice,Purchase,16.8,47.27
1786001894.685461,Alice,Login,32.03,50.28
1786001894.6854632,Emma,Search,78.39,32.68
1786001894.685466,Alice,Purchase,84.67,26.4
1786001894.68547,Alice,Search,43.11,66.41
1786001894.685473,David,Logout,30.28,25.86
1786001894.6854758,Bob,Search,52.35,23.53
1786001894.6854784,Alice,Login,33.43,63.85
1786001894.6854813,Alice,Purchase,74.43,86.7
1786001894.6854837,David,Search,11.47,60.25
1786001894.685486,Bob,Logout,52.1,40.23
1786001894.685489,Alice,Login,10.66,35.53
1786001894.6854918,Bob,Purchase,57.02,27.69
1786001894.6854942,Charlie,Login,54.36,72.54
1786001894.685497,Charlie,Login,46.96,23.39
1786001894.6854997,Bob,View,46.81,71.95
1786001894.6855023,Charlie,View,38.07,93.57
1786001894.6855047,Bob,Purchase,82.69,82.57
1786001894.685507,Charlie,Login,63.72,54.29
1786001894.68551,David,Search,74.43,57.81
1786001894.6855128,Charlie,Logout,52.7,88.92
1786001894.6855168,Bob,Purchase,87.63,89.44
1786001894.6855197,Alice,Search,57.73,29.59
1786001894.685522,Charlie,Search,82.12,78.32
1786001894.685525,Charlie,Logout,76.76,57.97
1786001894.6855273,Charlie,Purchase,55.7,59.11
1786001894.6855302,David,Purchase,15.15,27.79
1786001894.685533,Charlie,Logout,11.19,43.8
1786001894.685536,Charlie,View,75.03,63.19
1786001894.6855385,Emma,Purchase,60.52,24.82
1786001894.6855412,Alice,Search,86.97,42.59
1786001894.6855438,David,Login,33.22,73.13
1786001894.6855466,Emma,View,45.42,93.67
1786001894.6855493,Alice,Search,44.95,20.57
1786001894.6855524,David,Search,68.49,83.32
1786001894.685555,Bob,View,84.05,74.56
1786001894.6855593,David,Purchase,80.17,58.38
1786001894.6855621,Bob,View,88.63,23.6
1786001894.6855662,Emma,View,13.37,77.34
1786001894.685569,Alice,Login,89.67,32.96
1786001894.6855717,Emma,Login,66.89,64.77
1786001894.685574,Emma,Search,44.47,85.52
1786001894.6855767,Alice,Purchase,59.95,56.12
1786001894.6855793,David,Purchase,83.79,85.31
1786001894.685582,Charlie,Purchase,60.49,78.79
1786001894.6855843,Charlie,Logout,43.1,37.91
1786001894.6855872,David,View,63.49,29.13
1786001894.6855898,Emma,Logout,69.1,27.83
1786001894.6855927,Charlie,Login,56.63,74.4
1786001894.685595,David,Search,10.78,24.75
1786001894.6855977,Bob,Logout,44.05,62.2
1786001894.6856005,Alice,Purchase,50.66,44.7
1786001894.6856031,Alice,Search,22.54,61.63
1786001894.6856062,Alice,View,32.78,27.2
1786001894.6856086,Alice,Logout,77.23,70.65
1786001894.6856115,Alice,Search,23.52,55.3
1786001894.6856139,Bob,Logout,86.91,80.42
1786001894.6856165,Bob,Login,74.02,39.93
1786001894.685619,Emma,Purchase,49.24,46.45
1786001894.6856217,Charlie,View,30.08,46.77
1786001894.6856244,Bob,Purchase,42.79,86.2
1786001894.685627,Bob,View,44.83,23.18
1786001894.6856291,Alice,Login,43.74,55.63
1786001894.685632,Alice,View,56.19,68.66
1786001894.685636,Bob,Search,48.3,61.75
1786001894.6856391,Bob,Login,53.42,82.25
1786001894.6856418,Alice,Logout,45.53,54.44
1786001894.6856458,David,Login,42.39,61.61
1786001894.685649,David,Purchase,54.13,22.67
1786001894.6856513,Charlie,Purchase,76.68,26.4
1786001894.685654,Charlie,View,78.12,94.49
1786001894.6856565,Alice,Login,85.65,24.46
1786001894.6856592,Bob,Purchase,38.42,27.94
1786001894.685662,Alice,Purchase,53.63,38.67
1786001894.6856647,Emma,Login,57.02,36.63
1786001894.6856673,Emma,Purchase,26.59,87.48
1786001894.6856701,Bob,View,40.9,76.42
1786001894.6856728,Bob,Login,46.47,24.24
1786001894.6856756,David,Purchase,42.73,26.54
1786001894.6856792,Charlie,Purchase,86.01,54.64
1786001894.6856816,Alice,Purchase,50.62,81.22
1786001894.6856842,Charlie,Search,72.32,34.07
1786001894.6856868,David,Purchase,23.55,45.4
1786001894.6856897,Bob,Login,10.75,55.2
1786001894.685692,Alice,Logout,70.03,55.84
1786001894.6856947,Bob,Search,59.01,44.29
1786001894.6856976,David,Logout,36.49,77.2
1786001894.6857002,Bob,Search,38.88,79.02
1786001894.6857023,Alice,Logout,56.61,53.11
1786001894.6857054,Charlie,View,39.18,40.8
1786001894.6857078,Emma,Search,21.84,70.31
1786001894.6857104,Bob,Login,54.66,68.9
1786001894.685713,David,Login,52.42,86.52
1786001894.6857157,David,View,63.51,76.12
1786001894.6857183,Charlie,Search,85.99,70.38
1786001894.685721,David,Logout,57.29,37.23
1786001894.6857235,Alice,Purchase,55.02,37.95
1786001894.6857264,Alice,View,73.48,51.35
1786001894.685729,Alice,Logout,60.22,50.68
1786001894.6857333,Bob,View,49.55,46.39
1786001894.6857364,Charlie,Logout,60.08,62.03
1786001894.6857393,Alice,Login,80.87,51.72
1786001894.6857436,David,Search,16.9,73.35
1786001894.6857464,David,View,76.01,31.22
1786001894.6857495,David,Logout,66.37,58.37
1786001894.6857522,Alice,Logout,58.5,67.4
1786001894.6857572,Alice,Logout,18.27,35.68
1786001894.6857605,Bob,Search,86.14,88.12
1786001894.6857631,Alice,Login,63.37,59.68
1786001894.685766,Bob,View,76.56,48.31
1786001894.6857681,Charlie,Login,55.17,29.87
1786001894.685771,Charlie,Search,79.31,72.44
1786001894.6857736,Alice,Purchase,22.27,66.88
1786001894.6857767,Bob,Search,66.16,61.62
1786001894.685779,David,Logout,10.67,45.0
1786001894.685782,Alice,Logout,84.85,69.96
1786001894.6857846,Bob,Search,72.74,40.12
1786001894.6857872,Emma,Purchase,65.04,59.08
1786001894.68579,Charlie,Purchase,45.24,52.17
1786001894.6857927,David,Logout,37.6,64.69
1786001894.6857953,Alice,Purchase,79.34,86.1
1786001894.6857982,David,View,54.36,79.35
1786001894.6858008,David,Purchase,54.24,67.96
1786001894.6858041,Emma,Login,74.77,26.64
1786001894.685809,Bob,Search,60.77,61.46
1786001894.6858134,Alice,Purchase,41.95,23.9
1786001894.6858177,Bob,Search,80.3,93.2
1786001894.6858222,Bob,Logout,66.71,62.17
1786001894.6858268,David,Search,48.16,55.79
1786001894.685832,David,Login,41.59,40.18
1786001894.6858366,Alice,Logout,57.04,53.98
1786001894.6858442,Bob,View,85.73,83.28
1786001894.6858485,Emma,View,75.73,32.74
1786001894.6858532,David,View,29.54,83.85
1786001894.6858594,Emma,Purchase,50.35,54.0
1786001894.6858625,Alice,View,33.22,41.88
1786001894.6858652,Bob,Purchase,59.06,78.36
1786001894.6858773,Charlie,Search,74.14,69.33
1786001894.6858804,Emma,Purchase,37.78,31.84
1786001894.6858828,Charlie,Search,69.17,56.27
1786001894.6858854,Charlie,Purchase,21.35,56.3
1786001894.685888,Emma,Search,36.67,73.68
1786001894.6858907,Charlie,Login,35.77,61.59
1786001894.685893,Emma,Logout,18.3,34.09
1786001894.6858978,Charlie,Login,19.55,34.06
1786001894.6859024,Charlie,Search,26.67,55.77
1786001894.6859074,Alice,Logout,77.05,31.42
1786001894.6859124,David,View,23.53,64.99
1786001894.685917,Alice,Purchase,19.18,30.65
1786001894.6859198,Charlie,Login,17.29,27.93
1786001894.6859224,Bob,Purchase,36.33,86.89
1786001894.6859248,Charlie,Login,22.61,86.71
1786001894.6859274,Charlie,View,31.12,48.39
1786001894.6859303,David,Login,62.65,66.66
1786001894.6859329,Charlie,View,66.65,82.21
1786001894.6859353,David,Search,39.32,29.84
1786001894.6859381,Charlie,View,51.7,60.2
1786001894.6859412,Bob,Search,50.61,44.4
1786001894.685944,Emma,View,61.64,27.89
1786001894.685947,David,Logout,36.82,68.55
1786001894.6859493,Alice,View,63.31,48.5
1786001894.685952,Emma,Search,75.32,34.4
1786001894.6859543,Bob,Logout,42.55,27.67
1786001894.6859589,Emma,Login,88.22,48.51
1786001894.6859615,Bob,View,18.51,90.45
1786001894.685964,David,Logout,21.39,60.87
1786001894.6859686,Alice,Login,87.6,87.15
1786001894.6859722,Bob,Search,12.96,43.02
1786001894.6859748,Bob,Logout,78.54,74.49
1786001894.6859777,Charlie,Logout,60.16,73.28
1786001894.6859803,Charlie,Search,35.58,31.25
1786001894.6859834,Emma,Login,38.86,31.24
1786001894.685986,Charlie,View,15.97,88.19
1786001894.6859887,Bob,Search,10.63,75.94
1786001894.6859915,David,View,52.52,22.58
1786001894.6859937,Emma,Purchase,65.13,30.53
1786001894.6859963,Emma,Purchase,15.63,36.81
1786001894.6859992,Bob,Search,88.28,51.26
1786001894.6860018,Charlie,Logout,38.17,75.14
1786001894.6860042,Bob,Purchase,49.83,36.54
1786001894.6860068,Alice,Search,25.67,87.61
1786001894.6860096,Alice,Logout,29.49,87.32
1786001894.6860118,David,Purchase,58.66,26.85
1786001894.6860144,Bob,Logout,51.25,86.02
1786001894.686017,David,Logout,58.71,35.33
1786001894.68602,Alice,Search,30.42,66.65
1786001894.6860223,Alice,Logout,18.29,90.66
1786001894.686025,Alice,View,48.02,83.98
1786001894.6860275,David,Login,14.31,40.75
1786001894.6860301,Bob,Login,77.16,50.19
1786001894.6860325,Charlie,View,84.14,89.82
1786001894.6860368,Emma,Logout,29.9,77.66
1786001894.68604,Bob,Login,27.3,79.91
1786001894.6860425,Emma,Purchase,37.03,67.66
1786001894.6860468,Bob,Purchase,74.53,38.8
1786001894.6860492,Alice,Logout,57.45,42.81
1786001894.686052,Charlie,Logout,65.37,87.6
1786001894.686055,Alice,Purchase,44.22,94.52
1786001894.6860576,Emma,View,57.15,57.19
1786001894.68606,Bob,Logout,39.03,25.3
1786001894.6860628,Bob,View,89.62,49.03
1786001894.6860654,David,Login,80.09,38.45
1786001894.686068,Alice,Login,55.47,52.76
1786001894.6860702,Charlie,Purchase,70.24,56.7
1786001894.686073,Bob,View,85.3,66.54
1786001894.686076,Alice,View,47.22,41.88
1786001894.6860785,Charlie,Search,57.9,71.87
1786001894.6860812,Emma,Search,65.37,85.8
1786001894.6860845,Charlie,Login,76.71,37.77
1786001894.6860876,Charlie,Purchase,23.22,60.62
1786001894.68609,Emma,Login,21.96,78.98
1786001894.6860929,Bob,Login,26.0,81.69
1786001894.6860957,Bob,Logout,82.03,57.07
1786001894.686098,David,Logout,52.39,41.4
1786001894.6861005,Emma,Purchase,89.27,29.54
1786001894.6861036,Alice,View,61.22,44.01
1786001894.6861062,David,Purchase,25.65,65.68
1786001894.6861086,Emma,View,30.88,88.39
1786001894.6861112,Alice,Logout,26.27,32.33
1786001894.6861136,Charlie,Login,52.22,41.93
1786001894.6861165,Charlie,Logout,21.22,72.9
1786001894.6861188,Charlie,Logout,37.66,53.39
1786001894.6861215,Alice,Search,78.77,68.94
1786001894.686124,Charlie,Purchase,27.04,20.76
1786001894.6861267,Emma,Logout,86.24,66.21
1786001894.6861293,Charlie,Search,17.25,33.44
1786001894.6861336,Bob,Purchase,47.49,48.78
1786001894.6861362,Alice,Purchase,51.67,25.42
1786001894.6861389,Alice,Purchase,15.11,31.35
1786001894.686143,Bob,Search,35.71,93.24
1786001894.6861458,Bob,Purchase,11.29,85.63
1786001894.6861486,Alice,Search,73.36,60.78
1786001894.6861515,Charlie,Logout,36.86,54.83
1786001894.686154,David,Logout,62.46,59.38
1786001894.686158,David,Search,26.83,90.76
1786001894.6861603,Bob,Login,37.83,88.04
1786001894.6861632,Charlie,Logout,20.99,88.22
1786001894.6861656,David,View,14.31,23.17
1786001894.6861691,Alice,Login,13.82,26.93
1786001894.6861722,Emma,Purchase,61.83,59.89
1786001894.6861746,David,Logout,13.52,71.4
1786001894.6861775,Bob,View,37.16,23.68
1786001894.68618,Emma,Purchase,64.16,32.86
1786001894.6861825,Charlie,View,84.17,74.12
1786001894.6861851,Emma,Search,13.65,45.22
1786001894.6861877,Charlie,Search,88.47,74.89
1786001894.6861904,Emma,View,55.69,50.34
1786001894.686193,Emma,Logout,89.95,44.51
1786001894.6861956,Bob,Purchase,52.09,63.03
1786001894.6861982,Charlie,View,53.07,83.46
1786001894.686201,Emma,View,82.43,25.18
1786001894.686204,Bob,Search,54.85,52.78
1786001894.6862066,Alice,View,33.72,56.62
1786001894.686209,David,Logout,60.27,61.63
1786001894.6862123,Bob,Search,28.86,30.17
1786001894.686215,David,View,18.64,83.74
1786001894.686218,Emma,Purchase,67.63,91.71
1786001894.686221,Emma,Purchase,16.42,62.72
1786001894.686225,Charlie,View,85.06,22.44
1786001894.6862278,Bob,Login,38.44,93.66
1786001894.6862302,Emma,Search,13.4,71.47
1786001894.6862347,David,Logout,11.02,93.22
1786001894.6862373,Emma,Search,11.0,21.68
1786001894.6862404,Charlie,Purchase,41.0,45.49
1786001894.6862433,Emma,Search,76.74,43.8
1786001894.6862462,Alice,Login,69.05,27.92
1786001894.6862488,Emma,Purchase,73.56,69.09
1786001894.6862512,David,Logout,88.1,81.27
1786001894.6862538,Charlie,Login,29.48,92.18
1786001894.6862564,Emma,Login,29.37,23.64
1786001894.6862593,Alice,Search,25.5,70.93
1786001894.6862617,David,Logout,55.03,46.48
1786001894.6862643,Bob,Purchase,37.69,93.29
1786001894.686267,Emma,Logout,48.22,81.82
1786001894.6862693,Charlie,Purchase,77.81,91.27
1786001894.686272,Emma,Purchase,39.52,86.97
1786001894.6862764,Emma,View,57.85,62.14
1786001894.6862795,Emma,Purchase,25.68,51.32
1786001894.6862817,Charlie,Login,17.77,32.28
1786001894.6862843,Emma,Search,63.93,36.24
1786001894.6862872,Bob,View,84.72,47.67
1786001894.6862893,Alice,View,16.94,79.86
1786001894.6862922,Charlie,Search,64.59,20.69
1786001894.6862948,Alice,Search,75.47,84.41
1786001894.6862972,Alice,Logout,68.72,35.32
1786001894.6862998,Emma,Logout,34.59,83.33
1786001894.6863024,Emma,Search,26.39,35.94
1786001894.686305,Emma,Login,87.1,64.06
1786001894.686308,Emma,View,55.11,39.81
1786001894.6863103,Charlie,View,81.66,75.84
1786001894.6863146,Bob,Purchase,75.17,47.34
1786001894.6863172,Alice,Purchase,75.0,87.22
1786001894.68632,Bob,View,39.55,35.38
1786001894.6863241,Charlie,Logout,11.87,57.08
1786001894.686327,David,Logout,69.83,94.64
1786001894.68633,David,Purchase,36.64,58.19
1786001894.6863325,Charlie,Login,74.74,64.93
1786001894.6863353,Alice,Logout,51.39,87.68
1786001894.6863377,Alice,Search,40.64,80.75
1786001894.6863403,Emma,Search,29.57,92.74
1786001894.6863432,David,Search,19.39,68.45
1786001894.686346,Bob,Search,83.1,70.74
1786001894.6863484,Charlie,Purchase,89.54,78.98
1786001894.6863513,David,Purchase,27.04,70.0
1786001894.6863546,Alice,Search,79.71,76.26
1786001894.686357,David,Search,25.95,75.29
1786001894.6863604,Charlie,Logout,89.46,27.23
1786001894.6863632,Alice,Logout,55.93,21.46
1786001894.6863656,David,Logout,24.12,34.06
1786001894.6863682,Alice,Search,89.01,85.38
1786001894.6863708,David,Logout,71.04,74.75
1786001894.6863735,Bob,Login,51.22,43.15
1786001894.6863756,David,Purchase,26.93,86.07
1786001894.6863785,Emma,View,44.23,44.35
1786001894.686381,Emma,View,83.6,23.93
1786001894.6863837,Charlie,Purchase,73.95,58.59
1786001894.686386,David,Search,23.35,56.37
1786001894.6863885,Charlie,Logout,26.31,23.56
1786001894.6863928,Alice,Login,40.19,67.6
1786001894.6863956,Alice,Logout,13.03,46.47
1786001894.6863985,Bob,View,43.18,48.6
1786001894.6864023,David,Search,88.26,36.46
1786001894.6864054,Alice,Login,66.02,74.55
1786001894.686408,Charlie,View,64.81,33.28
1786001894.6864104,David,Purchase,14.0,83.59
1786001894.686413,Bob,Purchase,89.69,25.25
1786001894.6864157,Alice,Logout,52.35,87.48
1786001894.6864188,David,Login,34.44,80.74
1786001894.6864212,Bob,Purchase,12.9,65.14
1786001894.6864238,Emma,Purchase,43.49,32.8
1786001894.6864266,Charlie,Logout,38.05,35.16
1786001894.6864293,Charlie,Search,84.64,24.13
1786001894.6864316,Bob,Login,46.58,29.82
1786001894.6864343,David,View,55.01,46.84
1786001894.686437,Alice,View,87.09,87.78
1786001894.6864395,Charlie,Login,13.72,62.96
1786001894.6864417,Alice,View,76.88,83.5
1786001894.6864445,Alice,Login,23.03,84.75
1786001894.6864471,Emma,Purchase,71.32,74.06
1786001894.68645,David,View,70.62,85.29
1786001894.6864524,David,Logout,84.13,42.34
1786001894.6864548,Charlie,View,26.98,87.32
1786001894.6864576,Alice,View,75.16,75.94
1786001894.6864612,David,Logout,52.39,38.75
1786001894.6864638,David,Search,72.33,30.7
1786001894.6864662,Charlie,Logout,56.09,37.55
1786001894.6864688,Emma,Login,49.85,20.22
1786001894.6864717,Charlie,Logout,27.17,38.39
1786001894.6864746,Emma,Search,68.28,46.57
1786001894.686477,David,Search,43.66,72.49
1786001894.6864796,Alice,Login,66.21,32.92
1786001894.686482,Charlie,Search,10.47,73.52
1786001894.6864846,Bob,View,40.05,40.45
1786001894.6864886,Bob,Search,27.3,25.59
1786001894.686492,David,Purchase,81.65,65.36
1786001894.686494,Alice,Purchase,81.54,30.46
1786001894.6864972,Emma,Logout,26.26,53.97
1786001894.6865013,David,Login,41.78,35.66
1786001894.6865041,Emma,Login,14.76,35.15
1786001894.686507,Charlie,Search,42.75,90.67
1786001894.6865094,Charlie,Login,61.94,93.54
1786001894.6865134,Bob,View,55.52,78.48
1786001894.6865165,Bob,Logout,89.16,92.65
1786001894.6865187,Emma,Login,10.76,67.99
1786001894.6865213,Emma,Search,44.01,88.05
1786001894.686524,Charlie,Search,72.9,57.37
1786001894.6865263,Charlie,View,51.05,64.98
1786001894.686529,Emma,Logout,82.21,83.94
1786001894.6865313,Alice,View,53.02,67.55
1786001894.686534,David,Login,66.89,24.47
1786001894.6865366,Alice,Purchase,59.29,88.18
1786001894.686539,Alice,Purchase,86.52,62.77
1786001894.6865418,Bob,View,86.0,56.58
1786001894.6865447,Bob,Logout,61.22,43.57
1786001894.686547,Emma,View,47.51,25.9
1786001894.68655,Emma,Search,69.31,91.57
1786001894.6865525,Emma,Logout,40.1,36.83
1786001894.6865554,Bob,Logout,38.72,34.4
1786001894.686558,Charlie,Search,27.39,42.25
1786001894.6865606,Charlie,Login,37.38,80.78
1786001894.6865633,Charlie,Search,10.8,51.72
1786001894.6865656,Bob,Search,78.05,37.41
1786001894.6865687,Emma,Search,47.45,45.5
1786001894.6865716,Charlie,Search,53.73,24.34
1786001894.686574,Emma,Search,41.04,35.74
1786001894.6865783,Emma,Logout,84.52,91.36
1786001894.6865811,Alice,Search,89.53,39.77
1786001894.6865838,Bob,Search,73.98,68.75
1786001894.6865864,David,Login,81.03,22.57
1786001894.6865897,Charlie,Search,46.6,34.8
1786001894.6865926,David,View,27.67,71.6
1786001894.6865954,Emma,Purchase,35.44,53.05
1786001894.6865976,Charlie,Purchase,38.34,73.08
1786001894.6866007,Alice,Login,89.55,30.55
1786001894.686603,Alice,Login,65.81,23.83
1786001894.6866055,Charlie,Purchase,56.09,24.35
1786001894.686608,Charlie,Logout,42.7,32.26
1786001894.686611,Emma,View,26.23,72.18
1786001894.6866136,Bob,Purchase,21.77,75.49
1786001894.6866164,Charlie,Logout,58.27,74.88
1786001894.6866188,Emma,View,62.32,55.45
1786001894.6866214,Charlie,Login,16.84,90.54
1786001894.686624,Charlie,Login,33.49,42.42
1786001894.6866267,David,Login,27.37,90.71
1786001894.6866312,Alice,Search,72.72,73.07
1786001894.686634,Bob,Search,63.89,55.93
1786001894.6866364,Emma,Search,42.08,59.59
1786001894.6866393,Alice,Search,88.66,79.78
1786001894.686642,Charlie,Logout,59.1,49.84
1786001894.6866453,Bob,Logout,58.86,21.0
1786001894.6866481,Alice,Purchase,12.29,82.11
1786001894.686651,David,Purchase,59.7,35.96
1786001894.6866531,Charlie,Logout,23.19,23.34
1786001894.6866558,David,Login,32.07,52.35
1786001894.6866584,Charlie,Login,21.57,44.21
1786001894.6866608,David,Login,16.65,23.48
1786001894.6866636,David,Login,56.01,57.54
1786001894.6866677,Emma,Purchase,59.97,64.24
1786001894.6866705,David,View,66.98,84.54
1786001894.6866736,Alice,View,61.43,36.35
1786001894.6866763,David,Purchase,72.43,61.88
1786001894.686681,Bob,Purchase,25.38,57.26
1786001894.686684,Charlie,Purchase,88.85,86.96
1786001894.6866865,Bob,Search,45.01,81.77
1786001894.6866891,Alice,Search,60.08,26.54
1786001894.6866915,David,Search,82.39,55.35
1786001894.6866946,Alice,Search,11.66,25.36
1786001894.6866975,Charlie,Purchase,24.7,85.65
1786001894.6867003,Emma,Purchase,27.04,81.05
1786001894.6867032,David,View,21.65,87.93
1786001894.686706,Charlie,Login,45.84,59.59
1786001894.686709,Charlie,Logout,35.37,89.47
1786001894.6867118,Emma,Search,76.33,25.91
1786001894.6867146,Alice,View,32.43,32.64
1786001894.686717,Bob,Login,85.3,81.93
1786001894.6867197,Emma,Login,89.63,22.87
1786001894.6867223,David,Search,88.17,60.31
1786001894.6867251,David,Search,39.79,48.26
1786001894.6867275,Bob,Search,11.2,53.18
1786001894.6867304,Charlie,Purchase,54.62,79.55
1786001894.686733,Emma,Purchase,31.97,84.09
1786001894.6867356,David,Login,61.59,80.13
1786001894.6867383,Alice,Search,69.12,74.0
1786001894.6867406,Bob,Login,30.93,84.02
1786001894.6867433,Bob,Logout,55.04,89.02
1786001894.6867461,Charlie,Purchase,27.4,42.83
1786001894.6867504,Bob,Search,85.25,43.22
1786001894.6867535,David,Purchase,68.45,43.49
1786001894.6867576,Bob,Search,32.78,24.88
1786001894.6867604,Charlie,Search,68.66,81.97
1786001894.6867633,Emma,Logout,13.27,56.7
1786001894.6867661,Bob,Purchase,69.95,38.01
1786001894.6867683,Bob,View,62.43,32.79
1786001894.6867712,Charlie,Logout,15.36,64.95
1786001894.6867738,Alice,Login,68.31,45.79
1786001894.6867766,Charlie,Search,72.28,21.43
1786001894.6867795,Alice,Search,13.36,27.86
1786001894.686782,David,View,46.18,54.53
1786001894.686785,Charlie,Logout,85.91,26.69
1786001894.6867876,Bob,Login,53.74,26.49
1786001894.6867905,Charlie,Search,29.35,70.42
1786001894.6867929,Alice,View,65.51,43.15
1786001894.6867955,Charlie,Search,49.37,27.64
1786001894.686798,Alice,View,54.23,56.27
1786001894.6868007,David,Login,61.29,70.95
1786001894.686803,Charlie,Purchase,13.29,85.85
1786001894.686806,Emma,Purchase,65.5,33.88
1786001894.6868086,Bob,Purchase,20.42,53.31
1786001894.6868112,Bob,Purchase,61.49,65.46
1786001894.6868143,Charlie,View,39.17,68.11
1786001894.6868167,Bob,Purchase,24.9,49.5
1786001894.6868196,David,Purchase,20.59,82.36
1786001894.686822,Bob,Logout,79.2,27.8
1786001894.686825,Bob,Purchase,54.2,21.92
1786001894.6868274,David,Purchase,66.7,60.04
1786001894.6868305,Alice,Search,35.31,26.09
1786001894.6868331,Emma,Search,50.67,68.56
1786001894.686836,Emma,Logout,53.21,85.82
1786001894.6868386,Charlie,Search,74.19,47.52
1786001894.686841,Bob,Search,13.15,89.0
1786001894.6868455,Emma,Logout,57.52,30.94
1786001894.6868484,Bob,View,75.67,49.98
1786001894.686851,Bob,View,27.5,56.64
1786001894.686854,Bob,Purchase,27.53,38.29
1786001894.6868577,Charlie,Search,62.08,62.1
1786001894.6868606,Alice,Login,61.65,37.98
1786001894.6868634,Charlie,View,13.95,65.64
1786001894.6868663,Charlie,View,76.24,65.0
1786001894.6868775,Bob,View,18.67,28.76
1786001894.68688,Bob,Login,52.33,40.24
1786001894.6868827,Alice,Purchase,76.62,37.06
1786001894.6868854,David,Purchase,42.26,63.52
1786001894.6868882,Charlie,View,29.73,31.18
1786001894.686891,David,Login,72.08,94.07
1786001894.686894,Emma,Purchase,54.72,79.94
1786001894.6868963,Bob,Logout,72.6,36.4
1786001894.6868992,David,Login,71.67,32.85
1786001894.6869016,Charlie,Login,26.83,47.97
1786001894.686904,Bob,View,16.6,20.97
1786001894.6869068,Alice,Purchase,33.78,33.67
1786001894.6869094,David,Purchase,51.98,39.94
1786001894.6869123,Bob,Purchase,34.39,21.65
1786001894.6869144,Bob,Logout,39.39,44.53
1786001894.686917,Charlie,Purchase,16.59,33.38
1786001894.6869197,Emma,Purchase,14.13,59.15
1786001894.686922,Alice,Purchase,67.14,87.87
1786001894.6869245,Alice,View,20.3,38.43
1786001894.686927,Charlie,View,36.2,94.81
1786001894.6869295,Emma,Logout,42.48,80.25
1786001894.6869323,Emma,Purchase,33.76,48.12
1786001894.686935,David,Search,60.58,28.96
1786001894.6869378,David,Login,20.24,45.14
1786001894.686942,Alice,View,31.08,71.13
1786001894.6869447,Emma,Search,18.92,21.29
1786001894.6869473,David,Search,76.57,46.35
1786001894.6869504,Alice,Logout,30.05,21.59
1786001894.686954,Alice,Logout,31.15,34.04
1786001894.6869566,Charlie,Search,16.82,54.05
1786001894.686959,Charlie,View,27.32,34.06
1786001894.6869617,Emma,Purchase,33.1,63.74
1786001894.6869645,Charlie,Logout,40.21,53.03
1786001894.6869674,David,Login,57.38,58.08
1786001894.6869705,Bob,Login,46.02,74.18
1786001894.6869729,Charlie,Purchase,38.12,66.52
1786001894.686976,David,Search,54.41,66.37
1786001894.6869786,David,Login,52.51,60.71
1786001894.6869814,David,Purchase,12.79,55.75
1786001894.6869843,Bob,Login,64.28,75.68
1786001894.686987,David,Purchase,52.55,26.46
1786001894.6869895,David,Purchase,20.78,69.5
1786001894.6869924,David,Purchase,25.07,24.56
1786001894.6869962,Alice,Logout,64.72,20.95
1786001894.686999,Charlie,Purchase,15.06,56.23
1786001894.6870017,Alice,Logout,13.7,52.12
1786001894.6870043,Emma,Login,63.05,75.47
1786001894.687007,Alice,Search,74.75,62.57
1786001894.6870098,Emma,Search,74.31,30.89
1786001894.6870127,Emma,Logout,75.89,28.11
1786001894.6870148,Bob,Purchase,25.8,57.76
1786001894.6870177,Emma,Purchase,71.05,37.88
1786001894.6870203,Bob,Logout,83.9,76.13
1786001894.6870234,Emma,Purchase,18.2,94.32
1786001894.6870265,Bob,Logout,56.45,38.72
1786001894.6870294,Bob,View,12.37,50.61
1786001894.6870337,David,Purchase,51.57,55.61
1786001894.687037,Charlie,View,52.94,79.49
1786001894.6870394,Bob,Purchase,69.92,84.62
1786001894.6870422,Alice,Logout,48.09,38.6
1786001894.6870463,Alice,Purchase,58.27,23.55
1786001894.687049,Emma,Logout,10.25,27.24
1786001894.6870515,Bob,View,74.92,71.96
1786001894.6870542,Bob,View,79.52,36.57
1786001894.6870568,David,Logout,72.77,50.6
1786001894.6870594,Bob,View,14.46,54.21
1786001894.687062,Emma,Login,33.82,44.48
1786001894.687065,Alice,Purchase,72.18,33.66
1786001894.6870675,Emma,View,47.49,51.52
1786001894.6870701,Charlie,Purchase,64.32,90.8
1786001894.6870728,David,Purchase,36.15,92.47
1786001894.6870754,Bob,View,74.76,66.61
1786001894.687078,David,Search,85.05,80.13
1786001894.6870806,Emma,Login,88.78,90.83
1786001894.6870832,David,Search,17.46,79.94
1786001894.6870856,Alice,Search,45.08,26.58
1786001894.687088,Bob,Login,54.78,78.43
1786001894.6870906,Alice,View,60.41,74.07
1786001894.6870935,Emma,Search,53.84,61.05
1786001894.6870964,Bob,Logout,17.58,23.59
1786001894.687099,Charlie,Logout,40.83,36.17
1786001894.6871016,Bob,Search,80.78,35.96
1786001894.687104,David,Purchase,68.98,90.88
1786001894.6871068,Alice,Purchase,62.12,78.85
1786001894.6871095,David,Login,29.43,80.25
1786001894.6871116,Charlie,Logout,58.16,93.13
1786001894.6871157,Charlie,Login,87.28,71.63
1786001894.68712,Charlie,Search,21.62,28.35
1786001894.6871226,Emma,Login,20.93,63.9
1786001894.6871254,Alice,Logout,87.02,92.29
1786001894.6871283,David,View,41.1,92.06
1786001894.6871307,Charlie,Search,75.53,26.06
1786001894.687133,Emma,Purchase,16.57,34.33
1786001894.6871357,David,Login,81.29,53.74
1786001894.6871386,Emma,View,77.18,73.14
1786001894.6871414,Charlie,Logout,18.8,48.94
1786001894.6871436,Emma,Logout,43.59,62.4
1786001894.6871464,David,Login,75.74,56.23
1786001894.687149,Alice,View,26.72,25.08
1786001894.6871517,Charlie,Search,55.86,26.89
1786001894.6871538,David,Search,59.79,76.37
1786001894.687157,Charlie,Purchase,12.31,94.56
1786001894.6871598,Charlie,View,57.97,86.26
1786001894.6871622,David,Login,14.9,88.86
1786001894.6871653,Emma,Purchase,65.65,51.85
1786001894.6871676,David,Purchase,13.22,84.28
1786001894.6871705,Charlie,Purchase,43.93,47.97
1786001894.6871731,Emma,View,42.07,42.66
1786001894.6871755,Emma,Search,76.19,58.13
1786001894.687178,Alice,View,74.52,32.33
1786001894.6871805,Alice,Logout,33.59,22.23
1786001894.6871831,Charlie,View,80.1,83.03
1786001894.6871858,Emma,Login,67.58,53.0
1786001894.6871884,Alice,Purchase,70.28,48.16
1786001894.6871912,Emma,Login,55.48,62.96
1786001894.6871946,Charlie,Login,56.7,69.04
1786001894.6871972,Bob,View,81.31,35.05
1786001894.6872,Bob,Purchase,57.52,56.31
1786001894.6872032,David,Login,61.96,24.22
1786001894.6872072,Emma,Login,17.4,74.84
1786001894.68721,David,Login,24.56,30.4
1786001894.687213,David,Purchase,73.78,46.89
1786001894.6872156,Alice,Search,78.06,71.53
1786001894.6872182,Bob,Purchase,37.0,35.23
1786001894.6872227,Emma,View,11.32,30.02
1786001894.6872256,Emma,Search,52.5,28.5
1786001894.6872287,David,Login,33.89,71.72
1786001894.687231,Charlie,Purchase,34.38,27.37
1786001894.6872354,David,Search,79.83,21.14
1786001894.687238,Charlie,Login,18.79,36.71
1786001894.687241,David,Search,79.73,55.54
1786001894.687245,Emma,Login,31.96,31.32
1786001894.6872473,Emma,View,81.63,75.63
1786001894.68725,David,Search,21.81,69.51
1786001894.6872528,Emma,Logout,62.51,77.11
1786001894.6872554,Charlie,Search,72.94,63.66
1786001894.6872578,Charlie,Purchase,18.17,91.95
1786001894.6872606,Charlie,Login,85.19,25.27
1786001894.6872635,Bob,Login,32.13,25.05
1786001894.6872663,Bob,Logout,64.66,68.05
1786001894.687269,Charlie,View,37.11,32.77
1786001894.6872714,Emma,Logout,89.3,66.01
1786001894.6872742,Charlie,Search,87.88,72.17
1786001894.6872768,Bob,Login,27.55,37.1
1786001894.6872795,Alice,Logout,69.18,84.31
1786001894.6872818,Alice,Search,44.34,25.94
1786001894.6872847,Emma,Login,25.31,52.29
1786001894.687287,Bob,Search,16.1,49.28
1786001894.6872897,Emma,Search,58.41,72.29
1786001894.6872928,David,Logout,84.11,32.39
1786001894.6872952,Charlie,Purchase,26.88,20.52
1786001894.687299,Emma,View,41.39,81.22
1786001894.687302,David,Search,51.74,91.94
1786001894.6873047,Alice,Login,67.09,22.79
1786001894.6873074,Charlie,Login,31.76,68.16
1786001894.68731,Emma,Purchase,19.33,39.78
1786001894.6873126,Alice,Login,29.5,74.52
1786001894.6873155,Alice,Logout,69.26,24.25
1786001894.687318,Charlie,Purchase,22.1,26.79
1786001894.687321,Charlie,Purchase,73.35,48.06
1786001894.6873233,Emma,Purchase,46.55,30.0
1786001894.687326,Charlie,View,69.18,45.69
1786001894.6873286,David,Logout,67.82,57.18
1786001894.687331,Charlie,Logout,78.15,56.91
1786001894.6873336,Charlie,Search,65.86,28.46
1786001894.6873362,Alice,Login,78.81,89.51
1786001894.687339,Alice,View,65.91,54.5
1786001894.6873412,Bob,Logout,86.95,82.6
1786001894.687344,David,Search,12.21,79.25
1786001894.687347,Emma,Logout,12.94,41.95
1786001894.687351,Alice,Purchase,71.2,43.32
1786001894.6873538,David,Logout,41.55,38.34
1786001894.6873567,David,View,45.9,76.05
1786001894.6873593,Bob,Purchase,89.23,93.97
1786001894.687362,Alice,Search,78.23,41.09
1786001894.6873646,Charlie,Purchase,39.15,91.12
1786001894.6873672,Alice,Logout,38.5,40.4
1786001894.6873698,Alice,View,69.56,79.24
1786001894.687372,Alice,Login,39.66,56.6
1786001894.6873746,Emma,Search,26.75,37.03
1786001894.6873772,Emma,Search,13.86,29.01
1786001894.6873796,Charlie,Logout,47.05,93.42
1786001894.687382,Bob,Purchase,23.86,73.65
1786001894.687387,Emma,View,40.3,87.72
1786001894.68739,Alice,View,43.61,26.97
1786001894.6873927,David,Logout,15.59,50.33
1786001894.6873958,Bob,View,36.76,43.2
1786001894.6873984,Bob,Search,45.77,55.46
1786001894.6874032,Bob,Login,42.4,60.14
1786001894.687406,Bob,Logout,29.43,73.93
1786001894.6874092,Alice,Login,75.53,29.12
1786001894.6874118,Charlie,Login,80.75,20.0
1786001894.6874142,Bob,Login,53.86,53.47
1786001894.6874168,David,Purchase,29.38,46.63
1786001894.6874197,Charlie,Purchase,75.25,64.13
1786001894.6874223,Alice,Purchase,55.64,27.87
1786001894.6874251,Bob,Logout,50.46,61.54
1786001894.6874275,Emma,Login,60.06,68.9
1786001894.68743,Bob,Logout,64.42,22.49
1786001894.6874328,David,Logout,83.24,29.49
1786001894.6874363,Charlie,Logout,32.94,68.21
1786001894.687439,David,Purchase,34.31,47.62
1786001894.6874416,Emma,Purchase,74.07,50.43
1786001894.6874442,Emma,Logout,28.59,91.27
1786001894.6874466,Alice,Login,14.15,70.35
1786001894.687449,Bob,Purchase,27.05,51.86
1786001894.6874518,Emma,View,63.03,85.62
1786001894.6874545,Charlie,Logout,78.43,89.58
1786001894.687457,Bob,Purchase,32.33,78.94
1786001894.6874595,Charlie,Purchase,66.25,91.53
1786001894.687462,Bob,Login,79.22,89.24
1786001894.6874647,Bob,Logout,67.83,87.94
1786001894.6874673,Charlie,Search,16.94,35.83
1786001894.6874716,Emma,Search,73.42,61.82
1786001894.687476,Emma,Logout,67.64,42.9
1786001894.6874785,Bob,Logout,29.63,24.64
1786001894.6874812,Charlie,Purchase,69.1,31.71
1786001894.6874838,Alice,Purchase,79.04,75.37
1786001894.6874864,Charlie,Purchase,65.69,46.63
1786001894.687489,Alice,Login,74.96,68.67
1786001894.687492,David,Search,67.91,56.69
1786001894.6874945,Bob,Search,59.26,88.6
1786001894.6875648,Charlie,Logout,27.19,42.92
1786001894.687568,Bob,Search,14.83,43.58
1786001894.6875703,Bob,Logout,53.28,91.81
1786001894.6875734,Alice,Purchase,40.02,93.18
1786001894.6875763,Emma,Login,89.57,34.56
1786001894.687579,Alice,View,53.07,27.05
1786001894.6875818,Alice,Purchase,83.59,42.07
1786001894.6875844,Charlie,Login,49.41,41.16
1786001894.6875868,Emma,Purchase,47.99,49.53
1786001894.6875896,Charlie,View,46.43,62.04
1786001894.6875923,David,Purchase,46.27,26.96
1786001894.6875947,Emma,Logout,39.68,89.46
1786001894.6875975,Emma,View,12.14,38.2
1786001894.6876001,Charlie,Logout,24.77,48.25
1786001894.6876032,Emma,Purchase,76.97,65.43
1786001894.6876066,Alice,Login,59.58,84.84
1786001894.6876094,David,Purchase,41.82,80.29
1786001894.687612,David,Search,31.76,64.24
1786001894.6876147,David,View,21.51,74.86
1786001894.6876173,Bob,Search,61.71,35.16
1786001894.6876204,Emma,Purchase,35.07,54.06
1786001894.6876233,Alice,Purchase,79.91,70.67
1786001894.6876256,David,Logout,17.23,77.21
1786001894.6876283,David,View,48.33,25.9
1786001894.6876323,Charlie,Logout,77.15,31.44
1786001894.6876357,David,View,18.56,65.38
1786001894.6876385,Charlie,Purchase,80.82,92.31
1786001894.6876411,Emma,Logout,68.87,92.67
1786001894.687644,David,Search,64.01,74.17
1786001894.6876478,Charlie,Purchase,84.58,89.86
1786001894.6876504,Bob,Purchase,64.47,76.12
1786001894.6876533,David,Logout,69.97,70.17
1786001894.6876562,Emma,Login,33.23,70.93
1786001894.687659,David,Search,86.05,47.21
1786001894.6876628,Alice,Purchase,18.38,38.68
1786001894.6876655,Bob,Search,48.5,83.77
1786001894.6876683,Alice,Purchase,52.28,68.87
1786001894.6876707,Emma,Logout,75.97,30.28
1786001894.6876736,Charlie,Logout,60.38,27.36
1786001894.687677,Emma,View,66.1,72.12
1786001894.6876795,Emma,Purchase,65.68,90.2
1786001894.6876826,Emma,Login,84.55,78.39
1786001894.687685,Charlie,Purchase,81.69,32.51
1786001894.6876876,Emma,Login,55.31,36.05
1786001894.6876903,Charlie,Logout,11.3,64.29
1786001894.6876929,Charlie,Search,69.7,73.25
1786001894.6876955,Emma,Logout,26.86,84.54
1786001894.6876981,Charlie,View,26.56,35.47
1786001894.687701,David,View,37.52,66.54
1786001894.6877036,David,Search,47.77,77.99
1786001894.687706,Bob,Login,67.81,56.75
1786001894.6877086,Charlie,Logout,56.64,63.33
1786001894.6877115,Charlie,View,44.25,92.65
1786001894.6877143,Alice,Purchase,15.88,87.51
1786001894.6877167,Emma,Login,64.3,35.59
1786001894.6877196,David,View,42.99,53.7
1786001894.6877244,Alice,Login,61.8,75.13
1786001894.6877272,Charlie,View,13.71,88.28
1786001894.6877298,Emma,View,43.09,26.73
1786001894.6877325,David,Logout,80.81,89.3
1786001894.6877358,Charlie,Search,29.21,70.51
1786001894.6877387,Alice,Purchase,58.57,39.29
1786001894.6877413,Bob,Purchase,77.98,29.3
1786001894.687744,Charlie,Logout,65.52,20.74
1786001894.6877475,David,View,22.89,23.87
1786001894.6877503,Bob,View,34.72,83.63
1786001894.6877532,Charlie,Search,26.3,39.08
1786001894.6877558,David,Search,69.26,41.18
1786001894.6877584,Bob,Purchase,57.83,29.06
1786001894.6877608,Bob,Search,36.8,31.94
1786001894.687764,Bob,Login,81.21,74.08
1786001894.6877666,David,Purchase,24.74,46.81
1786001894.6877692,David,Search,81.87,40.84
1786001894.6877718,David,View,25.74,77.98
1786001894.6877742,Charlie,Login,29.88,54.03
1786001894.687777,Alice,Logout,48.72,62.96
1786001894.6877813,Alice,Logout,16.08,73.48
1786001894.6877842,Bob,View,68.4,80.87
1786001894.687787,Alice,Purchase,75.58,68.06
1786001894.68779,Emma,View,43.93,51.2
1786001894.6877925,David,View,87.29,71.08
1786001894.6877952,Bob,Logout,50.29,42.43
1786001894.6877978,Alice,Login,65.75,21.87
1786001894.6878004,Bob,Login,48.6,78.04
1786001894.687803,Bob,Logout,64.17,33.33
1786001894.6878057,Charlie,View,36.73,86.4
1786001894.6878083,David,Purchase,24.48,53.61
1786001894.6878111,Alice,Purchase,23.48,36.99
1786001894.6878154,Bob,Logout,75.69,66.42
1786001894.6878185,Charlie,Search,18.3,31.44
1786001894.6878211,David,Logout,80.01,78.04
1786001894.6878238,David,Purchase,64.34,24.04
1786001894.6878262,Charlie,View,65.13,27.19
1786001894.6878302,Charlie,Logout,87.5,38.81
1786001894.687833,Emma,Purchase,67.69,60.96
1786001894.6878362,Bob,Search,26.19,91.13
1786001894.6878388,Bob,Login,49.93,66.51
1786001894.6878417,Bob,Logout,51.23,92.77
1786001894.687844,Bob,Purchase,78.82,73.16
1786001894.687847,David,Search,15.35,59.62
1786001894.6878495,Bob,Purchase,72.53,66.6
1786001894.6878521,Alice,Login,36.74,31.01
1786001894.6878545,Bob,Search,36.56,21.27
1786001894.6878574,Alice,View,26.34,79.68
1786001894.68786,Bob,Login,21.65,65.76
1786001894.6878629,Emma,Logout,22.09,80.76
1786001894.687865,David,Logout,67.27,58.99
1786001894.6878731,Emma,View,61.79,72.35
1786001894.6878757,Emma,Login,80.14,76.4
1786001894.6878788,Emma,Login,62.8,87.78
1786001894.6878815,Bob,View,77.34,79.46
1786001894.687884,David,Purchase,20.83,71.72
1786001894.687887,Charlie,Purchase,15.33,86.24
1786001894.6878893,Emma,Purchase,81.09,89.41
1786001894.6878917,Emma,Search,10.6,63.03
1786001894.6878943,Bob,Purchase,53.06,56.49
1786001894.6878967,Bob,Search,37.37,31.08
1786001894.6878998,Bob,Logout,49.06,49.28
1786001894.6879044,Alice,Logout,49.2,49.69
1786001894.6879086,Emma,Logout,76.55,69.34
1786001894.6879113,David,View,64.6,90.08
1786001894.687914,David,Logout,79.68,52.08
1786001894.6879168,Emma,Login,47.67,47.14
1786001894.6879194,Bob,Search,33.45,40.88
1786001894.687922,Bob,Login,83.45,42.63
1786001894.6879246,David,Logout,68.83,49.01
1786001894.6879275,Bob,Purchase,23.03,92.68
1786001894.6879303,Bob,View,83.34,74.0
1786001894.687933,Emma,Purchase,45.79,94.73
1786001894.6879356,Bob,Login,88.47,53.63
1786001894.687938,Alice,Login,41.04,28.32
1786001894.6879408,David,Logout,40.21,56.78
1786001894.6879435,Alice,Login,57.82,93.59
1786001894.687946,Alice,Search,49.77,80.84
1786001894.6879485,Bob,Purchase,16.44,90.39
1786001894.687951,Charlie,Logout,53.14,24.44
1786001894.687954,Alice,Login,53.26,71.11
1786001894.6879566,David,View,62.93,33.45
1786001894.68796,Bob,Logout,53.55,26.32
1786001894.6879625,Charlie,Logout,13.61,77.94
1786001894.6879652,Bob,Purchase,14.04,88.08
1786001894.6879678,David,View,89.84,42.5
1786001894.6879704,Charlie,Login,79.19,26.92
1786001894.687973,Bob,Purchase,12.43,63.24
1786001894.6879754,Alice,Search,34.89,72.35
1786001894.6879783,Emma,Login,16.17,75.79
1786001894.6879807,Charlie,View,58.77,80.39
1786001894.6879833,David,Logout,54.13,72.98
1786001894.6879861,Emma,Logout,30.74,36.28
1786001894.6879885,David,Logout,36.81,77.7
1786001894.687992,Alice,Login,37.2,71.89
1786001894.6879961,Emma,Login,31.25,81.58
1786001894.6879992,Bob,Purchase,45.27,23.22
1786001894.688002,Emma,View,74.73,51.45
1786001894.688005,Bob,Login,89.89,20.35
1786001894.6880093,Alice,Purchase,19.58,58.23
1786001894.688012,David,Login,10.62,20.17
1786001894.688016,Bob,Login,40.2,48.46
1786001894.6880183,Emma,Login,17.46,41.44
1786001894.6880217,Bob,Login,67.98,61.94
1786001894.6880243,David,Login,61.11,40.97
1786001894.6880286,Charlie,Logout,45.09,47.45
1786001894.6880312,Charlie,Search,19.45,61.56
1786001894.688034,Bob,Purchase,63.59,59.65
1786001894.688037,Bob,Login,70.9,65.7
1786001894.6880395,Emma,Search,77.64,21.38
1786001894.6880424,Charlie,Login,39.02,79.15
1786001894.6880448,Charlie,Purchase,20.25,25.11
1786001894.6880476,Alice,View,55.65,83.19
1786001894.6880503,Emma,Purchase,43.62,33.62
1786001894.688053,Emma,Login,29.11,87.25
1786001894.6880555,Alice,Login,55.78,69.08
1786001894.6880581,Bob,Search,48.89,73.03
1786001894.688061,Emma,Search,53.82,89.75
1786001894.6880634,Bob,Purchase,46.73,45.79
1786001894.688066,David,Login,32.36,59.46
1786001894.6880689,Bob,Logout,37.92,90.26
1786001894.6880715,David,Search,23.33,68.75
1786001894.6880739,Emma,Search,70.49,37.25
1786001894.6880772,Alice,View,89.9,54.36
1786001894.68808,David,Search,36.63,90.46
1786001894.6880827,Charlie,Search,29.67,67.51
1786001894.6880853,Bob,Search,29.12,46.42
1786001894.6880891,Charlie,Login,20.03,52.54
1786001894.688092,David,Logout,66.35,69.26
1786001894.6880944,Bob,Purchase,24.98,27.41
1786001894.6880977,David,Logout,88.67,82.9
1786001894.6881003,Charlie,Logout,75.13,56.05
1786001894.688103,Bob,Logout,71.92,45.23
1786001894.6881056,Charlie,Login,17.67,88.63
1786001894.6881082,Charlie,Logout,66.88,32.67
1786001894.6881108,David,View,85.15,84.18
1786001894.6881137,David,Search,65.73,91.36
1786001894.6881166,Alice,Search,85.08,52.73
1786001894.688119,Charlie,Search,37.81,68.65
1786001894.6881216,Emma,View,62.66,36.76
1786001894.6881244,Charlie,Purchase,66.31,64.15
1786001894.688127,Emma,Purchase,76.11,48.54
1786001894.6881294,Bob,Logout,53.3,58.01
1786001894.688132,Alice,Purchase,27.19,68.99
1786001894.6881351,David,Purchase,50.24,81.33
1786001894.6881378,David,Purchase,26.84,67.63
1786001894.6881406,Alice,Login,21.93,26.4
1786001894.688143,Bob,View,88.0,43.43
1786001894.6881533,Charlie,View,83.97,70.17
1786001894.6881561,David,View,64.32,32.1
1786001894.688159,Alice,Login,37.62,90.95
1786001894.6881616,Emma,Purchase,39.58,79.31
1786001894.6881642,Bob,Search,15.75,81.81
1786001894.6881673,Alice,Search,56.46,87.86
1786001894.68817,Bob,Purchase,18.37,71.57
1786001894.6881726,Emma,View,15.14,60.49
1786001894.6881754,Bob,View,12.93,87.31
1786001894.6881778,David,Login,23.51,31.37
1786001894.688181,Emma,Logout,67.04,26.6
1786001894.6881864,Charlie,Search,85.46,94.19
1786001894.6881893,Alice,Logout,11.34,38.29
1786001894.6881917,David,View,57.37,69.19
1786001894.6881948,Charlie,Login,37.56,57.29
1786001894.6881974,Charlie,Logout,29.58,63.07
1786001894.6881998,Alice,Login,26.84,64.87
1786001894.6882048,Emma,Search,37.16,44.69
1786001894.6882076,Bob,Logout,46.11,60.67
1786001894.6882105,Alice,Login,38.84,49.72
1786001894.688213,Emma,View,66.76,84.97
1786001894.6882157,Charlie,Login,78.71,58.33
1786001894.688218,Emma,Purchase,76.76,65.95
1786001894.688221,David,View,45.31,32.59
1786001894.6882236,Bob,Search,85.83,89.6
1786001894.6882262,David,View,37.4,50.58
1786001894.688229,Emma,Purchase,34.86,81.73
1786001894.6882315,David,Login,42.56,31.68
1786001894.688234,Emma,Search,14.79,75.64
1786001894.6882367,Emma,View,67.98,80.27
1786001894.6882393,Charlie,Search,13.75,71.88
1786001894.688242,Charlie,Purchase,61.09,82.41
1786001894.6882453,Charlie,Login,67.99,71.14
1786001894.688248,Bob,Logout,44.55,67.47
1786001894.6882503,David,Search,23.27,37.45
1786001894.688253,Emma,Purchase,34.61,41.01
1786001894.6882555,Charlie,Search,33.06,31.83
1786001894.688258,Alice,View,36.86,30.95
1786001894.6882606,Emma,Logout,53.47,32.59
1786001894.6882632,Alice,Purchase,38.54,56.88
1786001894.688266,Alice,Search,51.32,20.59
1786001894.6882694,Alice,Logout,52.16,28.94
1786001894.688276,David,Logout,11.37,47.67
1786001894.6882787,David,Logout,64.69,83.09
1786001894.6882813,David,Login,65.96,38.11
1786001894.688284,Charlie,Login,18.4,94.63
1786001894.6882868,Alice,View,33.11,87.18
1786001894.6882892,David,Search,52.47,36.88
1786001894.6882923,Bob,Logout,41.04,58.55
1786001894.6882951,Alice,Logout,66.47,70.5
1786001894.688298,Emma,Search,24.21,47.76
1786001894.6883006,Alice,Logout,70.0,94.61
1786001894.688303,Charlie,Search,85.6,55.67
1786001894.688306,Charlie,Logout,39.58,59.25
1786001894.6883085,Emma,Search,28.74,27.91
1786001894.6883113,Charlie,View,32.38,71.25
1786001894.6883142,David,Search,72.85,87.22
1786001894.6883168,Emma,Purchase,50.98,59.6
1786001894.6883194,Emma,Login,81.21,48.49
1786001894.688322,Bob,Login,84.16,77.85
1786001894.688325,Alice,Logout,45.39,33.31
1786001894.6883273,David,Login,82.28,50.38
1786001894.68833,Bob,Logout,17.88,20.91
1786001894.6883326,Alice,Login,31.44,62.3
1786001894.6883354,Charlie,Purchase,37.39,47.73
1786001894.6883378,Bob,Search,58.76,76.87
1786001894.6883404,Emma,Purchase,25.16,70.92
1786001894.688343,David,Login,15.72,42.3
1786001894.6883457,Bob,Purchase,24.53,46.03
1786001894.6883485,Charlie,Purchase,51.39,41.78
1786001894.688351,David,Search,54.79,70.66
1786001894.6883538,Alice,View,29.89,40.28
1786001894.6883564,Alice,Logout,65.1,77.58
1786001894.6883585,Charlie,Purchase,38.93,26.62
1786001894.6883667,Charlie,Purchase,48.99,77.67
1786001894.68837,David,Purchase,49.67,62.31
1786001894.6883729,Alice,Purchase,35.96,34.9
1786001894.6883757,Bob,View,26.87,59.15
1786001894.6883786,Charlie,Purchase,68.78,25.83
1786001894.6883812,Bob,Purchase,16.9,89.76
1786001894.6883852,Emma,Logout,51.82,24.35
1786001894.688388,David,Login,25.24,66.97
1786001894.688391,David,Logout,80.48,64.56
1786001894.6883938,Alice,Logout,40.88,68.86
1786001894.6883981,Charlie,View,55.77,90.54
1786001894.688401,Bob,Search,15.18,74.15
1786001894.6884034,Emma,View,81.99,81.77
1786001894.688406,Alice,Login,62.93,46.61
1786001894.6884086,Bob,Search,16.63,79.32
1786001894.6884112,Emma,Search,17.7,78.98
1786001894.6884139,Bob,Logout,14.64,29.81
1786001894.6884165,Emma,Logout,53.65,83.61
1786001894.688419,Charlie,Login,31.2,25.31
1786001894.6884222,Charlie,Logout,71.62,25.61
1786001894.6884246,Emma,Search,56.41,29.85
1786001894.6884274,Alice,Logout,86.95,58.41
1786001894.68843,Alice,Logout,54.37,66.49
1786001894.6884327,Alice,View,61.01,20.1
1786001894.6884353,Alice,Search,16.45,28.05
1786001894.6884377,Bob,Login,26.64,79.63
1786001894.6884403,Charlie,View,34.14,85.11
1786001894.688443,Alice,Search,24.93,55.97
1786001894.688445,Alice,Login,63.21,83.65
1786001894.688448,Bob,View,35.92,51.13
1786001894.6884506,Charlie,Login,10.42,42.33
1786001894.6884532,Alice,Login,80.31,20.68
1786001894.688457,Bob,Purchase,24.92,85.68
1786001894.6884599,Emma,View,10.22,88.46
1786001894.6884623,Bob,View,42.36,83.18
1786001894.6884654,Alice,View,15.68,93.22
1786001894.6884677,Emma,Login,56.42,23.71
1786001894.6884706,Bob,Login,88.67,27.09
1786001894.6884735,Bob,View,57.27,90.22
1786001894.6884758,Charlie,Logout,34.74,51.79
1786001894.6884782,Alice,Logout,85.79,73.9
1786001894.688481,Emma,View,84.33,86.76
1786001894.6884835,Alice,Search,47.59,27.37
1786001894.688486,Bob,Login,44.91,93.16
1786001894.6884887,Bob,Purchase,23.15,60.81
1786001894.6884913,Alice,View,18.32,92.31
1786001894.6884937,Bob,Search,34.81,57.98
1786001894.688497,David,Search,56.78,93.22
1786001894.6884997,Emma,Purchase,77.38,60.92
1786001894.6885023,Charlie,Login,24.88,32.66
1786001894.688505,Emma,Logout,22.08,32.52
1786001894.6885073,Charlie,Login,65.48,56.43
1786001894.6885102,Charlie,View,89.7,50.6
1786001894.6885145,Alice,Purchase,30.49,31.3
1786001894.6885176,David,Search,11.13,69.45
1786001894.6885204,Alice,View,21.29,65.3
1786001894.6885235,Emma,Login,74.53,33.21
1786001894.6885262,Bob,Logout,67.34,22.34
1786001894.688529,Bob,Purchase,19.42,70.45
1786001894.6885316,Alice,Logout,81.0,47.56
1786001894.6885343,David,Login,41.23,29.35
1786001894.688537,Emma,Login,63.0,55.3
1786001894.6885395,Bob,Purchase,83.07,25.03
1786001894.6885421,David,Search,35.95,82.08
1786001894.6885464,Charlie,Logout,51.33,45.48
1786001894.688549,David,Purchase,49.17,44.52
1786001894.6885514,Alice,Logout,71.35,75.77
1786001894.688554,Bob,Logout,84.59,81.6
1786001894.6885571,Emma,Logout,53.54,75.65
1786001894.6885598,Bob,Login,70.72,50.76
1786001894.6885638,David,Purchase,30.08,29.98
1786001894.6885662,Emma,Purchase,10.52,84.15
1786001894.688569,David,Search,39.45,39.05
1786001894.688572,David,Login,73.17,87.9
1786001894.6885746,Bob,Logout,47.6,59.38
1786001894.6885772,Bob,View,41.63,39.17
1786001894.6885796,Emma,View,30.89,52.76
1786001894.6885827,Alice,Login,45.26,75.54
1786001894.6885853,David,Purchase,87.09,73.73
1786001894.6885877,David,View,88.69,81.53
1786001894.6885903,Emma,Purchase,38.23,71.67
1786001894.688593,David,Login,67.47,57.7
1786001894.6885955,Charlie,Login,68.5,39.25
1786001894.6885982,David,Logout,80.4,42.46
1786001894.688601,David,Logout,87.18,80.87
1786001894.688604,Emma,Login,66.78,28.05
1786001894.6886067,Emma,Purchase,76.66,64.94
1786001894.6886091,Emma,Purchase,27.61,63.37
1786001894.6886117,Alice,Search,46.15,37.68
1786001894.6886144,Alice,Login,42.66,22.86
1786001894.6886172,Bob,Search,72.42,93.69
1786001894.6886199,Bob,Search,75.15,47.82
1786001894.6886222,Bob,Logout,87.7,29.82
1786001894.6886249,Bob,Purchase,55.22,47.7
1786001894.6886272,Charlie,Logout,86.48,92.59
1786001894.6886313,David,View,42.62,64.15
1786001894.6886353,Charlie,Search,60.95,40.97
1786001894.6886384,Emma,Purchase,26.76,32.79
1786001894.688641,Alice,Login,22.2,92.22
1786001894.6886437,David,Logout,53.42,70.77
1786001894.688646,Emma,Logout,28.5,62.15
1786001894.688649,David,Login,38.81,38.22
1786001894.6886516,Bob,Login,44.51,68.34
1786001894.6886542,Emma,Logout,32.27,35.24
1786001894.6886568,Charlie,View,29.84,45.85
1786001894.6886597,Charlie,Logout,88.01,25.87
1786001894.6886623,Emma,Search,23.68,39.54
1786001894.688665,Bob,Login,26.62,28.43
1786001894.6886673,Alice,Login,68.27,73.05
1786001894.6886697,Charlie,Search,33.66,89.09
1786001894.6886728,David,View,55.56,39.65
1786001894.6886754,Charlie,Login,23.41,45.7
1786001894.688678,Alice,View,52.48,93.9
1786001894.688681,David,Purchase,54.81,41.85
1786001894.6886837,Alice,Logout,69.61,65.3
1786001894.6886864,Charlie,Search,65.09,51.85
1786001894.6886892,David,Purchase,75.94,48.1
1786001894.6886914,Charlie,Logout,70.34,81.12
1786001894.688694,Emma,Search,41.01,38.9
1786001894.6886966,Bob,Login,11.27,37.13
1786001894.6886992,David,Logout,51.59,26.9
1786001894.6887016,David,Login,73.6,47.03
1786001894.6887043,Emma,Purchase,36.72,71.7
1786001894.688707,Emma,Purchase,57.51,64.98
1786001894.6887093,Charlie,View,60.41,33.95
1786001894.6887121,David,Logout,56.44,27.92
1786001894.6887147,Bob,Purchase,37.46,29.49
1786001894.6887186,Bob,View,23.41,62.98
1786001894.6887217,Alice,Search,30.27,70.15
1786001894.6887243,David,View,65.81,75.27
1786001894.688727,Emma,Search,69.39,45.17
1786001894.6887295,Alice,Purchase,34.86,69.61
1786001894.688732,Emma,Search,66.28,36.59
1786001894.6887348,David,Logout,44.67,60.56
1786001894.6887388,Charlie,View,67.0,30.57
1786001894.6887426,Charlie,Logout,29.14,34.99
1786001894.6887455,Charlie,View,53.04,56.36
1786001894.6887484,Emma,Search,81.88,59.79
1786001894.6887534,David,Purchase,59.12,80.95
1786001894.6887562,Bob,Search,63.13,87.92
1786001894.6887589,Charlie,Purchase,22.53,71.08
1786001894.6887617,Charlie,Logout,87.01,72.65
1786001894.688764,Bob,Logout,30.63,65.45
1786001894.6887667,David,Logout,30.69,57.06
1786001894.6887698,Charlie,View,63.07,42.51
1786001894.6887724,Bob,Purchase,44.52,26.67
1786001894.6887755,David,Search,83.49,85.95
1786001894.688778,David,Login,37.55,24.41
1786001894.6887808,Charlie,Search,33.28,87.65
1786001894.6887834,Bob,Logout,56.67,87.08
1786001894.6887863,Emma,Search,12.27,30.04
1786001894.6887887,David,Search,40.57,72.3
1786001894.6887913,Charlie,Search,10.95,84.87
1786001894.688794,Bob,Login,18.22,92.54
1786001894.6887965,Emma,View,79.31,79.17
1786001894.688799,David,View,54.16,50.21
1786001894.6888018,Alice,Purchase,15.27,74.97
1786001894.6888044,Bob,Search,71.69,49.75
1786001894.6888068,Bob,Purchase,49.73,68.6
1786001894.6888108,Emma,Logout,68.04,57.75
1786001894.688814,Charlie,Purchase,75.7,32.35
1786001894.6888163,David,Login,18.0,45.44
1786001894.6888192,David,Login,12.31,55.11
1786001894.688822,Alice,Purchase,25.71,60.07
1786001894.6888244,Emma,Logout,14.46,21.33
1786001894.688827,David,Search,79.16,22.49
1786001894.6888297,Alice,Search,85.38,42.17
1786001894.6888323,Alice,Login,52.3,31.16
1786001894.688835,David,Search,85.34,51.77
1786001894.6888375,Bob,Search,33.95,80.91
1786001894.6888404,Emma,Login,81.25,56.0
1786001894.6888433,David,Search,14.41,47.29
1786001894.688846,David,View,12.02,85.03
1786001894.6888485,David,View,42.21,38.94
1786001894.6888509,Emma,Purchase,82.07,34.25
1786001894.6888535,Charlie,View,34.51,39.54
1786001894.688856,David,View,18.02,87.95
1786001894.688859,Alice,View,48.21,88.41
1786001894.6888614,Emma,View,81.76,94.19
1786001894.6888638,David,Logout,15.75,34.53
1786001894.6888735,Emma,View,85.89,88.15
1786001894.688877,Emma,Search,47.39,47.61
1786001894.6888797,David,Logout,25.3,27.81
1786001894.6888824,Alice,View,30.03,70.08
1786001894.688885,David,Purchase,39.68,80.71
1786001894.6888876,Alice,Search,25.17,70.59
1786001894.6888902,Bob,Logout,88.64,88.84
1786001894.6888928,Charlie,View,84.17,24.67
1786001894.6888955,Emma,View,62.67,23.7
1786001894.6888983,Alice,Logout,41.4,64.39
1786001894.6889014,Bob,Logout,44.1,63.95
1786001894.68891,Alice,Purchase,29.37,30.6
1786001894.6889129,David,Purchase,71.14,67.27
1786001894.6889155,Emma,View,43.18,91.55
1786001894.6889186,Alice,View,20.58,60.54
1786001894.688921,Alice,Logout,66.58,51.24
1786001894.6889236,Charlie,Purchase,31.13,48.46
1786001894.6889267,David,Logout,82.4,52.14
1786001894.6889307,Alice,Logout,18.68,25.14
1786001894.6889336,Alice,Logout,33.82,39.21
1786001894.6889365,Emma,Search,29.63,71.31
1786001894.688939,Bob,Login,25.36,56.87
1786001894.6889417,Bob,Login,17.0,78.35
1786001894.6889443,Charlie,Login,60.11,69.09
1786001894.688947,Alice,Search,44.8,35.12
1786001894.6889496,Emma,View,49.56,38.53
1786001894.688952,Bob,Login,33.57,50.26
1786001894.6889546,Emma,Logout,62.09,46.41
1786001894.6889572,David,Logout,42.11,40.13
1786001894.6889598,Bob,Login,52.47,49.8
1786001894.6889622,Charlie,Purchase,88.12,36.68
1786001894.688965,Alice,View,75.89,81.23
1786001894.6889682,Bob,Search,67.3,53.35
1786001894.6889708,Emma,Login,45.9,65.62
1786001894.6889737,David,View,73.9,30.86
1786001894.6889763,Bob,View,73.8,68.28
1786001894.6889791,David,Purchase,59.72,70.36
1786001894.6889815,Emma,View,39.79,29.0
1786001894.6889844,Charlie,Purchase,66.36,85.28
1786001894.6889865,Bob,View,58.14,57.86
1786001894.6889892,Bob,Logout,62.86,29.78
1786001894.688992,Charlie,Search,46.05,58.8
1786001894.6889968,Bob,Search,78.86,22.95
1786001894.6890013,David,Logout,87.68,33.81
1786001894.6890037,David,Logout,26.26,77.11
1786001894.6890063,Bob,View,76.24,55.63
1786001894.6890094,Emma,View,14.9,42.1
1786001894.689012,Bob,View,49.9,75.74
1786001894.6890147,Bob,Search,31.34,60.51
1786001894.689017,Bob,Purchase,82.89,27.37
1786001894.68902,Alice,Purchase,58.74,88.94
1786001894.6890228,Emma,Search,32.33,44.82
1786001894.6890252,David,Search,78.73,58.83
1786001894.6890278,Alice,Purchase,31.94,26.83
1786001894.6890304,Bob,Login,86.54,64.45
1786001894.689033,Bob,Search,64.05,27.91
1786001894.689036,Emma,Login,10.35,36.3
1786001894.6890385,Charlie,Login,50.7,70.24
1786001894.6890411,Emma,Login,18.53,25.41
1786001894.6890438,Charlie,Logout,15.21,84.84
1786001894.6890466,Charlie,Purchase,67.02,52.58
1786001894.689049,David,Purchase,28.8,32.43
1786001894.6890514,Charlie,Login,66.81,92.33
1786001894.689054,Bob,Search,42.06,80.31
1786001894.6890564,Charlie,Login,36.65,47.83
1786001894.6890593,David,Search,33.18,54.49
1786001894.689062,Alice,Search,54.81,51.37
1786001894.689065,Bob,Search,21.14,73.1
1786001894.6890678,David,Purchase,12.62,83.95
1786001894.6890707,Charlie,Logout,68.68,61.93
1786001894.689073,Emma,Logout,53.92,59.77
1786001894.689076,Charlie,Login,18.7,88.18
1786001894.6890786,Bob,Login,28.89,34.51
1786001894.6890814,David,Login,29.0,27.87
1786001894.6890852,Charlie,Login,52.89,49.36
1786001894.689088,Alice,Logout,63.84,90.42
1786001894.6890907,Emma,Logout,64.42,94.69
1786001894.6890945,Charlie,Search,72.45,39.99
1786001894.6890972,Alice,Search,46.13,53.14
1786001894.6891003,Alice,View,88.65,39.66
1786001894.6891031,Bob,Purchase,26.45,82.8
1786001894.6891074,David,Login,76.75,53.82
1786001894.6891108,Bob,View,30.06,54.77
1786001894.689114,David,Search,23.44,85.63
1786001894.6891167,Emma,View,42.39,61.13
1786001894.6891189,Emma,Search,54.59,29.16
1786001894.6891234,David,Login,12.0,27.21
1786001894.6891265,David,Login,31.43,64.16
1786001894.689129,Bob,Logout,24.52,78.39
1786001894.689132,Bob,View,36.4,49.34
1786001894.6891346,David,Login,12.89,83.59
1786001894.6891372,Charlie,Purchase,28.99,23.91
1786001894.6891406,Alice,Search,78.23,74.7
1786001894.6891437,David,Logout,66.43,50.77
1786001894.689146,Bob,Search,39.08,90.31
1786001894.689149,Emma,Purchase,13.32,79.83
1786001894.689152,Alice,Purchase,23.22,27.83
1786001894.6891549,Charlie,View,70.13,94.58
1786001894.6891575,David,Purchase,85.66,36.79
1786001894.6891599,Charlie,Purchase,24.73,21.18
1786001894.6891625,Emma,Search,76.8,59.01
1786001894.6891654,David,Purchase,55.66,69.26
1786001894.689168,Alice,Login,22.31,47.42
1786001894.6891706,Bob,Search,67.41,48.72
1786001894.689173,David,Search,79.04,64.37
1786001894.6891758,Emma,Login,13.3,33.22
1786001894.68918,Emma,Purchase,39.82,64.32
1786001894.6891832,Alice,Logout,23.93,77.47
1786001894.6891859,David,Search,37.26,83.13
1786001894.6891887,David,Purchase,39.6,33.77
1786001894.6891913,David,Logout,88.62,57.43
1786001894.689194,Alice,View,58.01,64.44
1786001894.6891966,Alice,Login,43.64,38.74
1786001894.6891992,David,Login,54.59,67.92
1786001894.6892016,Charlie,Purchase,76.07,55.68
1786001894.6892045,David,Login,32.31,77.11
1786001894.6892073,Alice,Purchase,82.2,88.59
1786001894.68921,Emma,Search,56.98,38.29
1786001894.6892123,Emma,Login,59.02,58.61
1786001894.689215,Emma,Search,30.15,29.46
1786001894.6892176,Emma,Purchase,25.69,90.52
1786001894.6892202,Emma,View,63.65,75.44
1786001894.6892226,Alice,Purchase,70.32,65.4
1786001894.6892252,Emma,Search,49.71,52.83
1786001894.6892278,Emma,Login,44.16,33.3
1786001894.68923,David,View,43.66,84.88
1786001894.6892333,Charlie,Purchase,19.08,48.72
1786001894.689236,Charlie,Logout,64.14,77.35
1786001894.6892402,Alice,Login,31.6,64.84
1786001894.689243,Bob,Search,24.97,81.57
1786001894.6892457,Charlie,Login,15.65,29.29
1786001894.6892483,Bob,Logout,16.36,62.29
1786001894.6892507,Bob,Purchase,18.83,77.76
1786001894.6892538,David,Login,54.27,81.05
1786001894.6892567,David,View,53.65,78.82
1786001894.6892595,Emma,Search,39.1,53.07
1786001894.6892622,Emma,Login,72.97,65.92
1786001894.689265,David,Purchase,70.61,40.29
1786001894.6892695,Charlie,Logout,29.03,67.31
1786001894.6892724,Emma,Login,37.81,75.99
1786001894.689275,Alice,View,62.76,85.48
1786001894.689278,David,Purchase,20.33,69.7
1786001894.6892805,Bob,View,76.72,50.53
1786001894.6892831,David,Login,69.78,94.93
1786001894.689286,David,Search,47.53,64.64
1786001894.68929,David,Login,78.01,38.52
1786001894.689293,Alice,Search,78.85,92.26
1786001894.6892955,Alice,Login,14.77,71.62
1786001894.6892982,Emma,View,24.47,57.76
1786001894.689301,Alice,View,40.46,39.13
1786001894.6893036,Alice,Logout,57.5,87.79
1786001894.689306,Alice,View,23.4,20.69
1786001894.6893086,Alice,View,14.16,93.24
1786001894.689311,Alice,Logout,65.72,20.63
1786001894.6893137,Alice,Purchase,22.54,73.1
1786001894.689316,Alice,Login,61.74,85.93
1786001894.6893187,David,Purchase,80.94,42.3
1786001894.6893213,David,Purchase,69.68,89.25
1786001894.6893237,Alice,Login,62.07,22.86
1786001894.689326,Emma,Login,53.58,72.03
1786001894.6893287,Charlie,View,28.66,85.13
1786001894.6893313,Charlie,Purchase,57.65,65.0
1786001894.689334,Emma,Purchase,71.85,47.49
1786001894.6893368,Charlie,Logout,33.44,78.89
1786001894.6893394,David,View,32.85,25.23
1786001894.6893423,Bob,Search,64.65,29.41
1786001894.6893451,Emma,Search,29.18,86.12
1786001894.6893475,David,Search,50.14,89.61
1786001894.6893504,Bob,Logout,57.26,35.1
1786001894.6893544,Bob,Login,12.2,62.95
1786001894.689359,Bob,Purchase,30.92,46.99
1786001894.6893616,Charlie,Login,12.67,91.02
1786001894.6893642,Charlie,Logout,28.26,60.48
1786001894.6893668,Alice,Search,24.24,26.49
1786001894.6893697,Bob,View,41.19,75.48
1786001894.689372,Emma,Search,79.13,48.02
1786001894.6893747,Bob,Purchase,13.4,76.38
1786001894.6893775,Charlie,Login,58.69,77.45
1786001894.6893802,Emma,View,13.08,46.1
1786001894.6893826,Emma,Search,50.0,24.12
1786001894.6893854,David,Search,32.55,27.1
1786001894.6893878,Bob,Search,62.86,59.92
1786001894.6893907,Charlie,Login,70.74,46.71
1786001894.6893935,Charlie,Purchase,68.5,25.1
1786001894.6893961,David,Logout,24.92,68.4
1786001894.6893988,Bob,Logout,64.59,36.53
1786001894.6894014,Alice,Logout,84.17,43.28
1786001894.6894042,Bob,View,78.66,70.06
1786001894.6894069,Charlie,Purchase,89.34,92.29
1786001894.6894097,Emma,Logout,50.8,27.26
1786001894.6894124,Bob,View,25.17,72.42
1786001894.6894152,Bob,Login,23.39,51.87
1786001894.689418,Alice,Logout,19.79,61.89
1786001894.6894207,Bob,Logout,33.35,78.3
1786001894.6894233,Emma,Login,37.87,49.46
1786001894.6894262,Emma,Login,44.13,33.65
1786001894.6894288,David,Login,18.96,56.74
1786001894.689432,Emma,Login,77.28,91.82
1786001894.6894343,Emma,View,81.57,94.86
1786001894.689437,Alice,Purchase,24.38,34.67
1786001894.6894395,Bob,Logout,73.34,61.67
1786001894.6894436,Bob,View,27.04,40.06
1786001894.689447,Emma,Purchase,88.51,66.78
1786001894.6894498,Emma,Purchase,33.06,50.19
1786001894.6894522,David,Purchase,17.5,48.24
1786001894.689455,David,Login,38.64,30.78
1786001894.6894574,Alice,Logout,68.38,51.64
1786001894.68946,David,Logout,44.26,73.52
1786001894.6894631,Charlie,View,42.45,90.58
1786001894.689467,Charlie,Logout,48.98,50.13
1786001894.6894698,Bob,Search,22.06,75.3
1786001894.6894724,David,Purchase,39.42,35.68
1786001894.689475,Charlie,Search,74.86,82.69
1786001894.6894798,Alice,View,69.34,67.7
1786001894.6894825,Emma,Purchase,16.84,26.3
1786001894.6894853,Charlie,Search,71.22,66.08
1786001894.6894884,Alice,Purchase,34.02,25.19
1786001894.689491,Alice,Purchase,74.67,86.1
1786001894.6894934,Emma,Logout,66.02,77.28
1786001894.6894968,Alice,View,71.62,88.31
1786001894.6894996,David,Purchase,70.57,37.59
1786001894.6895022,Alice,Search,76.38,91.96
1786001894.6895049,Alice,Purchase,33.16,45.18
1786001894.6895072,Alice,Purchase,36.53,77.11
1786001894.68951,Bob,Purchase,33.07,32.17
1786001894.6895132,Charlie,Logout,47.58,67.93
1786001894.6895158,Charlie,Login,77.87,65.61
1786001894.6895187,David,Logout,18.52,50.69
1786001894.689521,Emma,Logout,27.78,32.21
1786001894.6895237,Charlie,Logout,26.2,81.55
1786001894.6895263,David,Login,25.29,55.84
1786001894.689529,Charlie,Logout,36.54,94.23
1786001894.6895316,Bob,Login,73.44,80.85
1786001894.689536,Charlie,View,65.68,45.37
1786001894.689539,David,Login,14.73,45.94
1786001894.6895418,Charlie,Purchase,13.88,59.93
1786001894.6895447,Emma,Search,83.17,67.11
1786001894.689547,Emma,Logout,73.38,82.35
1786001894.68955,Charlie,Purchase,35.92,82.88
1786001894.6895528,Alice,View,44.47,89.22
1786001894.6895552,Charlie,View,25.06,49.14
1786001894.6895578,David,Purchase,71.3,72.42
1786001894.6895604,Emma,View,16.58,49.61
1786001894.6895628,David,Search,74.98,51.38
1786001894.6895654,Emma,Login,55.95,85.18
1786001894.6895678,Charlie,Purchase,46.81,94.29
1786001894.6895702,David,View,64.32,22.33
1786001894.689573,Charlie,Logout,12.92,83.54
1786001894.6895754,Alice,Login,57.46,45.09
1786001894.689578,Alice,Search,14.84,41.28
1786001894.689581,Charlie,View,85.44,42.05
1786001894.6895833,David,View,18.3,29.24
1786001894.6895862,David,Login,48.23,48.88
1786001894.689589,Emma,Search,10.08,42.93
1786001894.6895916,Bob,Search,34.81,94.75
1786001894.6895943,Alice,Login,51.58,91.04
1786001894.6895993,Alice,Login,57.79,88.92
1786001894.6896021,Alice,View,47.44,43.28
1786001894.6896048,Emma,Search,53.49,66.92
1786001894.6896074,Alice,Logout,27.17,90.4
1786001894.6896098,David,Purchase,43.4,76.09
1786001894.6896129,Emma,Search,60.72,93.78
1786001894.6896152,Bob,View,32.61,23.15
1786001894.6896179,Charlie,Search,16.36,66.19
1786001894.6896205,Bob,Logout,54.72,48.57
1786001894.6896298,Alice,View,29.15,75.44
1786001894.6896327,Alice,Login,27.19,49.18
1786001894.6896355,Charlie,Login,50.29,67.74
1786001894.6896384,David,Logout,52.11,34.68
1786001894.6896415,Charlie,View,33.31,59.97
1786001894.6896443,Charlie,Purchase,40.71,24.87
1786001894.689647,David,Logout,68.28,52.16
1786001894.6896493,Emma,View,61.06,94.61
1786001894.6896524,Bob,View,15.11,93.73
1786001894.6896553,David,Purchase,47.28,53.15
1786001894.689658,Bob,Logout,64.87,49.94
1786001894.6896603,Charlie,Login,17.62,83.38
1786001894.6896627,David,Purchase,33.11,26.0
1786001894.6896656,Charlie,Login,12.45,85.59
1786001894.6896684,Emma,Logout,40.38,57.55
1786001894.6896718,Bob,Purchase,34.95,92.89
1786001894.6896744,Emma,Login,27.0,32.58
1786001894.689677,David,Login,25.44,89.56
1786001894.6896796,Bob,Login,58.31,59.89
1786001894.6896822,Emma,Login,76.38,80.2
1786001894.6896846,Emma,Logout,18.83,71.8
1786001894.6896875,David,Logout,11.84,20.11
1786001894.68969,Alice,Purchase,72.81,71.56
1786001894.6896927,Alice,Purchase,38.57,67.45
1786001894.6896951,Emma,Search,72.55,26.39
1786001894.6896977,Bob,Purchase,69.79,65.57
1786001894.6897006,Bob,View,58.7,94.62
1786001894.6897042,Alice,Purchase,16.3,25.12
1786001894.6897068,David,Logout,26.49,26.78
1786001894.6897094,Alice,Purchase,46.36,88.82
1786001894.689712,Emma,Logout,21.94,68.95
1786001894.6897151,Alice,Purchase,40.3,93.15
1786001894.6897175,David,View,13.51,38.71
1786001894.6897216,Alice,Logout,34.3,85.01
1786001894.6897244,Emma,Search,50.12,74.32
1786001894.6897273,Emma,Search,50.36,29.38
1786001894.6897297,Bob,Purchase,21.49,58.94
1786001894.6897323,Bob,Login,66.5,52.56
1786001894.6897354,Bob,Logout,82.92,42.21
1786001894.689738,Emma,Purchase,86.55,49.71
1786001894.6897407,Charlie,Purchase,45.02,82.75
1786001894.689743,Charlie,Login,77.81,42.31
1786001894.689746,Charlie,Logout,55.33,30.21
1786001894.6897483,David,Logout,51.02,29.59
1786001894.6897511,Bob,View,36.14,56.87
1786001894.6897533,Emma,Purchase,77.53,58.64
1786001894.6897562,David,Search,27.32,29.16
1786001894.6897588,David,Logout,47.09,41.58
1786001894.6897616,Alice,Logout,37.6,88.88
1786001894.6897643,David,Search,46.63,42.85
1786001894.689767,Emma,Logout,76.99,60.29
1786001894.6897695,David,Search,50.15,49.28
1786001894.6897724,Emma,Login,58.68,49.76
1786001894.6897745,Emma,Purchase,49.62,30.24
1786001894.6897776,Alice,View,79.35,68.9
1786001894.6897802,Bob,View,78.91,27.43
1786001894.689783,Alice,Logout,71.0,38.61
1786001894.689786,Alice,Search,10.39,55.34
1786001894.6897883,Emma,Search,30.35,39.31
1786001894.6897907,Emma,Logout,52.0,38.82
1786001894.6897936,Alice,View,29.8,73.76
1786001894.6897962,David,Logout,72.28,23.13
1786001894.6897986,Charlie,Logout,53.2,52.31
1786001894.6898017,David,Login,75.3,50.87
1786001894.6898043,David,View,47.77,90.23
1786001894.6898072,Alice,Purchase,80.98,93.59
1786001894.6898093,Alice,Login,17.86,92.1
1786001894.6898122,Alice,View,61.13,57.05
1786001894.6898148,Emma,View,74.12,83.51
1786001894.6898172,Alice,Login,89.71,44.6
1786001894.6898198,Charlie,Purchase,68.71,91.41
1786001894.6898227,Alice,Search,88.33,92.58
1786001894.6898255,Bob,Purchase,22.12,37.85
1786001894.6898282,Bob,Search,28.65,35.91
1786001894.689831,Charlie,Search,58.8,56.64
1786001894.6898339,Charlie,View,79.35,27.99
1786001894.6898365,David,View,84.27,24.23
1786001894.6898394,David,Search,43.38,26.99
1786001894.689842,Emma,View,28.16,48.71
1786001894.6898441,Emma,Purchase,12.67,56.58
1786001894.6898468,Emma,Search,55.58,90.85
1786001894.6898494,David,View,20.36,75.62
1786001894.689852,Emma,View,19.59,52.78
1786001894.6898544,Bob,Search,64.33,52.25
1786001894.689857,David,Purchase,64.59,63.69
1786001894.6898599,Bob,Login,21.24,32.81
1786001894.6898625,Bob,Login,23.01,83.6
1786001894.689865,Alice,Logout,63.06,91.46
1786001894.6899762,Emma,Search,35.03,43.78
1786001894.6899858,David,Login,82.23,28.32
1786001894.689991,Alice,Logout,56.31,20.27
1786001894.6899953,Charlie,Login,70.46,93.0
1786001894.6899993,Bob,View,81.11,24.91
1786001894.6900034,Alice,Login,65.05,73.97
1786001894.6900074,Bob,Logout,85.41,33.46
1786001894.690012,Emma,Login,71.07,51.63
1786001894.690016,Charlie,Login,72.64,44.24
1786001894.690024,Alice,Purchase,23.64,25.61
1786001894.69003,Emma,Logout,29.71,55.3
1786001894.6900346,David,Search,43.91,69.83
1786001894.6900394,Bob,Logout,44.44,42.98
1786001894.6900437,Charlie,Login,30.66,70.49
1786001894.6900537,Emma,Purchase,79.05,37.9
1786001894.6900582,Alice,Purchase,30.87,57.83
1786001894.6900628,Alice,Purchase,36.53,22.07
1786001894.6900678,Emma,View,63.31,88.73
1786001894.6900718,Emma,Logout,50.98,68.01
1786001894.6900756,Emma,View,55.62,50.56
1786001894.6900804,Charlie,Search,66.3,55.23
1786001894.690085,Alice,Search,52.55,78.6
1786001894.6900892,Bob,View,84.21,69.91
1786001894.690094,Charlie,Purchase,42.55,26.78
1786001894.6900985,Bob,Logout,67.25,38.77
1786001894.6901028,Emma,Search,39.14,61.52
1786001894.690107,Charlie,View,51.11,44.86
1786001894.6901116,Alice,Login,77.0,36.25
1786001894.6901164,Emma,Logout,88.33,73.57
1786001894.6901207,Alice,Search,50.88,48.7
1786001894.690126,Charlie,Purchase,50.41,33.28
1786001894.6901305,Charlie,Login,45.22,32.29
1786001894.6901348,Alice,Purchase,53.81,40.32
1786001894.6901405,Alice,Purchase,66.75,40.58
1786001894.690146,David,Search,80.89,45.04
1786001894.6901646,David,Login,26.62,61.16
1786001894.6901686,Alice,View,71.37,31.4
1786001894.690173,Bob,Logout,79.55,73.18
1786001894.6901772,Charlie,Purchase,53.03,88.7
1786001894.6901824,David,Purchase,37.93,58.52
1786001894.6901872,David,View,29.31,79.04
1786001894.690191,Bob,Logout,69.22,34.43
1786001894.6901958,Alice,View,58.31,25.27
1786001894.6902006,Emma,View,18.31,90.32
1786001894.6902049,Charlie,Login,56.7,93.8
1786001894.6902106,David,Purchase,11.91,38.88
1786001894.6902142,Emma,Search,54.37,75.52
1786001894.6902173,Emma,Purchase,39.33,86.82
1786001894.69022,Alice,Logout,49.79,43.76
1786001894.6902225,Charlie,Search,43.51,35.83
1786001894.6902251,David,Search,35.7,63.28
1786001894.6902277,David,Search,70.67,70.27
1786001894.6902304,Charlie,View,51.0,49.27
1786001894.690233,Charlie,Purchase,42.38,83.47
1786001894.6902359,Bob,View,79.59,22.27
1786001894.6902387,Charlie,Login,50.24,37.0
1786001894.6902416,Alice,View,68.77,39.09
1786001894.6902442,Bob,Search,49.6,62.55
1786001894.690247,Bob,View,76.29,33.31
1786001894.69025,Charlie,Logout,62.59,85.67
1786001894.6902528,David,Login,78.08,23.38
1786001894.6902554,Charlie,Login,44.18,84.65
1786001894.6902583,Alice,Logout,37.4,65.85
1786001894.690261,Bob,Search,34.07,74.79
1786001894.6902633,Charlie,Purchase,86.88,85.93
1786001894.690266,Charlie,Search,18.48,60.75
1786001894.6902688,Charlie,Search,18.75,69.46
1786001894.6902714,Emma,Logout,89.79,41.84
1786001894.690274,Alice,Login,30.48,71.3
1786001894.6902769,Charlie,Search,22.83,94.91
1786001894.69028,Emma,Search,59.21,27.77
1786001894.6902823,Emma,Purchase,63.06,79.72
1786001894.690285,David,View,78.53,41.74
1786001894.6902885,Alice,View,62.55,53.01
1786001894.690292,Emma,Login,88.9,26.0
1786001894.6902945,Charlie,Logout,81.66,39.42
1786001894.6902974,Emma,View,56.55,55.28
1786001894.6903,Emma,Logout,26.75,70.15
1786001894.6903024,Charlie,View,52.42,28.99
1786001894.6903052,Emma,Purchase,37.0,72.25
1786001894.6903079,Alice,View,29.97,81.62
1786001894.690311,Emma,Purchase,75.26,94.71
1786001894.6903138,Alice,Logout,41.03,41.69
1786001894.6903162,Emma,Login,13.89,94.92
1786001894.6903186,Bob,Purchase,64.96,48.01
1786001894.6903212,David,Logout,63.03,33.59
1786001894.690324,Charlie,Login,15.99,89.1
1786001894.6903265,Charlie,View,74.92,31.34
1786001894.690329,Alice,Search,16.6,42.18
1786001894.6903317,Charlie,Purchase,20.17,93.47
1786001894.6903346,Alice,Purchase,36.35,88.41
1786001894.690337,Bob,View,34.49,84.25
1786001894.6903396,Bob,View,13.8,89.32
1786001894.690342,Emma,Login,20.36,68.49
1786001894.6903443,Emma,Search,42.31,56.81
1786001894.6903472,Emma,Purchase,88.84,31.16
1786001894.6903498,David,Login,26.88,26.52
1786001894.6903524,David,Logout,88.53,47.43
1786001894.6903553,David,View,89.71,40.58
1786001894.6903577,Charlie,Search,45.49,86.24
1786001894.6903603,David,Purchase,18.07,30.41
1786001894.690363,Emma,Logout,44.04,46.18
1786001894.6903658,Charlie,Purchase,41.06,89.67
1786001894.690368,Charlie,Logout,83.95,35.1
1786001894.690371,David,Search,18.8,37.22
1786001894.6903734,Emma,Search,16.17,34.69
1786001894.6903763,David,Login,30.24,47.77
1786001894.6903784,Bob,Login,46.42,20.67
1786001894.6903813,Bob,Purchase,55.25,64.56
1786001894.6903841,Emma,Logout,58.66,51.96
1786001894.6903865,David,Purchase,71.26,83.99
1786001894.6903894,Bob,View,65.61,37.86
1786001894.690392,David,Purchase,14.68,29.18
1786001894.6903946,Charlie,Logout,64.7,82.16
1786001894.6903973,Emma,Search,84.85,20.96
1786001894.6904068,Charlie,Logout,83.83,92.82
1786001894.69041,David,Purchase,75.82,38.68
1786001894.6904128,Alice,Logout,89.62,46.1
1786001894.6904156,Charlie,Logout,19.78,81.79
1786001894.6904185,Emma,Purchase,44.48,62.17
1786001894.690421,Emma,Login,82.58,64.6
1786001894.6904237,Alice,Logout,55.99,73.75
1786001894.690426,Alice,Search,57.01,58.48
1786001894.6904287,Bob,Search,69.2,86.4
1786001894.6904328,Bob,Search,78.26,88.42
1786001894.6904354,Charlie,Purchase,25.85,44.83
1786001894.6904378,Alice,Purchase,58.55,82.34
1786001894.6904404,Charlie,Search,83.32,64.54
1786001894.690443,Alice,Logout,52.2,49.73
1786001894.6904457,David,Search,42.76,76.76
1786001894.690448,Bob,Login,37.04,91.36
1786001894.6904507,David,Search,40.33,35.59
1786001894.6904535,Charlie,View,47.17,56.85
1786001894.6904564,Charlie,Logout,16.02,45.14
1786001894.6904595,David,Purchase,30.04,69.28
1786001894.690462,David,Search,46.77,46.51
1786001894.6904645,Bob,Purchase,60.8,57.37
1786001894.6904674,Charlie,Login,49.91,34.83
1786001894.6904697,Alice,Login,24.44,65.76
1786001894.6904724,David,Purchase,80.34,81.84
1786001894.690475,Emma,Purchase,83.42,46.34
1786001894.690478,David,Login,87.61,45.73
1786001894.6904874,David,Search,67.38,72.61
1786001894.6904912,Charlie,Search,35.52,82.49
1786001894.6904962,David,Logout,29.23,94.89
1786001894.690501,Alice,Login,17.94,69.12
1786001894.6905034,Emma,Purchase,73.38,33.9
1786001894.690506,Emma,View,59.72,77.68
1786001894.6905086,Bob,Login,15.33,46.49
1786001894.690511,Emma,Logout,42.73,36.71
1786001894.6905138,Alice,Search,50.43,31.06
1786001894.6905165,Charlie,Search,52.67,84.6
1786001894.6905193,Charlie,Purchase,77.01,27.4
1786001894.6905222,Charlie,Purchase,48.79,33.66
1786001894.6905243,Bob,Purchase,14.59,45.06
1786001894.6905272,David,Logout,89.19,71.91
1786001894.6905298,Emma,Purchase,41.39,91.41
1786001894.6905353,Emma,View,57.73,35.67
1786001894.6905384,Emma,Search,45.79,24.68
1786001894.690541,Charlie,Logout,77.25,24.14
1786001894.6905441,Bob,Logout,87.75,93.73
1786001894.6905468,David,Search,73.11,32.6
1786001894.6905496,Charlie,Login,14.02,30.91
1786001894.690552,Alice,View,52.72,83.03
1786001894.6905549,Charlie,View,41.89,86.53
1786001894.6905572,Bob,Logout,19.1,35.47
1786001894.690562,David,Logout,34.49,33.8
1786001894.690565,Charlie,Search,78.56,73.44
1786001894.6905677,Charlie,Purchase,68.22,29.33
1786001894.6905706,Charlie,Search,38.77,69.75
1786001894.690573,Alice,Search,74.86,40.57
1786001894.6905756,Emma,Login,34.74,54.81
1786001894.6905785,Alice,Search,20.93,71.06
1786001894.690581,David,Search,45.14,78.2
1786001894.6905835,Bob,View,63.19,63.77
1786001894.6905885,Charlie,Logout,68.44,64.98
1786001894.6905918,Alice,Logout,80.72,69.94
1786001894.6905942,David,Logout,49.75,20.88
1786001894.6905968,David,Search,85.35,69.2
1786001894.6906,David,Logout,25.13,62.24
1786001894.6906028,Emma,Search,58.29,40.08
1786001894.6906054,Emma,Purchase,64.29,79.32
1786001894.6906078,Bob,Purchase,82.13,25.12
1786001894.6906104,Emma,Purchase,22.31,24.14
1786001894.6906133,Emma,Logout,53.85,48.81
1786001894.690616,Emma,Logout,64.94,70.72
1786001894.6906183,Charlie,Search,85.33,69.5
1786001894.690621,David,Search,82.59,86.65
1786001894.6906238,Charlie,Logout,27.79,87.29
1786001894.690627,David,View,65.76,40.54
1786001894.69063,Emma,Login,10.82,31.3
1786001894.6906323,Charlie,Purchase,68.24,78.28
1786001894.6906352,David,Search,22.41,92.34
1786001894.6906378,Bob,View,87.78,47.44
1786001894.6906404,Charlie,Logout,47.35,55.69
1786001894.6906433,Emma,Purchase,84.03,65.29
1786001894.690646,Charlie,Login,54.32,24.11
1786001894.690651,Alice,Login,89.3,77.29
1786001894.690654,Emma,Purchase,20.81,71.47
1786001894.6906567,Alice,View,88.14,44.48
1786001894.6906614,Bob,Purchase,82.05,26.57
1786001894.6906643,Emma,Search,67.59,33.6
1786001894.690667,Bob,Login,82.76,42.13
1786001894.6906698,Charlie,Login,82.57,65.6
1786001894.6906724,Emma,Search,58.79,46.82
1786001894.690676,Bob,Logout,43.12,58.35
1786001894.6906788,David,Login,56.02,26.4
1786001894.6906822,Bob,Purchase,67.55,36.04
1786001894.6906853,Charlie,View,48.41,94.32
1786001894.690688,David,View,27.82,56.27
1786001894.6906905,David,Logout,40.68,89.53
1786001894.6906934,David,Search,30.56,77.25
1786001894.6906962,Charlie,Search,42.61,74.56
1786001894.690699,Charlie,Login,62.19,53.26
1786001894.6907012,Alice,Search,68.02,27.78
1786001894.6907039,David,Search,18.5,27.18
1786001894.6907065,Emma,Login,66.74,90.82
1786001894.6907094,Emma,View,53.37,35.84
1786001894.6907117,Emma,Logout,36.79,64.89
1786001894.6907144,Emma,Search,46.32,43.22
1786001894.690717,Emma,View,60.34,86.63
1786001894.6907196,Bob,Login,18.99,44.1
1786001894.6907222,Emma,Purchase,61.02,92.18
1786001894.6907246,Alice,View,45.26,50.76
1786001894.6907275,Alice,Search,60.09,54.07
1786001894.69073,Emma,Search,84.26,26.95
1786001894.6907325,Alice,View,74.02,88.85
1786001894.690735,Emma,Purchase,46.23,63.35
1786001894.6907382,David,Login,88.49,59.03
1786001894.6907425,David,View,47.39,63.28
1786001894.6907456,Emma,Logout,34.6,67.82
1786001894.6907482,Bob,Search,24.09,57.03
1786001894.6907508,Emma,View,17.48,73.91
1786001894.6907532,Bob,Logout,13.52,62.63
1786001894.690756,Bob,Purchase,78.86,42.91
1786001894.6907592,David,Logout,79.59,76.22
1786001894.6907618,David,Login,68.42,49.61
1786001894.6907642,Bob,View,23.24,75.26
1786001894.6907694,Bob,Search,35.31,41.45
1786001894.6907723,David,Search,45.11,30.23
1786001894.6907747,Bob,Purchase,22.18,82.14
1786001894.6907778,Bob,Logout,41.12,70.93
1786001894.6907804,David,Logout,57.38,20.59
1786001894.690785,Alice,Search,25.55,68.39
1786001894.6907878,Alice,Search,23.87,67.31
1786001894.6907904,Alice,Logout,30.01,85.26
1786001894.690793,Alice,Search,48.95,31.62
1786001894.6907954,David,Search,75.41,32.48
1786001894.690798,Bob,Logout,51.2,26.71
1786001894.6908007,Bob,Login,66.11,41.04
1786001894.6908033,David,Search,46.54,73.37
1786001894.6908057,Emma,View,73.7,41.93
1786001894.6908083,Emma,View,19.55,86.45
1786001894.6908112,Alice,Login,54.33,88.27
1786001894.6908145,Bob,View,72.87,48.41
1786001894.6908174,Emma,Logout,29.06,76.17
1786001894.69082,Bob,Search,36.63,75.65
1786001894.690823,Bob,Login,61.4,31.41
1786001894.690826,Emma,View,44.9,66.41
1786001894.6908286,David,Login,14.01,39.32
1786001894.6908312,Bob,Purchase,11.46,66.0
1786001894.6908362,Bob,View,27.3,34.48
1786001894.690839,David,View,59.87,72.59
1786001894.690842,Alice,Logout,74.99,66.03
1786001894.6908443,Alice,View,43.94,21.23
1786001894.690847,Alice,Search,38.61,22.68
1786001894.6908498,Charlie,Login,26.26,61.99
1786001894.6908524,Emma,Logout,26.66,57.54
1786001894.690855,Alice,View,83.35,38.97
1786001894.6908574,Charlie,Logout,54.28,94.71
1786001894.6908603,Alice,Login,75.46,36.94
1786001894.6908627,David,View,82.88,78.83
1786001894.690865,Bob,View,18.22,28.11
1786001894.6908681,Alice,View,25.69,23.66
1786001894.6908724,Emma,Search,79.52,49.82
1786001894.6908765,Charlie,Purchase,40.1,63.49
1786001894.690881,Alice,Logout,57.88,41.48
1786001894.6908865,Emma,Purchase,73.12,28.07
1786001894.6908891,Charlie,Logout,74.7,34.49
1786001894.6908917,Alice,Login,28.59,67.52
1786001894.6908944,Bob,Login,83.08,60.0
1786001894.6908977,David,Purchase,43.17,20.63
1786001894.6909006,Charlie,View,73.47,48.13
1786001894.690903,Emma,Logout,74.18,79.08
1786001894.6909056,Bob,Purchase,35.0,71.41
1786001894.690911,Emma,Logout,71.62,85.02
1786001894.6909137,Emma,Login,87.86,59.09
1786001894.6909165,David,Search,17.39,48.65
1786001894.6909196,David,Login,43.29,64.98
1786001894.6909223,David,Login,47.81,76.48
1786001894.6909251,Charlie,Purchase,32.88,49.0
1786001894.6909275,Charlie,View,71.74,74.63
1786001894.6909304,Charlie,Login,58.82,23.43
1786001894.6909356,Alice,Login,50.14,93.71
1786001894.690939,Emma,View,78.59,54.73
1786001894.6909418,David,Login,49.27,53.36
1786001894.6909444,Bob,Login,64.33,94.08
1786001894.690947,David,Search,63.36,23.22
1786001894.69095,David,Search,56.44,89.21
1786001894.6909528,Charlie,Purchase,13.09,21.36
1786001894.6909552,Emma,Search,72.37,30.15
1786001894.6909578,Charlie,Search,66.22,56.33
1786001894.6909628,Emma,Search,45.26,35.2
1786001894.6909654,Alice,Purchase,37.83,63.97
1786001894.6909683,Emma,Purchase,48.05,41.58
1786001894.690971,Alice,Purchase,81.74,28.26
1786001894.690974,Alice,Logout,71.41,34.62
1786001894.6909766,David,Purchase,14.75,71.64
1786001894.6909893,Bob,Search,86.65,52.19
1786001894.690992,Bob,Login,71.53,41.61
1786001894.6909947,David,Logout,86.66,33.48
1786001894.690998,Emma,Logout,88.94,71.6
1786001894.6910005,Charlie,Purchase,69.27,83.59
1786001894.6910033,Emma,Login,57.16,29.34
1786001894.6910062,Alice,Login,86.52,84.64
1786001894.691009,Charlie,Login,79.71,43.1
1786001894.6910114,Charlie,Login,72.46,46.1
1786001894.691014,Bob,Login,79.26,36.01
1786001894.6910167,Alice,Logout,16.8,80.49
1786001894.6910195,Bob,View,31.06,27.55
1786001894.6910222,Bob,Purchase,49.27,44.81
1786001894.6910248,Emma,Purchase,62.13,77.8
1786001894.6910274,Alice,View,86.74,42.69
1786001894.6910303,David,View,25.27,23.01
1786001894.6910348,Charlie,Logout,67.47,27.9
1786001894.691038,Bob,Login,55.65,31.41
1786001894.6910405,David,View,65.32,66.89
1786001894.6910453,Bob,Search,43.21,69.69
1786001894.691048,David,Logout,57.15,44.9
1786001894.6910508,Charlie,Search,18.23,32.47
1786001894.6910534,Charlie,Login,21.81,91.54
1786001894.6910558,Charlie,Logout,71.33,49.48
1786001894.6910586,David,Logout,48.57,29.21
1786001894.6910615,David,View,40.42,29.69
1786001894.6910641,Alice,Purchase,29.91,61.2
1786001894.6910667,Alice,Logout,41.18,82.45
1786001894.6910691,Charlie,Purchase,71.55,20.52
1786001894.691072,Bob,Login,31.23,87.17
1786001894.6910746,David,View,11.08,93.95
1786001894.6910772,David,Logout,12.36,76.93
1786001894.6910796,Alice,View,40.6,65.91
1786001894.6910825,David,Search,15.51,47.55
1786001894.6910849,David,Login,80.08,65.82
1786001894.6910872,David,Logout,77.39,27.87
1786001894.6910899,David,Login,61.63,85.18
1786001894.6910925,Charlie,Login,45.57,87.36
1786001894.6910949,Emma,Logout,29.04,56.22
1786001894.6910975,Emma,Purchase,55.99,52.12
1786001894.6911,Emma,Purchase,36.55,24.86
1786001894.6911027,Bob,View,25.76,37.81
1786001894.6911054,David,Logout,22.87,66.84
1786001894.6911077,Charlie,Login,15.78,56.8
1786001894.6911104,Emma,Search,81.59,77.49
1786001894.6911128,Emma,Login,24.01,35.72
1786001894.6911159,David,Login,53.8,71.99
1786001894.6911185,Emma,Search,59.89,84.62
1786001894.6911235,David,Logout,66.0,23.22
1786001894.6911263,David,Logout,33.27,82.6
1786001894.6911294,Alice,Purchase,18.66,71.05
1786001894.6911318,Charlie,Purchase,74.03,59.24
1786001894.6911345,Emma,Logout,32.45,81.37
1786001894.691137,David,Purchase,14.91,55.18
1786001894.6911397,Alice,Login,12.83,85.0
1786001894.691142,Emma,Purchase,53.35,30.49
1786001894.691145,David,Login,63.79,64.4
1786001894.6911476,Charlie,View,61.75,41.16
1786001894.6911573,David,Login,40.44,33.48
1786001894.6911602,Charlie,View,82.85,71.13
1786001894.6911628,Alice,Logout,42.21,48.9
1786001894.6911657,Charlie,Purchase,80.22,46.09
1786001894.6911702,Bob,View,48.22,86.91
1786001894.691173,Bob,View,73.4,32.6
1786001894.6911757,David,Login,23.88,36.05
1786001894.6911783,David,Search,64.08,52.66
1786001894.6911807,Bob,Purchase,68.73,94.93
1786001894.6911836,Alice,Logout,78.55,50.27
1786001894.691186,Alice,Login,23.74,30.14
1786001894.6911888,Charlie,Search,46.71,48.57
1786001894.6911914,Alice,Logout,64.51,40.63
1786001894.691194,Bob,View,34.68,24.5
1786001894.691197,David,Logout,88.93,59.35
1786001894.6911995,Bob,Login,47.85,45.72
1786001894.6912029,Emma,View,32.05,64.96
1786001894.6912053,Emma,View,53.68,59.3
1786001894.691208,Emma,Search,67.54,81.2
1786001894.6912115,Bob,Login,18.72,82.87
1786001894.691214,Bob,Purchase,17.54,39.27
1786001894.6912165,Emma,Search,87.79,69.92
1786001894.691221,Charlie,Purchase,34.2,56.28
1786001894.691224,Emma,Login,73.88,78.27
1786001894.6912267,Emma,Search,64.33,31.68
1786001894.691229,Alice,Login,79.12,58.61
1786001894.691232,Alice,Search,17.77,76.34
1786001894.6912346,Charlie,Search,24.04,66.44
1786001894.6912374,David,Login,16.85,54.13
1786001894.6912403,Alice,Purchase,12.86,34.81
1786001894.691243,Emma,Search,34.86,25.44
1786001894.6912456,Emma,Logout,56.6,80.91
1786001894.6912484,David,Logout,24.0,24.45
1786001894.6912513,Emma,Login,28.5,31.79
1786001894.6912537,Alice,Logout,14.65,45.34
1786001894.6912565,David,View,52.22,80.92
1786001894.6912591,Alice,Search,37.03,56.49
1786001894.6912618,Emma,Purchase,28.76,89.91
1786001894.6912646,Charlie,Purchase,83.83,74.25
1786001894.6912675,Charlie,View,80.74,38.43
1786001894.6912704,Charlie,View,78.54,90.95
1786001894.6912732,Charlie,Logout,61.2,83.16
1786001894.691276,Alice,Purchase,40.53,68.94
1786001894.6912787,Emma,Search,42.51,81.23
1786001894.6912816,Charlie,Search,26.76,91.62
1786001894.6912844,David,Search,39.67,39.38
1786001894.6912875,Bob,Login,44.92,66.31
1786001894.6912918,Charlie,Logout,63.69,48.1
1786001894.6912947,Charlie,Purchase,39.92,27.38
1786001894.6912973,Charlie,Logout,12.06,78.61
1786001894.6913,Bob,Purchase,84.42,89.58
1786001894.6913023,Bob,Purchase,58.81,47.03
1786001894.6913054,Alice,Login,70.09,90.33
1786001894.691308,Bob,Search,18.65,30.96
1786001894.6913128,Emma,Logout,15.9,92.18
1786001894.6913157,Emma,Purchase,66.02,39.52
1786001894.6913188,Bob,Login,62.03,30.88
1786001894.691322,Emma,Purchase,83.35,55.68
1786001894.6913247,Charlie,Logout,86.27,42.13
1786001894.6913276,Charlie,View,38.65,52.37
1786001894.6913297,David,Login,31.17,82.21
1786001894.6913323,Emma,Logout,73.93,74.85
1786001894.691335,Bob,Logout,52.85,90.26
1786001894.6913376,Bob,Logout,50.21,48.17
1786001894.691342,Bob,Logout,84.86,65.93
1786001894.691345,Emma,View,37.53,68.69
1786001894.6913476,Bob,Search,80.09,55.68
1786001894.6913505,Bob,Login,51.69,69.13
1786001894.691353,Alice,Logout,26.44,27.87
1786001894.691356,Charlie,Logout,86.09,30.1
1786001894.6913586,Alice,View,35.51,71.21
1786001894.691361,Bob,Login,63.51,63.02
1786001894.6913636,Alice,Purchase,85.41,48.97
1786001894.6913664,Alice,View,84.63,47.47
1786001894.6913693,Emma,Login,24.25,75.12
1786001894.6913714,Bob,Logout,25.93,87.94
1786001894.691374,David,View,68.66,83.31
1786001894.6913767,Emma,Login,25.88,48.92
1786001894.6913795,Charlie,Purchase,25.17,63.65
1786001894.691382,Bob,View,25.82,69.33
1786001894.6913846,Charlie,Purchase,33.02,88.3
1786001894.6913872,Bob,Purchase,19.88,43.53
1786001894.69139,Alice,Logout,13.28,41.61
1786001894.6913927,Charlie,Purchase,73.42,61.6
1786001894.6913955,Charlie,Search,11.5,29.16
1786001894.6914003,David,View,35.33,53.48
1786001894.6914032,Charlie,Purchase,52.46,57.11
1786001894.691406,Emma,Purchase,66.31,77.75
1786001894.6914084,Charlie,View,15.13,69.27
1786001894.691414,Alice,Logout,48.68,86.79
1786001894.6914165,Charlie,Purchase,38.19,63.24
1786001894.6914196,David,View,71.79,55.2
1786001894.6914227,David,View,78.5,80.38
1786001894.6914256,Charlie,Logout,32.95,73.65
1786001894.6914282,Charlie,Search,14.8,82.25
1786001894.6914308,Emma,Search,47.1,20.14
1786001894.6914334,Emma,Search,27.32,43.07
1786001894.691436,David,Search,18.15,86.06
1786001894.691439,Alice,Login,14.44,23.1
1786001894.6914413,Bob,Purchase,19.81,87.49
1786001894.691444,Bob,Purchase,14.75,30.2
1786001894.6914465,David,Logout,43.22,57.3
1786001894.6914492,Alice,View,87.0,78.94
1786001894.6914525,Alice,Purchase,88.68,58.34
1786001894.691455,Bob,View,66.4,66.96
1786001894.6914577,Emma,View,17.44,31.5
1786001894.6914604,Emma,Search,79.65,79.97
1786001894.6914632,David,Search,76.17,23.41
1786001894.6914654,David,Logout,51.29,89.12
1786001894.6914682,Bob,Login,39.91,34.63
1786001894.691471,Emma,Login,81.49,67.77
1786001894.6914737,Alice,Search,45.28,91.96
1786001894.691476,Charlie,Purchase,80.75,23.03
1786001894.6914785,Alice,Search,21.71,61.84
1786001894.6914814,David,Purchase,69.58,80.76
1786001894.6914845,Charlie,Purchase,38.07,53.97
1786001894.691487,Charlie,Purchase,55.22,66.44
1786001894.6914918,Emma,Search,73.31,31.81
1786001894.6914947,David,Purchase,47.68,65.11
1786001894.6914973,Emma,Login,58.78,31.38
1786001894.6915,David,View,23.18,48.21
1786001894.691503,Alice,View,62.61,34.51
1786001894.6915057,Bob,Login,15.18,65.67
1786001894.6915083,Bob,View,80.67,69.99
1786001894.6915107,Bob,Search,16.89,20.05
1786001894.6915135,David,View,30.02,22.96
1786001894.691516,Emma,Purchase,45.56,30.93
1786001894.6915205,Charlie,Purchase,16.35,77.13
1786001894.691523,Alice,Login,50.15,92.32
1786001894.6915257,Alice,View,42.96,62.53
1786001894.6915286,Bob,Search,75.85,34.9
1786001894.6915333,Bob,Purchase,61.88,76.31
1786001894.691536,David,Search,18.54,47.65
1786001894.691539,Emma,Logout,74.33,74.22
1786001894.6915417,Emma,View,89.06,90.5
1786001894.6915443,David,Search,78.84,56.06
1786001894.6915474,Emma,Login,79.13,51.42
1786001894.69155,Emma,Search,48.62,23.79
1786001894.6915524,Bob,Purchase,31.42,32.91
1786001894.691555,Alice,Search,30.89,76.67
1786001894.6915576,Bob,Logout,46.44,72.87
1786001894.6915603,Emma,Search,15.58,51.64
1786001894.6915627,Bob,Login,38.89,50.41
1786001894.6915653,David,Search,52.71,83.61
1786001894.691568,David,View,81.66,47.73
1786001894.6915705,Charlie,View,43.3,50.59
1786001894.691573,Bob,Login,11.48,91.83
1786001894.6915758,Emma,Login,89.44,32.82
1786001894.6915786,Bob,Logout,47.45,87.48
1786001894.691583,Emma,View,51.21,30.86
1786001894.6915858,David,Login,53.79,28.67
1786001894.6915886,David,Purchase,12.02,38.55
1786001894.6915917,Bob,View,23.89,69.96
1786001894.691594,Emma,Purchase,26.94,54.17
1786001894.6915965,Charlie,Purchase,62.75,39.85
1786001894.691599,Emma,Logout,37.54,54.22
1786001894.6916015,David,Search,52.49,37.99
1786001894.691604,David,Purchase,45.52,28.65
1786001894.6916065,David,Search,62.15,40.37
1786001894.6916091,Alice,Login,89.78,32.2
1786001894.6916118,David,Logout,47.41,54.92
1786001894.6916144,David,Search,11.36,47.22
1786001894.691617,Bob,Logout,13.2,69.53
1786001894.69162,Charlie,Logout,16.02,36.25
1786001894.6916227,Charlie,View,37.32,29.06
1786001894.691625,Charlie,Search,47.15,22.88
1786001894.6916277,David,Search,51.87,53.18
1786001894.6916304,Charlie,Search,73.53,81.17
1786001894.691633,Emma,Login,73.06,79.27
1786001894.6916356,David,Search,55.35,29.52
1786001894.6916382,Alice,Logout,26.06,63.73
1786001894.6916409,Alice,Purchase,54.28,49.98
1786001894.6916432,David,Search,59.0,52.56
1786001894.691646,David,Login,31.87,72.77
1786001894.691651,David,View,84.94,43.92
1786001894.691654,David,Search,56.01,26.98
1786001894.691656,Charlie,View,82.44,29.39
1786001894.6916587,Emma,Search,59.18,44.66
1786001894.6916618,Emma,Purchase,40.61,57.44
1786001894.691677,David,View,80.83,45.89
1786001894.69168,Charlie,Login,60.57,94.4
1786001894.691685,Alice,Login,33.38,25.21
1786001894.6916876,Alice,Search,16.25,63.15
1786001894.6916902,Emma,Purchase,47.51,20.08
1786001894.6916928,Emma,Logout,49.5,60.71
1786001894.6916957,David,Search,16.89,93.9
1786001894.6916988,Bob,View,82.05,69.13
1786001894.6917014,Alice,Login,43.31,67.82
1786001894.691704,Emma,Logout,61.23,46.38
1786001894.6917074,Charlie,Purchase,81.66,82.73
1786001894.6917102,Alice,Logout,58.69,76.71
1786001894.6917148,Alice,Search,83.11,42.14
1786001894.6917176,David,Logout,61.33,83.47
1786001894.691721,Bob,View,69.37,72.11
1786001894.6917238,Emma,Purchase,88.75,42.93
1786001894.6917264,David,Login,23.5,22.7
1786001894.691729,Bob,View,80.67,90.77
1786001894.6917315,David,Search,46.57,59.99
1786001894.691734,Charlie,Login,87.34,52.72
1786001894.6917365,Bob,Login,42.55,47.74
1786001894.6917396,Emma,Logout,45.69,33.2
1786001894.6917422,Bob,View,27.2,45.99
1786001894.691745,Emma,Logout,50.86,78.47
1786001894.6917477,Bob,Purchase,35.95,71.26
1786001894.6917503,Bob,Purchase,84.87,84.03
1786001894.691753,Alice,Purchase,20.89,39.2
1786001894.691756,Charlie,Logout,61.36,23.49
1786001894.6917586,Emma,Purchase,67.51,93.57
1786001894.6917613,David,Login,29.87,46.22
1786001894.6917639,Bob,Login,80.94,88.21
1786001894.6917665,Emma,Search,21.18,80.96
1786001894.6917691,Emma,Logout,27.24,40.15
1786001894.6917734,Emma,Purchase,66.61,74.66
1786001894.6917768,David,View,26.7,35.67
1786001894.6917794,Emma,Search,30.74,63.38
1786001894.691782,Charlie,Logout,87.94,48.8
1786001894.6917846,Charlie,Search,81.91,50.57
1786001894.6917896,Bob,Search,41.94,73.01
1786001894.6917925,David,Logout,78.75,91.2
1786001894.691795,Charlie,Search,57.63,34.29
1786001894.691798,Bob,Logout,10.16,61.34
1786001894.6918006,Emma,Logout,62.4,48.47
1786001894.6918035,Alice,Purchase,71.88,58.68
1786001894.6918063,Alice,Login,71.1,51.9
1786001894.6918087,Bob,Purchase,30.93,32.75
1786001894.6918113,Alice,Logout,14.54,82.27
1786001894.6918142,Charlie,View,77.29,92.01
1786001894.6918173,Alice,Logout,35.79,32.68
1786001894.6918197,Bob,View,35.11,62.22
1786001894.6918225,Charlie,Search,66.35,23.95
1786001894.6918254,Charlie,Logout,81.26,63.73
1786001894.6918283,David,Search,40.38,49.47
1786001894.6918306,Emma,Search,58.47,51.04
1786001894.6918333,Bob,Logout,63.96,93.08
1786001894.691836,Alice,Login,56.3,27.38
1786001894.6918387,Alice,Search,62.38,65.53
1786001894.6918416,David,Login,52.53,68.78
1786001894.691844,Charlie,Purchase,46.46,78.15
1786001894.6918468,David,Purchase,82.34,37.85
1786001894.6918495,Emma,Purchase,40.53,64.2
1786001894.6918523,Alice,Search,20.72,70.96
1786001894.691855,Bob,Purchase,40.8,27.74
1786001894.6918573,Emma,View,77.88,93.03
1786001894.69186,Emma,Logout,25.21,93.46
1786001894.6918645,David,View,19.89,78.75
1786001894.6918676,Alice,Search,11.85,77.57
1786001894.691872,David,Login,87.37,55.71
1786001894.6918766,Bob,Logout,61.51,51.56
1786001894.6918812,Bob,View,75.24,68.5
1786001894.6918857,Charlie,Purchase,16.19,25.24
1786001894.6918883,Alice,Search,66.06,75.97
1786001894.6918912,Charlie,Search,67.29,83.51
1786001894.6918943,Alice,Login,67.94,41.52
1786001894.6918972,Emma,Purchase,32.21,80.49
1786001894.6919,Bob,View,49.25,25.91
1786001894.6919045,Charlie,View,20.43,67.08
1786001894.6919072,Bob,Login,82.49,20.24
1786001894.6919098,Bob,Search,11.08,41.21
1786001894.6919127,Alice,Search,27.25,69.49
1786001894.691917,Charlie,View,11.91,79.58
1786001894.6919196,Emma,Search,36.19,21.18
1786001894.6919227,David,Login,77.0,72.3
1786001894.6919255,Alice,Logout,63.5,78.72
1786001894.6919281,Alice,Logout,40.4,77.01
1786001894.6919308,David,Search,17.87,71.47
1786001894.6919334,Emma,View,51.24,72.84
1786001894.691936,Charlie,Purchase,83.77,89.63
1786001894.6919394,David,Login,86.63,94.51
1786001894.6919422,Alice,View,11.4,44.42
1786001894.691945,Bob,View,67.69,85.52
1786001894.6919475,Alice,Search,58.3,27.76
1786001894.6919503,Alice,Logout,19.33,30.27
1786001894.6919532,Emma,Logout,59.89,23.05
1786001894.6919558,Charlie,Search,71.7,34.56
1786001894.6919596,Alice,Login,53.99,88.99
1786001894.691962,David,Search,81.71,57.71
1786001894.6919665,Alice,Logout,37.51,40.44
1786001894.6919696,Bob,Login,65.5,94.39
1786001894.6919723,Alice,Logout,36.09,34.99
1786001894.691975,Alice,Logout,82.89,31.27
1786001894.6919777,David,Logout,25.49,80.6
1786001894.6919804,Emma,View,45.08,28.41
1786001894.6919832,Alice,Purchase,73.5,75.15
1786001894.6919856,David,Purchase,10.16,27.2
1786001894.6919885,Bob,Search,13.93,70.54
1786001894.691991,Alice,Login,66.29,62.91
1786001894.6919937,Alice,Purchase,75.99,32.72
1786001894.691996,Alice,Login,45.61,59.08
1786001894.6919987,Emma,Purchase,66.06,90.76
1786001894.6920016,Emma,Purchase,78.1,94.58
1786001894.6920042,Charlie,Search,72.77,21.39
1786001894.6920066,David,Login,46.13,43.26
1786001894.6920092,Bob,View,80.05,26.59
1786001894.6920118,David,View,85.6,87.81
1786001894.6920147,Alice,Login,10.89,26.57
1786001894.692017,Emma,Login,52.44,94.71
1786001894.6920197,Charlie,View,74.25,67.84
1786001894.6920226,Bob,Logout,33.96,84.27
1786001894.6920252,Emma,Search,51.58,39.44
1786001894.6920276,David,Logout,88.61,93.22
1786001894.6920302,Charlie,View,43.7,49.21
1786001894.692035,Bob,View,75.13,92.4
1786001894.6920383,Emma,View,45.45,80.28
1786001894.6920412,Emma,Logout,67.11,67.8
1786001894.6920438,Charlie,Purchase,36.19,27.28
1786001894.6920464,Emma,Logout,56.38,89.75
1786001894.6920488,David,Logout,78.61,61.2
1786001894.6920516,Bob,Login,15.55,37.32
1786001894.6920564,Emma,Purchase,80.56,39.3
1786001894.692059,Charlie,Login,31.78,45.99
1786001894.6920617,Alice,Login,86.32,32.02
1786001894.6920643,Alice,Login,36.2,71.65
1786001894.692067,Charlie,Logout,63.19,35.99
1786001894.6920698,David,Login,75.6,77.92
1786001894.6920722,Charlie,Search,61.99,68.17
1786001894.692075,Alice,View,45.8,76.46
1786001894.6920779,Charlie,Search,70.4,42.72
1786001894.6920805,David,Logout,67.59,59.76
1786001894.6920831,Bob,Login,54.36,20.81
1786001894.6920884,Emma,Purchase,48.9,38.4
1786001894.6920915,Alice,Search,26.71,94.84
1786001894.6920938,Emma,Purchase,82.99,30.1
1786001894.6920965,David,Login,60.41,51.35
1786001894.692099,Emma,Login,53.98,91.29
1786001894.692102,Charlie,Search,58.95,20.17
1786001894.692105,Emma,Search,34.73,41.75
1786001894.6921077,David,View,29.54,90.99
1786001894.6921103,Bob,Login,72.84,24.42
1786001894.692113,Emma,Search,56.74,71.62
1786001894.6921158,Bob,Logout,60.7,63.81
1786001894.692119,Bob,Search,33.57,58.99
1786001894.6921234,Emma,Logout,49.69,61.43
1786001894.6921282,Emma,Search,19.71,62.07
1786001894.6921332,Charlie,Logout,67.22,67.46
1786001894.692136,Emma,View,87.12,89.72
1786001894.692139,Alice,Search,81.99,86.3
1786001894.6921418,Emma,Purchase,46.74,36.5
1786001894.6921446,Bob,Login,47.95,85.42
1786001894.6921475,Bob,View,32.93,68.22
1786001894.6921523,David,View,31.47,49.76
1786001894.6921551,Bob,Search,42.54,68.0
1786001894.6921577,Charlie,View,49.04,20.3
1786001894.6921608,David,Logout,38.98,84.19
1786001894.6921635,David,Search,40.02,76.66
1786001894.6921687,Emma,Logout,89.51,48.45
1786001894.6921716,Bob,Purchase,44.51,43.78
1786001894.6921737,David,Purchase,86.84,66.99
1786001894.6921763,Alice,Search,24.57,32.02
1786001894.692179,Bob,Login,74.79,88.98
1786001894.6921816,Bob,Login,42.92,54.36
1786001894.6921842,Emma,Purchase,31.93,30.54
1786001894.6921866,David,Purchase,76.35,39.04
1786001894.6921892,Bob,View,29.9,92.82
1786001894.6921918,Alice,Logout,32.07,77.39
1786001894.6921945,Emma,Login,77.77,87.45
1786001894.692197,Alice,Search,13.04,78.09
1786001894.6921997,Charlie,Search,15.66,47.69
1786001894.6922023,Alice,Purchase,84.82,75.89
1786001894.692205,Alice,Logout,71.59,28.47
1786001894.6922076,David,Search,27.22,88.58
1786001894.6922102,David,Login,18.21,38.8
1786001894.6922138,David,Logout,46.29,61.08
1786001894.6922164,Alice,View,68.3,84.87
1786001894.6922188,Charlie,Login,33.9,73.69
1786001894.6922214,Charlie,Logout,44.5,28.49
1786001894.692224,Bob,Purchase,14.84,52.98
1786001894.6922266,Emma,View,88.34,90.97
1786001894.692229,Alice,Login,75.55,67.54
1786001894.6922314,Emma,View,51.22,91.18
1786001894.692234,Bob,Search,24.27,67.17
1786001894.692237,Emma,Login,37.31,72.14
1786001894.6922417,Bob,Search,29.42,51.49
1786001894.6922443,Charlie,Search,82.98,61.61
1786001894.6922474,David,Login,88.31,58.12
1786001894.6922498,Bob,Purchase,21.7,30.6
1786001894.6922524,Alice,Purchase,54.96,37.03
1786001894.692255,David,View,32.95,34.07
1786001894.692258,Bob,View,52.26,94.15
1786001894.6922605,Charlie,View,50.04,73.27
1786001894.6922634,Emma,Login,49.0,26.78
1786001894.6922657,Charlie,Logout,19.31,92.28
1786001894.6922686,David,Search,57.17,56.67
1786001894.6922731,Emma,Login,42.65,63.44
1786001894.6922762,Alice,Purchase,22.02,29.32
1786001894.692279,Emma,Login,76.89,74.42
1786001894.6922822,Charlie,Purchase,21.76,63.75
1786001894.6922846,Emma,Login,13.18,85.66
1786001894.692289,David,Login,49.45,34.89
1786001894.6922922,David,Purchase,15.58,76.77
1786001894.6922948,Charlie,View,42.74,43.73
1786001894.6922977,Alice,Purchase,14.6,46.31
1786001894.6923003,Bob,Logout,38.88,88.56
1786001894.692303,David,Logout,22.76,49.02
1786001894.6923053,Bob,Login,59.98,57.1
1786001894.6923084,Alice,Logout,70.75,20.32
1786001894.6923115,David,Purchase,42.68,22.35
1786001894.6923141,Emma,Logout,32.71,69.77
1786001894.6923168,Charlie,Search,42.88,49.04
1786001894.6923194,David,Logout,51.58,83.1
1786001894.6923223,Emma,Logout,16.96,70.15
1786001894.692325,Bob,View,82.17,34.53
1786001894.692328,Emma,Purchase,69.96,57.98
1786001894.6923306,Charlie,Login,81.54,89.73
1786001894.6923351,Bob,Login,25.77,65.07
1786001894.692338,Charlie,Search,14.61,84.24
1786001894.6923409,David,Purchase,88.79,56.22
1786001894.6923432,Alice,Purchase,55.58,30.51
1786001894.6923459,Charlie,Login,10.39,66.54
1786001894.6923485,Emma,Purchase,58.28,85.95
1786001894.6923509,Emma,Search,86.22,86.56
1786001894.6923537,Bob,Purchase,87.11,87.1
1786001894.6923563,Emma,Search,82.45,25.35
1786001894.6923594,David,Logout,47.8,87.88
1786001894.692362,Bob,Login,11.75,59.27
1786001894.6923645,Bob,Logout,61.13,31.73
1786001894.6923673,David,View,19.53,62.21
1786001894.69237,David,Purchase,38.14,80.68
1786001894.6923726,Bob,Logout,73.89,75.95
1786001894.6923752,Bob,Login,46.96,43.08
1786001894.692378,Emma,Login,46.23,28.07
1786001894.6923807,Charlie,Purchase,26.91,65.95
1786001894.6923838,Alice,Search,69.09,78.01
1786001894.6923864,Charlie,Login,78.91,71.39
1786001894.692389,Emma,Search,17.86,77.69
1786001894.6923916,David,Login,86.04,24.98
1786001894.6923943,Alice,Search,49.72,69.89
1786001894.692397,Alice,View,50.14,72.69
1786001894.6923995,Bob,Search,32.12,46.05
1786001894.6924021,Charlie,Login,62.29,77.79
1786001894.6924074,Charlie,Logout,28.24,36.73
1786001894.6924102,David,View,56.04,61.74
1786001894.6924126,Emma,Purchase,76.29,26.37
1786001894.6924155,Bob,Logout,83.35,84.26
1786001894.692418,David,Login,38.18,32.01
1786001894.6924207,Emma,View,87.95,49.06
1786001894.6924257,Charlie,Purchase,25.91,41.05
1786001894.6924284,Charlie,Login,75.81,24.02
1786001894.6924307,Bob,Search,46.57,23.54
1786001894.6924336,Bob,Login,20.95,45.12
1786001894.6924362,Alice,Search,49.95,59.43
1786001894.6924396,David,Login,40.93,60.61
1786001894.6924438,Alice,Search,70.95,27.94
1786001894.6924486,Bob,Search,79.98,46.3
1786001894.6924543,David,Search,30.4,88.17
1786001894.6924572,Emma,Purchase,45.32,82.67
1786001894.6924603,Emma,Purchase,23.1,91.05
1786001894.6924653,David,Purchase,82.38,62.47
1786001894.6924684,Bob,Login,14.13,88.71
1786001894.6924722,David,Login,55.89,69.57
1786001894.6924746,Emma,View,18.64,41.61
1786001894.6924775,Charlie,Purchase,36.27,45.65
1786001894.69248,Charlie,Login,40.47,37.52
1786001894.6924827,Alice,View,75.22,72.3
1786001894.6924856,Emma,Logout,20.6,64.95
1786001894.6924882,Alice,Login,32.63,77.52
1786001894.692491,Emma,View,68.09,63.92
1786001894.6924953,Alice,View,58.69,63.16
1786001894.692501,Emma,View,15.83,37.29
1786001894.6925066,Alice,Search,56.92,84.18
1786001894.6925094,Charlie,View,14.54,42.54
1786001894.692512,David,View,88.58,62.34
1786001894.692515,Emma,View,71.8,31.43
1786001894.6925173,Bob,Logout,40.58,81.51
1786001894.69252,David,Search,19.32,35.89
1786001894.6925225,Emma,Login,49.04,85.65
1786001894.6925251,Alice,Search,64.15,62.85
1786001894.69253,David,Purchase,54.7,36.15
1786001894.6925325,Emma,Logout,77.88,70.92
1786001894.6925356,Emma,View,52.73,38.45
1786001894.692538,Alice,View,42.96,23.67
1786001894.692541,Bob,Purchase,27.33,94.68
1786001894.692546,Charlie,Logout,31.72,54.67
1786001894.6925485,Charlie,Search,75.41,81.48
1786001894.6925511,Alice,Login,88.89,93.9
1786001894.692554,David,Search,30.53,39.82
1786001894.6925564,Charlie,Login,55.95,58.9
1786001894.6925585,David,Logout,70.5,38.7
1786001894.6925614,Bob,Purchase,46.96,65.85
1786001894.6925638,Charlie,View,83.45,85.26
1786001894.6925666,Emma,Login,25.09,90.26
1786001894.692569,Bob,Purchase,12.06,80.09
1786001894.6925716,Emma,View,15.18,80.92
1786001894.6925743,David,Logout,70.42,33.62
1786001894.692577,Charlie,Login,29.21,52.6
1786001894.6925793,Emma,Search,53.73,59.66
1786001894.692582,Alice,View,89.35,71.81
1786001894.6925848,Charlie,Logout,23.65,66.34
1786001894.6925874,Emma,Login,19.04,28.08
1786001894.69259,Alice,Search,82.23,41.86
1786001894.6925926,Bob,Login,79.06,58.01
1786001894.6925955,Emma,Search,78.65,70.62
1786001894.6925983,David,Logout,32.71,33.82
1786001894.6926012,Emma,Login,83.48,21.28
1786001894.6926033,Charlie,Login,10.97,48.32
1786001894.6926062,Charlie,View,41.22,63.41
1786001894.6926088,Bob,Logout,88.18,86.0
1786001894.6926112,Emma,Logout,71.22,29.81
1786001894.6926138,Emma,Purchase,21.43,68.1
1786001894.6926186,Emma,Purchase,15.66,81.64
1786001894.6926212,Emma,View,77.84,43.69
1786001894.6926243,David,Login,47.52,46.32
1786001894.6926274,Bob,Login,84.83,85.07
1786001894.6926305,Alice,Login,10.11,73.39
1786001894.6926332,Charlie,Search,82.39,53.29
1786001894.6926355,Emma,Purchase,30.63,42.92
1786001894.6926382,David,Purchase,60.61,22.5
1786001894.6926408,Alice,Logout,30.87,20.77
1786001894.6926434,Alice,Login,59.6,69.35
1786001894.6926455,Bob,Logout,48.85,81.57
1786001894.6926486,David,View,86.64,24.91
1786001894.6926537,Charlie,Login,40.87,33.39
1786001894.6926563,Charlie,Logout,11.82,83.7
1786001894.6926591,Bob,Login,27.32,30.05
1786001894.6926618,David,View,20.32,87.0
1786001894.6926665,Emma,View,51.9,23.89
1786001894.6926696,Emma,Purchase,29.48,77.81
1786001894.6926725,Bob,Logout,31.89,30.76
1786001894.692675,Emma,Login,34.29,69.63
1786001894.692678,David,View,89.42,94.06
1786001894.6926806,David,Login,35.84,69.94
1786001894.6926835,Alice,View,59.14,73.89
1786001894.692686,Emma,Purchase,63.61,50.48
1786001894.6926887,Bob,Purchase,70.98,26.58
1786001894.692691,Bob,Search,19.49,44.95
1786001894.6926937,David,View,73.35,70.25
1786001894.6926966,Emma,Login,12.59,93.19
1786001894.6926994,Charlie,Search,16.69,74.07
1786001894.6927016,Bob,Purchase,37.58,58.1
1786001894.6927042,Charlie,Search,69.46,33.19
1786001894.6927075,Charlie,Login,26.31,27.15
1786001894.6927128,Alice,View,36.48,49.24
1786001894.6927154,Charlie,Logout,33.9,72.7
1786001894.692718,Alice,Purchase,57.87,79.83
1786001894.6927214,David,Logout,75.38,85.56
1786001894.692724,Alice,Login,28.68,87.01
1786001894.6927266,Charlie,Login,59.18,74.2
1786001894.6927292,Bob,View,15.56,61.6
1786001894.6927319,David,Logout,72.6,89.66
1786001894.6927347,Alice,View,49.45,47.46
1786001894.692737,David,View,54.38,50.53
1786001894.6927395,Bob,Search,80.55,36.78
1786001894.6927423,Charlie,Logout,47.4,30.48
1786001894.692745,Charlie,Login,83.54,68.72
1786001894.6927476,Bob,Logout,53.07,54.43
1786001894.6927507,Bob,Search,21.76,47.02
1786001894.6927533,Bob,Logout,33.84,68.98
1786001894.692756,Charlie,Logout,32.13,25.17
1786001894.6927588,Alice,Logout,78.0,53.74
1786001894.6927612,Alice,Purchase,70.3,37.79
1786001894.6927638,David,Login,41.12,62.34
1786001894.6927664,Alice,Logout,17.36,25.16
1786001894.6927693,Charlie,Purchase,31.46,36.68
1786001894.692772,Alice,Search,10.92,90.4
1786001894.6927743,Bob,Search,11.87,87.76
1786001894.6927772,Emma,Login,51.43,32.13
1786001894.6927795,Charlie,Logout,72.54,93.99
1786001894.6927822,Charlie,Purchase,72.03,44.39
1786001894.6927867,Emma,View,12.7,40.74
1786001894.6927898,Bob,Login,69.95,69.46
1786001894.6927927,David,View,44.7,81.24
1786001894.6927953,Bob,Login,63.04,55.85
1786001894.692798,Emma,Login,48.41,52.67
1786001894.692803,Charlie,Login,30.05,58.57
1786001894.6928053,David,Login,42.95,43.95
1786001894.6928082,David,Purchase,39.93,81.11
1786001894.6928108,Bob,Purchase,49.66,82.6
1786001894.6928136,Alice,Search,11.4,42.36
1786001894.692816,Emma,Search,86.44,92.02
1786001894.6928186,Alice,Search,69.91,71.72
1786001894.6928213,Bob,View,36.76,91.63
1786001894.692824,Bob,Purchase,33.17,60.18
1786001894.6928265,Bob,Search,67.41,48.79
1786001894.6928294,Alice,Search,49.49,86.18
1786001894.6928322,Charlie,View,69.12,67.56
1786001894.6928375,Charlie,Purchase,77.64,23.44
1786001894.69284,Charlie,Search,33.75,54.55
1786001894.692843,Alice,Login,35.39,27.11
1786001894.692846,Alice,Purchase,34.31,88.53
1786001894.692849,Bob,View,48.75,73.65
1786001894.6928518,Charlie,Search,88.1,50.26
1786001894.6928546,Bob,Login,53.58,83.52
1786001894.6928573,Alice,Logout,64.43,30.95
1786001894.6928604,David,View,67.32,48.31
1786001894.692863,Charlie,Logout,87.49,94.84
1786001894.6928656,David,Logout,77.07,94.12
1786001894.6928694,Bob,Search,87.71,93.08
1786001894.6928737,Emma,Login,37.64,88.01
1786001894.6928782,Emma,View,10.34,46.24
1786001894.6928837,Charlie,View,26.22,40.85
1786001894.6928866,Alice,View,26.7,49.15
1786001894.6928895,Emma,Search,34.9,23.49
1786001894.6928918,Emma,Logout,42.76,73.64
1786001894.6928947,David,Purchase,28.51,38.51
1786001894.6928992,David,View,60.2,65.5
1786001894.6929023,David,Purchase,89.99,28.44
1786001894.692905,Bob,Search,18.51,42.3
1786001894.6929076,Bob,Login,86.28,46.48
1786001894.6929104,Alice,Search,37.25,35.45
1786001894.6929128,Bob,View,74.64,58.22
1786001894.692918,Bob,Logout,35.03,63.85
1786001894.692921,David,Login,28.98,50.79
1786001894.6929235,David,Login,17.77,39.4
1786001894.6929278,Bob,Purchase,67.9,30.65
1786001894.6929307,David,Login,40.16,38.8
1786001894.6929338,Alice,Purchase,84.91,77.98
1786001894.6929371,David,View,34.47,21.92
1786001894.6929398,Alice,Purchase,16.57,55.63
1786001894.6929426,Charlie,Search,41.92,26.94
1786001894.692945,Charlie,Search,57.15,62.59
1786001894.6929476,David,Logout,49.41,46.58
1786001894.6929507,David,Login,14.58,43.59
1786001894.6929533,Bob,Purchase,10.25,55.14
1786001894.6929564,David,Logout,25.57,23.78
1786001894.692959,Emma,View,47.95,53.87
1786001894.6929626,Charlie,View,10.09,37.08
1786001894.692965,Charlie,Logout,83.65,72.31
1786001894.6929677,David,Login,49.72,67.86
1786001894.6929705,Charlie,Search,89.97,34.16
1786001894.692973,Charlie,View,69.97,28.51
1786001894.6929762,Charlie,View,89.78,67.36
1786001894.6929786,Emma,View,19.56,65.56
1786001894.6929815,Charlie,Purchase,20.57,39.58
1786001894.692984,Alice,Logout,86.99,55.81
1786001894.6929867,David,View,68.54,65.14
1786001894.692989,David,Login,71.79,52.94
1786001894.692994,David,View,73.76,21.47
1786001894.6929977,Charlie,Search,36.74,65.55
1786001894.693,Charlie,Search,83.62,86.61
1786001894.6930027,Alice,Login,81.61,69.94
1786001894.6930053,Charlie,Logout,38.05,73.97
1786001894.693008,Charlie,Login,58.71,78.63
1786001894.6930108,Alice,Search,39.74,42.76
1786001894.6930132,Bob,Purchase,20.02,46.06
1786001894.6930158,Charlie,Login,42.41,30.11
1786001894.6930187,Emma,Logout,38.79,58.9
1786001894.6930213,David,View,71.67,49.74
1786001894.6930234,Charlie,View,24.1,51.91
1786001894.6930282,David,Login,63.58,26.51
1786001894.6930308,Alice,View,70.09,26.78
1786001894.6930335,Alice,Search,84.99,36.24
1786001894.6930363,Emma,Purchase,56.38,27.88
1786001894.6930413,Alice,View,41.26,44.31
1786001894.6930444,Emma,Login,69.15,52.2
1786001894.6930487,Alice,View,26.64,51.2
1786001894.6930537,David,Purchase,83.1,77.11
1786001894.693059,Bob,Login,64.51,69.82
1786001894.693062,Alice,Logout,31.74,51.34
1786001894.6930668,Charlie,Login,43.44,88.34
1786001894.6930716,Emma,Login,77.59,74.31
1786001894.6930752,Alice,Search,23.63,24.45
1786001894.6930795,Emma,Search,88.03,92.18
1786001894.6930845,Emma,Search,67.86,21.21
1786001894.6930888,Alice,Login,87.35,65.53
1786001894.6930933,Alice,Login,62.26,52.98
1786001894.6930974,David,Search,37.11,87.65
1786001894.6931014,Charlie,Purchase,53.75,57.24
1786001894.693106,Emma,Logout,51.59,87.48
1786001894.6931133,Alice,Search,11.69,56.32
1786001894.6931164,Bob,Purchase,58.75,22.58
1786001894.693119,Bob,Login,48.22,91.67
1786001894.6931214,Charlie,Purchase,55.58,20.17
1786001894.693124,Alice,Login,84.72,70.73
1786001894.6931267,Bob,Logout,23.16,26.2
1786001894.6931293,Bob,View,34.71,49.94
1786001894.6931326,Emma,Login,54.36,23.39
1786001894.693137,David,Search,40.77,90.97
1786001894.6931415,Emma,Search,80.21,26.53
1786001894.6931458,Emma,Login,17.14,25.29
1786001894.6931503,Emma,Search,57.62,70.14
1786001894.6931548,Alice,Purchase,88.3,69.45
1786001894.6931596,Charlie,Search,66.79,86.55
1786001894.6931639,Alice,View,14.9,83.9
1786001894.6931689,Alice,Search,59.22,35.38
1786001894.6931746,Bob,View,75.0,21.56
1786001894.6931775,Bob,Logout,73.89,67.41
1786001894.69318,Alice,Search,66.32,51.98
1786001894.6931827,Alice,Login,68.61,61.45
1786001894.693185,Bob,Search,66.27,73.12
1786001894.6931875,Charlie,Search,74.92,55.64
1786001894.6931908,Bob,Search,11.96,27.72
1786001894.6931953,Alice,Search,69.56,93.37
1786001894.6931992,Bob,View,23.36,47.24
1786001894.6932032,David,Logout,36.15,71.23
1786001894.6932073,Alice,Login,52.44,43.96
1786001894.6932142,Alice,View,84.51,74.16
1786001894.6932192,Emma,Logout,12.35,60.21
1786001894.6932237,David,Logout,25.79,29.89
1786001894.693228,Alice,Login,86.18,51.5
1786001894.6932309,Bob,Login,70.38,84.73
1786001894.6932356,Alice,Search,72.79,84.73
1786001894.6932387,Bob,Logout,79.21,51.51
1786001894.6932435,Charlie,Search,15.84,88.93
1786001894.6932485,David,Logout,28.38,79.68
1786001894.6932535,Alice,Search,13.17,81.21
1786001894.6932566,Emma,Login,49.61,37.77
1786001894.6932592,Alice,Logout,26.86,81.81
1786001894.693262,David,Search,23.05,71.32
1786001894.6932645,Alice,View,66.0,49.16
1786001894.693267,Alice,Login,26.85,24.69
1786001894.69327,Emma,View,38.54,34.85
1786001894.6932726,Emma,Login,58.73,90.16
1786001894.6932774,Alice,Logout,28.41,35.83
1786001894.6932802,Alice,Logout,17.98,83.23
1786001894.6932828,David,Login,70.97,42.27
1786001894.6932855,Alice,View,62.67,85.32
1786001894.6932888,Bob,Logout,11.27,48.38
1786001894.6932921,Charlie,Search,67.08,73.47
1786001894.6932945,Charlie,Logout,44.09,81.87
1786001894.6932971,Bob,Logout,75.61,42.69
1786001894.6932998,Bob,Purchase,39.9,61.19
1786001894.6933022,David,Logout,21.28,33.29
1786001894.693305,Bob,View,25.66,66.21
1786001894.6933079,Charlie,View,71.41,61.86
1786001894.6933107,Bob,Search,80.94,55.87
1786001894.6933134,Bob,View,81.25,90.44
1786001894.6933157,Emma,Search,21.05,80.89
1786001894.6933186,David,Purchase,12.23,62.5
1786001894.6933212,Alice,Login,27.61,35.12
1786001894.693324,Emma,View,18.42,82.37
1786001894.6933265,Bob,Logout,13.38,28.85
1786001894.6933312,Bob,Login,21.0,46.92
1786001894.6933343,David,Search,29.29,26.92
1786001894.6933372,Alice,Login,67.1,27.27
1786001894.6933398,David,Search,37.79,50.52
1786001894.6933424,David,View,83.14,28.54
1786001894.6933453,Bob,Search,12.27,38.6
1786001894.693348,Charlie,Search,16.63,60.48
1786001894.6933525,Charlie,Search,26.63,55.54
1786001894.6933556,David,Logout,42.51,32.6
1786001894.6933582,David,View,37.8,31.19
1786001894.6933606,Emma,Search,43.67,30.11
1786001894.6933632,Bob,Logout,68.19,81.73
1786001894.6933658,Bob,Purchase,46.8,21.64
1786001894.6933684,Alice,View,13.56,41.44
1786001894.6933708,Emma,Login,37.94,93.35
1786001894.6933732,Alice,View,70.85,83.07
1786001894.693376,Charlie,Logout,47.73,83.24
1786001894.6933784,David,Search,40.67,44.2
1786001894.693381,Alice,View,20.55,34.5
1786001894.6933837,David,Login,40.84,22.58
1786001894.6933866,Alice,Purchase,73.52,88.45
1786001894.6933887,Charlie,Logout,30.05,66.78
1786001894.6933918,Alice,Login,84.3,66.72
1786001894.6933942,Bob,View,18.53,53.69
1786001894.6933968,Emma,Login,32.49,72.53
1786001894.6933992,David,Logout,44.39,74.7
1786001894.693402,Bob,Login,62.09,27.16
1786001894.6934047,Emma,Logout,23.12,94.52
1786001894.6934075,Emma,Search,23.9,76.98
1786001894.6934102,David,Purchase,42.79,63.0
1786001894.6934125,Emma,Logout,29.39,28.44
1786001894.6934156,Emma,Purchase,18.8,76.3
1786001894.693421,Bob,Search,15.68,30.57
1786001894.693424,Alice,Login,70.47,85.23
1786001894.6934266,Alice,Login,57.11,33.43
1786001894.693429,Charlie,Purchase,19.24,84.9
1786001894.6934316,Bob,Purchase,88.12,54.67
1786001894.693434,David,Login,65.57,24.05
1786001894.6934369,David,View,15.77,31.96
1786001894.6934395,Alice,Login,30.39,44.08
1786001894.6934423,Alice,Search,51.86,85.42
1786001894.6934445,Charlie,View,11.3,74.0
1786001894.6934474,Emma,Logout,65.03,32.91
1786001894.69345,David,Search,48.38,20.47
1786001894.6934526,Charlie,Login,57.94,43.35
1786001894.6934574,Bob,Purchase,28.5,72.39
1786001894.6934602,Alice,Login,68.61,30.58
1786001894.6934628,David,Login,40.54,79.03
1786001894.6934657,Alice,Purchase,63.52,46.76
1786001894.6934705,Alice,Search,29.66,94.22
1786001894.6934733,David,Search,45.23,89.22
1786001894.6934762,Alice,Purchase,25.75,57.62
1786001894.6934788,Charlie,Logout,72.16,39.44
1786001894.6934814,Bob,Search,87.87,61.25
1786001894.6934843,Alice,View,80.9,89.14
1786001894.693487,David,Purchase,11.67,64.68
1786001894.6934893,Bob,View,88.72,28.85
1786001894.6934922,Charlie,Logout,72.43,34.38
1786001894.693495,Charlie,View,58.78,26.31
1786001894.693498,David,Purchase,33.72,91.81
1786001894.6935008,Bob,Search,88.31,22.23
1786001894.693503,Alice,View,27.54,34.78
1786001894.6935058,Charlie,Purchase,72.03,67.71
1786001894.6935084,Emma,View,26.74,79.99
1786001894.6935132,Bob,Login,36.79,20.17
1786001894.693516,David,View,31.95,63.79
1786001894.6935186,Bob,View,88.63,85.9
1786001894.6935215,Emma,View,56.61,42.12
1786001894.693524,David,View,80.95,36.35
1786001894.6935265,Charlie,Purchase,48.86,92.03
1786001894.6935294,David,View,23.3,87.39
1786001894.693532,David,Logout,89.52,48.28
1786001894.6935353,Alice,View,47.42,40.73
1786001894.6935377,David,View,78.36,71.65
1786001894.6935403,Emma,View,36.81,39.17
1786001894.693543,David,Purchase,45.14,27.77
1786001894.6935456,David,Search,70.94,88.89
1786001894.6935482,Alice,Logout,70.75,52.74
1786001894.6935508,Charlie,Logout,64.74,94.1
1786001894.6935534,Emma,Logout,16.35,74.99
1786001894.693556,Charlie,Login,19.91,92.43
1786001894.6935582,David,View,41.25,60.7
1786001894.693561,Emma,Search,28.46,53.78
1786001894.6935637,Charlie,View,60.58,29.9
1786001894.6935666,Charlie,View,28.29,69.02
1786001894.693569,David,Logout,40.5,56.25
1786001894.6935718,Charlie,View,44.09,63.59
1786001894.6935744,Charlie,Logout,20.31,38.69
1786001894.693577,Charlie,Login,34.58,56.23
1786001894.6935794,Emma,View,59.82,85.97
1786001894.6935823,Alice,View,50.87,32.9
1786001894.6935868,Emma,Search,25.51,66.57
1786001894.6935897,David,View,33.39,70.24
1786001894.6935923,Emma,Logout,14.65,21.0
1786001894.6935954,Alice,Purchase,55.21,31.74
1786001894.693598,David,Login,41.35,38.53
1786001894.6936026,Alice,Purchase,21.55,90.82
1786001894.6936054,Bob,Login,88.57,65.87
1786001894.6936083,Alice,Purchase,82.39,72.1
1786001894.6936107,Alice,Search,32.23,29.63
1786001894.6936133,Emma,Purchase,88.42,32.39
1786001894.6936162,Alice,Purchase,14.6,51.52
1786001894.6936188,Emma,Purchase,85.44,46.94
1786001894.6936212,Emma,Logout,46.05,86.2
1786001894.693699,David,Login,38.89,33.88
1786001894.6937034,Bob,View,12.04,86.22
1786001894.693706,Charlie,View,25.72,53.42
1786001894.693709,Alice,Login,76.79,42.23
1786001894.6937115,Bob,Login,22.97,88.5
1786001894.6937263,Bob,Search,36.8,66.82
1786001894.693729,Bob,Purchase,37.22,32.82
1786001894.6937318,Charlie,Purchase,75.17,87.92
1786001894.6937344,Emma,Search,50.76,94.63
1786001894.6937373,Bob,View,45.44,30.14
1786001894.69374,David,Login,36.3,75.15
1786001894.6937423,Bob,Login,32.58,23.24
1786001894.6937454,Alice,Search,38.96,24.78
1786001894.6937482,Alice,Logout,13.69,83.7
1786001894.6937506,Alice,Search,85.52,36.3
1786001894.6937532,Emma,Search,14.06,93.58
1786001894.6937563,Alice,Search,67.4,70.86
1786001894.693759,David,Purchase,86.37,63.36
1786001894.6937616,Alice,Purchase,28.61,82.6
1786001894.6937644,Charlie,Logout,70.15,94.17
1786001894.6937668,Emma,Search,22.84,31.01
1786001894.6937697,David,View,56.18,81.69
1786001894.693772,David,Search,40.99,74.14
1786001894.6937768,Alice,Logout,73.41,58.75
1786001894.6937797,Bob,View,28.07,37.0
1786001894.6937828,Alice,Purchase,86.44,47.22
1786001894.6937857,David,Search,17.49,68.11
1786001894.693788,Bob,Logout,29.92,92.35
1786001894.6937907,Charlie,Logout,50.04,80.97
1786001894.6937933,Emma,Search,63.6,90.5
1786001894.693798,Alice,Purchase,77.68,53.61
1786001894.6938012,Alice,View,67.61,89.27
1786001894.6938038,Charlie,Search,34.83,56.54
1786001894.6938064,Bob,View,27.33,82.95
1786001894.6938088,Charlie,Login,78.36,91.92
1786001894.6938114,David,Search,79.02,51.51
1786001894.693814,Emma,Logout,82.95,72.88
1786001894.6938167,Bob,View,53.06,45.46
1786001894.693819,David,Purchase,86.23,57.8
1786001894.693822,Charlie,Search,84.13,21.72
1786001894.6938245,Bob,Purchase,82.85,74.7
1786001894.6938272,Bob,Logout,71.22,40.54
1786001894.6938295,Alice,View,83.89,57.81
1786001894.6938322,David,Purchase,72.96,22.13
1786001894.6938353,Charlie,Purchase,16.39,47.58
1786001894.693838,David,Purchase,59.56,34.56
1786001894.6938403,Charlie,Search,56.32,64.01
1786001894.6938426,Charlie,Search,19.86,42.97
1786001894.6938453,Emma,Login,71.09,70.16
1786001894.693848,Emma,Search,59.18,65.59
1786001894.6938505,Emma,Purchase,28.27,47.14
1786001894.6938531,David,Login,19.0,38.86
1786001894.6938558,Bob,Search,24.39,65.55
1786001894.6938589,Alice,Search,89.31,37.58
1786001894.6938615,Bob,Logout,74.38,79.25
1786001894.6938665,Bob,Search,50.63,26.73
1786001894.6938708,Alice,Search,19.29,53.38
1786001894.6938763,Alice,Login,74.17,69.4
1786001894.6938808,Emma,Search,62.75,21.92
1786001894.6938853,Bob,Login,32.43,29.49
1786001894.6938887,Bob,Purchase,70.89,60.9
1786001894.693891,David,Search,77.74,88.47
1786001894.6938937,Charlie,Purchase,31.04,70.56
1786001894.6938963,David,Logout,23.95,51.47
1786001894.6938987,Alice,Logout,54.54,37.95
1786001894.6939018,David,Logout,19.82,51.62
1786001894.6939042,Alice,Purchase,42.97,24.51
1786001894.6939068,Alice,Logout,18.45,65.74
1786001894.6939116,Alice,View,77.07,40.93
1786001894.693915,Bob,Purchase,28.55,91.51
1786001894.693918,Bob,Purchase,49.68,54.83
1786001894.6939209,Emma,Search,72.06,75.61
1786001894.6939232,Emma,Login,11.46,25.67
1786001894.6939278,Charlie,Purchase,58.19,57.15
1786001894.6939304,Emma,View,83.43,84.78
1786001894.693933,Charlie,Purchase,49.72,65.1
1786001894.6939356,Emma,View,55.34,74.0
1786001894.693939,David,Logout,48.29,39.78
1786001894.6939418,Emma,Search,16.86,92.93
1786001894.6939442,Bob,Search,83.88,36.31
1786001894.6939468,David,Search,80.46,82.9
1786001894.6939495,Charlie,View,15.89,21.13
1786001894.693952,Bob,Search,44.57,75.37
1786001894.6939547,Alice,Search,37.73,43.54
1786001894.6939573,Charlie,Search,58.33,86.74
1786001894.6939602,Emma,View,59.34,66.17
1786001894.6939626,Emma,Logout,44.88,34.5
1786001894.693967,Bob,Login,43.11,21.71
1786001894.6939697,Emma,Purchase,15.19,89.57
1786001894.6939726,Charlie,Purchase,31.41,81.6
1786001894.6939747,Bob,Search,82.58,71.05
1786001894.6939774,Alice,Login,51.77,22.65
1786001894.6939802,Bob,Login,52.57,32.19
1786001894.6939824,Bob,Logout,14.92,43.68
1786001894.693985,Bob,Logout,75.64,90.48
1786001894.693988,Bob,View,88.67,41.92
1786001894.6939905,Bob,Login,61.11,47.38
1786001894.6939929,David,Logout,41.84,20.11
1786001894.6939955,Bob,Logout,80.75,33.01
1786001894.693998,Emma,Logout,64.66,91.27
1786001894.6940005,Bob,Logout,67.2,46.59
1786001894.694003,David,Logout,77.17,71.96
1786001894.6940057,David,Logout,32.05,45.29
1786001894.6940086,Alice,Login,52.28,52.51
1786001894.6940114,David,Purchase,71.55,57.59
1786001894.6940138,Emma,View,87.72,87.77
1786001894.6940165,Alice,Login,41.74,78.81
1786001894.694019,Bob,View,76.71,44.86
1786001894.6940217,Charlie,Purchase,81.68,87.78
1786001894.694024,Alice,Login,16.73,82.46
1786001894.694027,Emma,Login,89.94,75.54
1786001894.6940296,Bob,Logout,69.81,54.23
1786001894.6940322,Bob,View,15.77,73.48
1786001894.6940346,Alice,View,59.54,37.72
1786001894.6940374,Bob,Search,32.93,61.02
1786001894.6940424,Emma,Login,29.86,35.89
1786001894.694045,David,Login,68.71,59.7
1786001894.6940477,Emma,Search,76.44,65.21
1786001894.694051,Alice,Search,21.5,58.25
1786001894.694056,Emma,Search,54.86,20.69
1786001894.6940587,Charlie,View,68.67,42.04
1786001894.6940615,Charlie,Purchase,24.34,77.02
1786001894.6940641,Emma,Logout,80.73,68.59
1786001894.694067,Alice,Login,41.46,29.02
1786001894.6940694,Bob,View,35.17,78.65
1786001894.6940722,Alice,View,79.09,34.58
1786001894.6940749,Alice,Purchase,81.89,84.28
1786001894.6940775,Emma,View,52.72,48.9
1786001894.69408,Alice,Search,84.07,61.01
1786001894.6940827,Charlie,Purchase,18.69,35.39
1786001894.6940858,Alice,Purchase,76.27,42.3
1786001894.6940887,Bob,Search,77.2,70.22
1786001894.6940932,Bob,Search,47.21,77.34
1786001894.6940963,Bob,Logout,30.3,42.21
1786001894.6940992,David,Login,11.74,47.24
1786001894.694102,David,Purchase,45.14,36.14
1786001894.6941047,Charlie,Login,43.84,52.32
1786001894.6941068,Alice,View,26.75,60.43
1786001894.6941097,Bob,Login,66.21,91.16
1786001894.694112,Bob,View,11.08,48.65
1786001894.694115,David,Login,28.97,40.18
1786001894.6941175,Charlie,Logout,10.58,20.14
1786001894.6941204,David,Search,59.46,82.11
1786001894.6941228,Alice,Purchase,68.71,22.07
1786001894.6941254,Emma,Logout,79.78,20.2
1786001894.6941288,Charlie,View,84.38,60.63
1786001894.6941311,Emma,View,27.77,80.24
1786001894.694134,David,View,29.18,54.57
1786001894.6941366,Charlie,Logout,73.13,25.87
1786001894.6941388,Alice,Search,42.67,60.12
1786001894.6941435,Charlie,Login,86.04,84.2
1786001894.6941464,Emma,Login,71.3,42.9
1786001894.694149,David,Purchase,22.74,87.97
1786001894.6941516,Alice,View,12.58,61.7
1786001894.694154,Bob,Search,25.42,41.06
1786001894.694157,Charlie,Login,87.38,74.6
1786001894.6941595,Bob,Login,48.53,26.94
1786001894.6941645,Alice,Search,54.07,47.49
1786001894.6941671,Emma,Logout,29.38,69.73
1786001894.6941698,Charlie,Logout,86.33,83.04
1786001894.6941726,David,Purchase,31.75,38.01
1786001894.6941752,Alice,Logout,44.04,73.81
1786001894.694178,David,Purchase,72.11,79.16
1786001894.6941807,Emma,Search,11.59,23.56
1786001894.694183,Emma,Purchase,83.88,27.46
1786001894.6941857,Charlie,Purchase,80.6,87.76
1786001894.6941884,Alice,Logout,42.34,28.75
1786001894.6941907,David,Search,72.15,55.39
1786001894.6941934,Charlie,Logout,21.77,62.58
1786001894.694196,David,Logout,80.99,75.88
1786001894.6941986,Emma,Login,12.76,32.59
1786001894.694201,Bob,Purchase,15.67,37.38
1786001894.6942034,Alice,Login,36.59,87.37
1786001894.6942065,Alice,Purchase,59.9,80.56
1786001894.694209,Alice,Purchase,12.29,49.48
1786001894.6942117,Alice,Purchase,12.26,31.79
1786001894.6942143,Bob,Purchase,18.79,76.47
1786001894.694217,David,Search,61.7,66.29
1786001894.6942196,Bob,Search,29.79,73.07
1786001894.6942225,Alice,Logout,13.04,84.24
1786001894.694225,Bob,Login,25.63,78.7
1786001894.6942277,Emma,View,83.43,27.48
1786001894.6942317,Charlie,Logout,28.39,62.22
1786001894.694235,David,Search,57.06,36.01
1786001894.694238,David,Logout,19.49,46.87
1786001894.6942408,David,Login,21.48,71.96
1786001894.6942434,Emma,Logout,70.6,42.14
1786001894.6942456,Alice,Login,35.55,62.84
1786001894.6942482,Alice,Purchase,85.22,68.47
1786001894.6942508,David,Search,58.14,25.81
1786001894.6942537,Alice,Purchase,36.63,22.74
1786001894.694256,Bob,View,83.16,39.04
1786001894.6942592,Charlie,View,89.14,44.67
1786001894.694262,Charlie,Logout,54.02,44.39
1786001894.6942647,David,Purchase,89.0,49.92
1786001894.6942673,Emma,Search,51.14,85.25
1786001894.6942718,Emma,Search,68.66,64.15
1786001894.6942747,Charlie,Purchase,20.7,29.13
1786001894.6942773,David,Login,25.86,38.76
1786001894.6942801,David,Purchase,46.61,88.01
1786001894.694285,David,Search,82.2,84.6
1786001894.6942873,Alice,View,77.35,73.12
1786001894.6942902,David,Login,68.84,83.73
1786001894.6942928,Alice,View,56.35,32.03
1786001894.6942954,David,View,56.02,43.18
1786001894.694298,David,View,23.53,26.95
1786001894.6943007,Bob,View,46.71,43.7
1786001894.6943033,Charlie,View,66.81,30.47
1786001894.694306,Alice,View,50.4,33.58
1786001894.6943083,Bob,Login,89.43,58.0
1786001894.694311,Bob,Logout,55.68,44.88
1786001894.6943135,Alice,Search,45.67,74.57
1786001894.6943164,Alice,Login,53.15,46.71
1786001894.6943188,Emma,Purchase,71.27,40.53
1786001894.6943233,Emma,Purchase,53.9,38.3
1786001894.6943266,Emma,Search,58.91,93.95
1786001894.6943293,David,Purchase,25.02,83.96
1786001894.694332,Emma,Logout,51.0,92.05
1786001894.694335,David,Search,23.68,63.74
1786001894.6943378,Bob,View,28.98,92.86
1786001894.694341,Bob,Login,43.72,47.09
1786001894.6943433,Alice,Purchase,37.61,79.49
1786001894.694346,Alice,View,74.06,79.92
1786001894.6943488,Bob,Login,78.54,24.79
1786001894.6943517,Charlie,Search,31.91,63.28
1786001894.6943538,Emma,View,64.06,56.14
1786001894.6943564,Emma,View,60.61,74.76
1786001894.6943593,David,Purchase,39.11,26.86
1786001894.6943622,Charlie,Logout,29.49,46.94
1786001894.6943653,Bob,Search,40.62,32.08
1786001894.6943676,Charlie,Purchase,65.27,65.36
1786001894.6943703,David,Logout,79.81,52.5
1786001894.6943738,Alice,Logout,58.25,28.66
1786001894.6943767,Emma,Login,73.42,91.1
1786001894.6943796,Emma,Purchase,55.75,67.71
1786001894.694383,Emma,Logout,25.38,78.13
1786001894.694386,Alice,Logout,69.23,40.12
1786001894.6943884,Emma,Logout,56.57,38.05
1786001894.6943913,Bob,View,74.54,28.17
1786001894.694394,Bob,Login,62.61,69.21
1786001894.6943967,David,Search,75.44,29.94
1786001894.6943996,Charlie,Search,52.75,93.91
1786001894.6944022,Bob,Purchase,20.11,61.07
1786001894.6944067,Charlie,Purchase,29.78,22.03
1786001894.6944094,David,View,16.49,76.66
1786001894.6944125,Alice,Login,67.6,92.73
1786001894.6944172,David,View,28.09,45.97
1786001894.6944199,Bob,Purchase,18.93,54.71
1786001894.6944225,Bob,View,88.03,44.7
1786001894.694425,Charlie,Search,47.5,69.92
1786001894.6944282,Emma,View,72.3,21.91
1786001894.6944308,Bob,Logout,81.61,31.04
1786001894.694433,Bob,Purchase,78.13,87.8
1786001894.6944358,Emma,Login,36.21,69.29
1786001894.6944387,Charlie,Login,57.01,36.53
1786001894.6944413,Emma,Logout,56.43,94.79
1786001894.6944437,Bob,Login,61.25,59.09
1786001894.6944463,David,View,10.55,20.52
1786001894.694449,Emma,Purchase,12.83,52.27
1786001894.6944516,Alice,Login,17.13,63.06
1786001894.694456,Bob,View,79.22,69.89
1786001894.694459,Charlie,View,13.5,78.47
1786001894.6944616,Alice,View,16.51,48.11
1786001894.6944644,David,Login,79.95,78.39
1786001894.694467,Emma,Login,65.51,79.23
1786001894.6944697,Emma,Login,71.6,75.34
1786001894.694472,Bob,View,77.56,63.8
1786001894.694475,Alice,Login,84.39,87.55
1786001894.6944776,Charlie,Login,45.02,83.39
1786001894.6944802,David,View,77.04,25.37
1786001894.6944833,Alice,View,61.87,49.38
1786001894.6944854,David,Login,28.1,26.11
1786001894.6944883,Bob,Logout,24.5,22.49
1786001894.6944907,Emma,Purchase,63.67,76.78
1786001894.6944933,David,View,59.09,27.1
1786001894.694496,Bob,View,53.21,58.66
1786001894.6944988,Bob,Search,52.97,21.07
1786001894.6945033,Bob,View,20.76,43.48
1786001894.694506,Emma,View,24.23,64.5
1786001894.6945093,Bob,View,63.38,33.27
1786001894.694512,David,Login,22.69,59.07
1786001894.6945152,Alice,View,40.83,45.74
1786001894.694518,Alice,Logout,26.09,44.2
1786001894.6945205,Alice,View,24.3,36.04
1786001894.694523,Alice,Search,22.64,92.82
1786001894.6945274,David,Purchase,50.19,52.79
1786001894.6945302,Alice,Logout,69.12,81.93
1786001894.694533,Alice,Logout,27.44,28.52
1786001894.6945357,Alice,Login,64.31,80.73
1786001894.6945384,Charlie,Logout,69.87,37.55
1786001894.6945407,David,Search,45.37,45.67
1786001894.694544,Charlie,Purchase,68.14,88.16
1786001894.694547,David,Purchase,56.44,54.65
1786001894.6945496,Bob,Login,89.59,92.14
1786001894.6945517,Charlie,Search,84.95,85.02
1786001894.6945546,Bob,Purchase,21.47,48.47
1786001894.6945572,David,Purchase,40.76,59.14
1786001894.6945596,Bob,Search,52.35,70.9
1786001894.6945622,David,Purchase,64.04,87.16
1786001894.694565,Emma,Purchase,78.23,67.18
1786001894.6945677,Emma,Login,81.04,37.41
1786001894.6945703,Charlie,Logout,74.75,40.11
1786001894.6945727,Bob,Login,40.34,48.28
1786001894.6945753,Alice,Logout,25.09,75.39
1786001894.694578,Charlie,View,20.27,72.66
1786001894.6945808,David,Login,62.68,67.78
1786001894.6945832,Bob,Search,62.6,81.46
1786001894.694586,Bob,View,32.13,43.81
1786001894.6945891,Emma,View,83.67,51.93
1786001894.6945941,Emma,Purchase,85.29,20.55
1786001894.694597,Alice,Purchase,57.88,36.55
1786001894.6946,Emma,Login,66.87,69.21
1786001894.6946034,Charlie,Logout,54.83,47.5
1786001894.6946063,David,Login,71.51,53.97
1786001894.694609,Charlie,View,62.39,59.86
1786001894.6946123,David,Login,83.37,60.49
1786001894.694615,David,Login,37.24,86.91
1786001894.6946175,David,Logout,85.51,58.52
1786001894.6946204,Alice,Purchase,55.18,47.46
1786001894.694623,Charlie,Login,26.45,80.79
1786001894.6946256,Bob,Purchase,35.93,57.01
1786001894.694628,Bob,Login,13.24,70.48
1786001894.6946306,Emma,Login,13.85,25.59
1786001894.694635,Bob,Logout,14.68,65.87
1786001894.6946383,Bob,Logout,87.91,74.85
1786001894.694641,Emma,Login,15.89,40.48
1786001894.6946437,Bob,View,36.74,65.79
1786001894.6946485,Bob,Logout,17.11,82.35
1786001894.6946514,Alice,Login,35.91,81.94
1786001894.694654,Alice,Login,54.67,44.89
1786001894.6946566,Emma,Logout,38.74,69.38
1786001894.694659,David,Logout,22.25,48.33
1786001894.6946619,Emma,Login,76.46,79.21
1786001894.6946645,Charlie,Purchase,82.04,21.33
1786001894.6946669,Bob,View,40.29,28.61
1786001894.6946692,Charlie,Purchase,78.2,69.19
1786001894.6946719,Emma,Search,40.85,43.66
1786001894.6946745,Bob,Purchase,84.83,34.79
1786001894.6946774,Alice,Purchase,83.29,29.42
1786001894.6946797,Emma,Purchase,65.69,41.97
1786001894.6946824,Charlie,Login,71.67,92.77
1786001894.6946886,David,View,58.54,80.74
1786001894.6946933,Bob,Logout,46.1,69.42
1786001894.6946986,Charlie,View,25.31,90.78
1786001894.6947012,Charlie,Login,10.35,58.51
1786001894.6947043,Emma,Purchase,60.65,35.65
1786001894.6947072,David,Purchase,39.52,35.78
1786001894.69471,Bob,View,30.04,25.45
1786001894.6947126,Alice,Login,30.43,68.33
1786001894.694715,Alice,Purchase,76.92,58.06
1786001894.6947176,David,View,63.5,83.47
1786001894.6947205,Charlie,View,78.11,21.32
1786001894.6947234,Alice,Login,47.18,31.27
1786001894.6947262,Alice,Purchase,34.4,27.36
1786001894.6947289,Alice,Search,43.65,24.09
1786001894.6947317,Bob,Login,14.02,31.54
1786001894.6947343,Bob,Logout,66.26,34.82
1786001894.694737,Charlie,Purchase,19.87,85.45
1786001894.6947393,Bob,Purchase,59.66,86.04
1786001894.694742,Emma,Login,83.6,39.7
1786001894.6947446,Charlie,Search,78.11,46.97
1786001894.6947474,Bob,Search,56.47,40.4
1786001894.69475,David,Purchase,52.83,32.8
1786001894.6947527,David,View,24.77,81.52
1786001894.6947553,Charlie,Logout,16.77,43.19
1786001894.694758,Charlie,Purchase,32.4,59.97
1786001894.6947608,Alice,Search,59.04,92.94
1786001894.6947632,Charlie,Purchase,45.37,74.88
1786001894.6947658,Charlie,View,15.05,25.95
1786001894.6947687,Bob,Login,31.86,59.24
1786001894.6947734,Bob,Search,73.14,28.03
1786001894.694776,Charlie,Logout,53.34,35.28
1786001894.6947787,Emma,Purchase,51.63,90.68
1786001894.6947834,David,Login,43.76,74.8
1786001894.6947863,Bob,Logout,42.05,40.27
1786001894.694789,Alice,Purchase,85.27,30.12
1786001894.6947918,Bob,Logout,10.9,34.76
1786001894.6947942,Emma,View,85.32,44.88
1786001894.6947968,Emma,Purchase,74.13,72.37
1786001894.6947994,Bob,Purchase,86.99,53.47
1786001894.6948018,Bob,Purchase,18.11,67.76
1786001894.6948042,Charlie,Logout,75.92,54.39
1786001894.6948068,David,Login,47.59,46.29
1786001894.69481,Bob,Login,39.19,83.35
1786001894.6948123,Charlie,Logout,37.08,71.32
1786001894.6948147,David,Login,81.83,38.32
1786001894.6948173,Emma,View,76.9,44.2
1786001894.6948223,Emma,Logout,89.05,75.39
1786001894.6948252,Bob,Login,75.27,51.99
1786001894.694828,David,Login,31.2,92.32
1786001894.6948307,David,Login,43.84,23.69
1786001894.694833,Emma,Logout,86.61,83.76
1786001894.6948357,Emma,Search,53.9,25.72
1786001894.6948385,Emma,Purchase,66.36,26.96
1786001894.6948411,Alice,View,31.31,68.53
1786001894.694844,Alice,View,28.4,34.77
1786001894.6948464,Emma,Search,65.36,70.16
1786001894.6948493,Alice,Purchase,39.31,90.23
1786001894.6948519,David,Purchase,29.74,71.94
1786001894.6948547,Bob,Login,88.72,85.15
1786001894.6948574,David,Search,57.47,76.87
1786001894.6948602,Charlie,Search,75.57,64.61
1786001894.694863,Bob,Login,69.29,87.9
1786001894.6948664,Alice,View,19.23,32.01
1786001894.6948729,Emma,Login,50.13,33.3
1786001894.6948776,Bob,Purchase,68.01,93.69
1786001894.6948824,Alice,Search,31.98,78.26
1786001894.694885,Charlie,Logout,65.73,91.88
1786001894.694888,Emma,Login,19.29,81.18
1786001894.694891,David,Purchase,60.03,60.33
1786001894.6948936,Alice,Login,28.36,58.17
1786001894.6948965,Bob,Purchase,33.04,74.17
1786001894.6948988,Alice,Login,72.94,89.08
1786001894.6949039,David,Purchase,27.2,63.99
1786001894.6949067,Emma,Search,88.28,49.47
1786001894.694909,Alice,Purchase,68.64,79.49
1786001894.6949122,Alice,Logout,68.39,68.48
1786001894.6949148,Charlie,Purchase,32.17,87.42
1786001894.6949177,Bob,Purchase,68.43,59.85
1786001894.6949203,Alice,Search,48.82,29.73
1786001894.6949227,Charlie,View,13.58,51.36
1786001894.6949258,Bob,Logout,63.51,91.22
1786001894.6949284,Alice,Logout,20.43,66.65
1786001894.6949313,David,Purchase,61.15,34.75
1786001894.6949341,Emma,Search,70.55,39.96
1786001894.6949368,Bob,Purchase,54.9,62.69
1786001894.6949396,Bob,Login,84.14,45.44
1786001894.6949422,Charlie,Purchase,87.56,87.11
1786001894.6949453,Alice,View,42.31,58.8
1786001894.694948,Charlie,Login,28.79,48.78
1786001894.6949508,Alice,Logout,24.25,55.92
1786001894.6949537,Alice,Purchase,70.56,32.85
1786001894.6949563,Bob,Logout,44.2,76.77
1786001894.694959,Charlie,Login,35.56,55.91
1786001894.6949613,Emma,Logout,65.94,58.31
1786001894.6949642,Emma,Logout,15.34,90.73
1786001894.6949685,Emma,Search,17.53,39.93
1786001894.6949713,Bob,Logout,65.26,59.57
1786001894.694974,Bob,Logout,72.43,48.09
1786001894.694977,Bob,View,32.39,91.74
1786001894.6949797,Alice,Login,60.69,37.58
1786001894.6949823,Bob,View,37.93,81.95
1786001894.6949852,Bob,Search,80.0,49.47
1786001894.6949878,Bob,Purchase,85.61,67.48
1786001894.6949904,Alice,View,14.43,82.78
1786001894.6949928,Charlie,Login,76.0,82.36
1786001894.6949956,Charlie,Search,78.78,21.91
1786001894.6949985,David,Logout,48.1,43.0
1786001894.6950011,David,View,63.24,56.99
1786001894.6950042,Emma,Purchase,19.82,36.39
1786001894.6950066,Alice,Purchase,50.49,92.58
1786001894.6950116,Bob,Search,39.1,57.7
1786001894.6950145,Bob,Search,36.4,46.93
1786001894.6950169,Emma,Login,45.78,44.89
1786001894.6950197,David,Search,73.38,76.51
1786001894.6950245,Bob,Purchase,72.14,52.75
1786001894.6950274,Bob,Search,22.77,35.56
1786001894.6950302,Emma,Login,37.89,72.19
1786001894.6950326,David,Purchase,34.28,22.89
1786001894.6950355,Charlie,Logout,12.77,55.4
1786001894.6950378,Charlie,Search,54.35,89.99
1786001894.6950405,Alice,Search,42.04,82.26
1786001894.6950433,Alice,Login,89.32,68.19
1786001894.695046,David,View,68.58,93.88
1786001894.6950488,Bob,Purchase,65.38,64.95
1786001894.695051,Emma,View,47.31,20.47
1786001894.6950538,Charlie,Login,66.65,87.02
1786001894.6950567,Alice,Login,76.29,73.43
1786001894.6950614,Bob,Logout,63.49,38.81
1786001894.6950643,Bob,Logout,72.51,37.13
1786001894.6950672,David,Login,68.07,35.42
1786001894.69507,David,Search,66.93,41.26
1786001894.6950727,Alice,Purchase,31.4,60.26
1786001894.6950753,Alice,Logout,23.01,55.26
1786001894.695078,David,Logout,65.69,46.91
1786001894.6950808,Charlie,Logout,64.46,26.64
1786001894.695083,Alice,View,69.99,66.18
1786001894.6950855,Charlie,Logout,26.1,83.15
1786001894.6950881,David,Purchase,40.38,54.75
1786001894.695091,Bob,Login,51.97,87.29
1786001894.6950934,David,View,59.11,79.89
1786001894.6950958,Alice,Search,51.21,45.4
1786001894.6950986,Bob,Search,42.29,36.29
1786001894.6951013,Charlie,View,48.9,54.54
1786001894.6951036,Charlie,Login,50.91,66.16
1786001894.6951063,David,Login,68.93,46.72
1786001894.695109,Emma,Logout,60.56,88.53
1786001894.6951115,David,Search,64.53,48.73
1786001894.6951137,David,View,68.14,31.38
1786001894.6951163,Charlie,Search,43.72,69.32
1786001894.6951199,David,Logout,60.91,69.38
1786001894.6951225,Emma,View,81.04,52.67
1786001894.695125,Emma,View,12.89,35.67
1786001894.6951272,Emma,Logout,84.4,59.19
1786001894.69513,David,Purchase,16.16,49.01
1786001894.6951327,Bob,Logout,28.96,45.57
1786001894.695135,Alice,Search,75.42,53.59
1786001894.6951401,David,Logout,39.72,87.03
1786001894.695143,Bob,View,76.83,65.33
1786001894.6951458,Emma,Purchase,31.47,58.64
1786001894.6951501,David,Logout,33.85,42.94
1786001894.695153,Alice,Login,29.8,84.46
1786001894.6951556,Alice,Search,45.96,75.28
1786001894.6951582,David,View,45.78,82.8
1786001894.6951609,David,View,74.76,75.8
1786001894.6951635,David,Login,51.59,34.6
1786001894.6951659,Charlie,Logout,89.79,86.72
1786001894.6951685,Emma,Purchase,88.35,66.94
1786001894.695171,David,Login,51.06,47.56
1786001894.695174,Emma,Login,38.45,74.14
1786001894.6951764,Emma,Search,62.71,66.72
1786001894.6951792,Bob,Login,40.28,22.67
1786001894.6951818,Charlie,Login,54.98,92.61
1786001894.6951845,David,Logout,60.89,36.44
1786001894.6951869,Charlie,Search,66.6,54.41
1786001894.6951914,Alice,View,70.69,80.69
1786001894.695194,Alice,Login,29.3,44.18
1786001894.6951966,Charlie,Purchase,18.4,65.88
1786001894.6952069,Charlie,Login,78.74,61.23
1786001894.69521,Emma,Search,36.88,54.74
1786001894.6952128,Alice,View,25.2,43.04
1786001894.695216,Bob,Logout,28.54,90.04
1786001894.695218,Charlie,Purchase,15.43,73.66
1786001894.695221,Alice,Login,88.21,29.99
1786001894.6952238,Alice,Search,19.41,37.27
1786001894.6952264,David,Search,75.58,70.18
1786001894.6952288,Charlie,Search,15.94,21.58
1786001894.6952314,Charlie,Login,10.23,42.43
1786001894.695234,Bob,Logout,37.88,41.98
1786001894.6952367,Alice,Purchase,44.2,73.61
1786001894.6952393,Emma,View,76.31,34.6
1786001894.6952443,David,View,78.08,80.79
1786001894.6952477,Emma,Search,58.27,63.4
1786001894.6952503,Alice,Logout,47.67,22.56
1786001894.695253,Charlie,View,65.7,31.7
1786001894.6952558,Charlie,Search,85.16,29.59
1786001894.6952581,Charlie,Search,46.11,94.39
1786001894.695261,Emma,Search,75.08,76.05
1786001894.6952639,Alice,Logout,35.95,93.99
1786001894.6952662,Alice,Search,49.07,92.56
1786001894.695271,Charlie,Logout,77.55,54.57
1786001894.6952734,Alice,Logout,84.33,91.47
1786001894.6952763,Emma,View,17.78,70.6
1786001894.6952791,Charlie,Purchase,19.19,55.2
1786001894.6952815,Bob,Login,47.54,74.09
1786001894.6952841,Bob,Purchase,69.61,22.69
1786001894.6952872,David,Logout,82.23,41.41
1786001894.6952896,Bob,Purchase,62.48,62.67
1786001894.6952922,Emma,Purchase,63.94,83.4
1786001894.6952946,Alice,Logout,65.01,63.95
1786001894.6952972,Bob,View,26.4,64.46
1786001894.6952999,Alice,Login,65.02,76.69
1786001894.6953027,Charlie,Login,22.41,59.52
1786001894.6953056,Emma,Login,39.0,61.92
1786001894.6953082,Charlie,Login,69.42,31.92
1786001894.6953106,Charlie,Login,44.16,51.29
1786001894.6953135,Charlie,Search,78.13,58.56
1786001894.695316,Emma,Login,28.38,49.98
1786001894.6953185,Charlie,Logout,50.79,28.16
1786001894.695321,David,Search,32.96,35.85
1786001894.695324,Alice,Purchase,67.99,46.45
1786001894.6953266,Alice,Purchase,40.55,54.8
1786001894.695329,Emma,Search,86.1,68.81
1786001894.6953335,Alice,View,51.21,40.72
1786001894.695336,David,Purchase,31.66,28.34
1786001894.695339,Bob,Login,18.38,69.11
1786001894.6953416,Alice,View,19.01,49.99
1786001894.6953444,Charlie,Search,21.32,72.4
1786001894.6953473,Emma,Purchase,84.07,47.93
1786001894.6953497,David,Login,18.96,64.62
1786001894.6953523,Charlie,Purchase,72.31,89.96
1786001894.695355,Emma,Logout,33.87,28.31
1786001894.6953578,Charlie,Search,46.58,34.19
1786001894.69536,Bob,View,50.44,62.99
1786001894.695363,Charlie,Search,23.23,31.78
1786001894.6953654,David,View,23.87,53.07
1786001894.6953683,Alice,Search,21.99,39.43
1786001894.6953707,David,View,83.07,31.68
1786001894.6953757,Charlie,Search,68.61,22.43
1786001894.6953793,Emma,Search,35.29,87.36
1786001894.6953816,Alice,Logout,65.46,51.94
1786001894.6953845,Bob,Purchase,52.64,72.42
1786001894.6953871,Bob,View,49.37,47.46
1786001894.6953917,Charlie,View,29.77,66.94
1786001894.6953945,Bob,Logout,89.06,55.18
1786001894.6953979,David,Logout,37.39,47.63
1786001894.6954005,Charlie,View,17.82,34.84
1786001894.695403,Charlie,Purchase,25.66,57.39
1786001894.6954057,Alice,Search,53.63,92.29
1786001894.6954083,Charlie,View,83.84,85.83
1786001894.6954112,Bob,View,66.77,45.9
1786001894.6954143,Alice,Search,68.61,84.4
1786001894.6954172,Bob,View,28.65,64.48
1786001894.6954195,Charlie,Login,10.48,36.99
1786001894.6954224,Bob,Search,87.47,89.58
1786001894.6954274,David,Search,24.6,35.34
1786001894.69543,Alice,Search,60.8,63.51
1786001894.6954327,Alice,Login,68.5,40.0
1786001894.695436,Alice,Logout,29.97,68.4
1786001894.6954386,Emma,Login,10.09,25.8
1786001894.6954412,Alice,View,22.18,87.96
1786001894.6954439,Alice,Search,79.45,20.42
1786001894.6954465,Bob,Logout,47.44,44.91
1786001894.695449,Charlie,Logout,38.47,52.98
1786001894.6954517,Bob,Login,68.4,30.41
1786001894.6954541,Emma,Login,71.14,41.95
1786001894.6954565,Charlie,Logout,78.66,31.65
1786001894.6954591,Emma,View,55.21,94.89
1786001894.6954618,David,View,79.87,88.29
1786001894.6954646,Emma,Login,55.43,43.36
1786001894.695467,Emma,Login,58.3,49.15
1786001894.6954696,Bob,Purchase,39.43,34.24
1786001894.6954725,Charlie,Purchase,25.2,45.23
1786001894.695475,Bob,Login,41.1,50.15
1786001894.695478,Emma,Login,60.28,70.89
1786001894.6954806,Bob,View,52.58,74.36
1786001894.6954832,David,Login,11.89,71.33
1786001894.6954856,David,Purchase,32.64,47.77
1786001894.6954885,Alice,Purchase,80.91,43.51
1786001894.695491,Charlie,View,82.0,94.77
1786001894.6954937,Bob,Logout,68.06,59.32
1786001894.695496,Emma,Search,25.07,29.85
1786001894.695499,Bob,Search,29.63,75.2
1786001894.6955016,Charlie,Login,50.72,71.81
1786001894.6955044,David,Purchase,41.4,24.3
1786001894.695509,Emma,Login,46.81,53.19
1786001894.6955118,David,Logout,69.43,49.82
1786001894.6955166,Alice,View,56.2,93.45
1786001894.6955192,Charlie,Purchase,76.93,40.28
1786001894.6955218,Bob,Logout,28.6,47.21
1786001894.695525,David,Logout,85.24,34.7
1786001894.6955273,Bob,Login,53.76,35.41
1786001894.6955302,Bob,Purchase,59.21,23.14
1786001894.6955328,Emma,View,82.99,74.17
1786001894.6955357,Bob,Logout,29.27,28.8
1786001894.6955383,Alice,Purchase,37.03,84.73
1786001894.6955407,Emma,Login,60.75,63.66
1786001894.6955433,Bob,Search,80.4,56.81
1786001894.6955462,Emma,Logout,26.81,37.62
1786001894.6955485,Emma,Logout,35.62,32.17
1786001894.6955512,Alice,View,75.88,50.29
1786001894.6955538,Emma,Logout,50.0,59.46
1786001894.6955583,Emma,Logout,69.48,79.42
1786001894.6955612,Charlie,Logout,12.78,64.57
1786001894.6955643,David,Purchase,51.52,39.82
1786001894.695567,Alice,Purchase,88.02,55.06
1786001894.6955698,Alice,Search,33.55,52.22
1786001894.6955724,Bob,Login,80.11,43.31
1786001894.695575,Bob,View,81.3,90.47
1786001894.695578,Emma,Purchase,42.7,91.09
1786001894.6955807,Emma,Logout,13.35,35.44
1786001894.6955833,Emma,Search,38.21,91.29
1786001894.695586,Bob,Search,68.8,46.65
1786001894.6955886,David,Login,32.76,40.79
1786001894.6955914,Charlie,Logout,41.78,81.13
1786001894.695594,Alice,Purchase,89.02,78.41
1786001894.6955965,Alice,Logout,53.54,50.98
1786001894.695599,Bob,Purchase,54.42,69.79
1786001894.6956036,Bob,Login,21.38,38.27
1786001894.6956065,David,View,76.24,50.07
1786001894.6956096,David,Login,14.41,32.01
1786001894.6956122,Emma,View,87.46,31.51
1786001894.6956148,David,Logout,76.12,80.95
1786001894.6956174,Alice,Search,74.05,88.03
1786001894.6956205,Bob,Logout,27.46,35.42
1786001894.6956234,David,Logout,29.92,35.2
1786001894.695626,Charlie,Logout,45.41,61.42
1786001894.6956308,David,Logout,32.88,31.93
1786001894.6956336,Emma,Login,63.19,57.42
1786001894.6956365,Bob,Purchase,67.65,83.84
1786001894.6956391,Alice,Logout,15.92,30.41
1786001894.6956415,Bob,Purchase,55.08,88.54
1786001894.6956441,David,Search,78.53,22.41
1786001894.6956468,David,View,57.06,68.13
1786001894.6956494,Bob,Search,33.26,81.19
1786001894.695652,Alice,Purchase,15.32,73.75
1786001894.6956549,David,Purchase,73.78,68.81
1786001894.6956573,Emma,Logout,15.65,72.63
1786001894.6956599,Alice,Search,85.54,89.17
1786001894.6956623,Bob,Search,82.54,56.01
1786001894.695665,Bob,Search,31.73,32.92
1786001894.6956675,David,Logout,64.66,57.79
1786001894.6956701,Emma,View,46.85,87.53
1786001894.6956725,Emma,Search,39.77,46.56
1786001894.6956754,Bob,Search,56.95,50.04
1786001894.6956863,Bob,Search,88.33,74.35
1786001894.6956892,Charlie,Logout,71.17,32.18
1786001894.6956918,Emma,Logout,62.14,87.0
1786001894.6956947,David,Login,13.53,25.67
1786001894.6956973,Charlie,Search,13.98,45.93
1786001894.695702,Bob,View,37.99,66.57
1786001894.6957052,Bob,Login,27.44,59.51
1786001894.6957076,David,Search,82.29,52.16
1786001894.6957102,Alice,Logout,57.03,51.93
1786001894.695713,Alice,Search,55.47,64.79
1786001894.6957161,Charlie,Login,21.36,41.62
1786001894.6957188,Alice,Purchase,85.28,66.92
1786001894.6957211,David,Purchase,76.01,72.91
1786001894.695724,Charlie,Purchase,54.13,83.04
1786001894.6957269,Bob,Logout,88.09,35.43
1786001894.6957295,Alice,Login,42.65,28.14
1786001894.695732,Alice,Logout,48.08,58.82
1786001894.6957347,Bob,Logout,18.53,29.24
1786001894.6957374,Charlie,Purchase,82.61,63.83
1786001894.69574,David,Purchase,78.02,87.9
1786001894.6957426,Emma,Logout,55.98,64.75
1786001894.6957479,Alice,Purchase,52.81,44.73
1786001894.6957505,Bob,Logout,37.3,32.0
1786001894.695753,Emma,Login,66.24,31.04
1786001894.6957555,Charlie,View,82.67,53.69
1786001894.6957605,David,Search,83.64,22.42
1786001894.6957629,Emma,Login,83.29,74.82
1786001894.6957657,Charlie,Purchase,75.71,71.67
1786001894.6957684,Emma,View,84.22,49.67
1786001894.695771,Alice,Purchase,15.79,51.57
1786001894.6957734,Charlie,Login,54.2,72.42
1786001894.695776,Bob,Search,12.73,86.86
1786001894.6957786,Alice,Search,41.26,67.48
1786001894.6957815,Bob,Logout,82.38,83.59
1786001894.6957839,Bob,Logout,28.16,40.39
1786001894.6957867,Emma,Search,39.67,58.34
1786001894.6957893,Alice,Search,46.9,52.43
1786001894.6957939,Bob,Login,76.48,63.16
1786001894.6957972,David,Search,76.99,47.9
1786001894.6957998,David,Login,41.62,46.44
1786001894.6958027,Emma,Logout,57.65,35.81
1786001894.695805,Charlie,View,83.26,76.9
1786001894.695808,Alice,Purchase,89.38,30.35
1786001894.6958108,Emma,Login,38.28,47.83
1786001894.6958134,Alice,Purchase,26.73,80.91
1786001894.6958156,Emma,Logout,28.27,43.56
1786001894.695819,David,Login,23.66,51.5
1786001894.6958218,Charlie,View,66.54,68.58
1786001894.6958241,Alice,Login,74.12,60.78
1786001894.6958268,Bob,View,13.17,93.67
1786001894.6958294,Alice,Purchase,32.15,85.31
1786001894.695832,Bob,Purchase,32.71,68.26
1786001894.6958346,David,Search,11.63,43.52
1786001894.6958373,Alice,Login,28.58,56.34
1786001894.6958394,Emma,Search,60.19,83.22
1786001894.6958425,David,View,80.69,85.24
1786001894.6958451,Alice,Search,26.43,70.01
1786001894.6958475,Alice,View,29.79,92.11
1786001894.69585,Charlie,Logout,65.49,44.47
1786001894.6958528,Emma,Logout,80.62,48.31
1786001894.6958556,Emma,Logout,52.34,43.79
1786001894.695858,David,View,15.07,55.88
1786001894.6958604,Bob,Login,82.06,75.46
1786001894.695863,Bob,Search,76.59,41.71
1786001894.695866,Alice,Search,38.16,45.66
1786001894.69587,David,Purchase,10.76,26.36
1786001894.695875,Bob,Logout,50.17,23.47
1786001894.6958818,Alice,Purchase,15.38,75.9
1786001894.695887,David,View,84.82,73.3
1786001894.695897,Charlie,Logout,83.4,67.2
1786001894.6959,David,Login,82.33,66.73
1786001894.695902,Bob,View,48.58,81.61
1786001894.695905,Emma,Purchase,53.61,53.27
1786001894.6959078,Bob,Search,84.88,51.56
1786001894.6959107,Alice,Purchase,40.46,26.68
1786001894.6959138,Bob,Search,65.15,81.72
1786001894.6959167,David,Purchase,63.91,22.92
1786001894.695919,Charlie,Login,73.1,60.99
1786001894.695922,Alice,View,80.65,54.03
1786001894.6959245,Charlie,Search,32.23,44.21
1786001894.6959267,Bob,Purchase,29.48,89.83
1786001894.6959293,Bob,Purchase,88.6,67.66
1786001894.6959321,Charlie,Logout,62.62,73.03
1786001894.6959348,Emma,Login,50.07,37.78
1786001894.6959374,Bob,Search,15.5,61.63
1786001894.6959405,Charlie,Logout,34.98,44.53
1786001894.6959434,David,View,80.39,77.01
1786001894.695946,David,Login,19.45,42.52
1786001894.6959488,Charlie,Search,19.8,26.44
1786001894.695951,Charlie,Logout,46.95,48.07
1786001894.6959536,Emma,Search,78.79,62.82
1786001894.6959562,Charlie,Logout,17.35,73.94
1786001894.6959589,David,Purchase,22.97,43.99
1786001894.6959617,Emma,Login,50.15,22.68
1786001894.695964,Alice,Search,62.92,42.49
1786001894.6959667,David,Purchase,47.32,64.26
1786001894.6959693,Charlie,Purchase,64.63,32.45
1786001894.6959717,Alice,Search,18.38,70.05
1786001894.6959746,David,Logout,86.88,72.55
1786001894.6959772,David,View,13.59,73.39
1786001894.6959803,Bob,Search,85.41,75.37
1786001894.695983,Emma,Login,21.43,49.0
1786001894.6959853,Charlie,Login,80.24,22.31
1786001894.695988,David,Search,53.35,29.01
1786001894.6959903,Emma,Purchase,59.27,54.25
1786001894.695993,David,Purchase,67.38,68.3
1786001894.6959956,Bob,View,87.02,43.0
1786001894.6959982,Bob,Logout,24.44,31.12
1786001894.696001,Charlie,Search,62.37,67.87
1786001894.6960034,Bob,View,17.61,90.73
1786001894.6960063,Bob,Logout,83.03,35.34
1786001894.696009,Alice,Search,52.17,57.61
1786001894.6960118,Charlie,Search,13.84,70.26
1786001894.6960146,Bob,Login,49.76,38.61
1786001894.6960175,David,View,13.38,64.49
1786001894.6960201,Emma,Login,76.34,52.97
1786001894.696023,Bob,Purchase,51.32,73.2
1786001894.6960256,Charlie,Login,22.9,55.6
1786001894.6960282,Emma,View,44.9,80.87
1786001894.6960306,Emma,Login,29.97,52.03
1786001894.6960332,Charlie,Login,67.71,90.55
1786001894.696036,David,Search,49.84,77.94
1786001894.6960387,Charlie,View,26.32,59.72
1786001894.696041,Charlie,Logout,51.75,40.08
1786001894.6960437,David,Search,57.11,76.83
1786001894.6960464,David,View,87.62,29.37
1786001894.6960492,Alice,Search,45.75,89.84
1786001894.6960523,Emma,Search,70.34,82.23
1786001894.6960547,Bob,Search,31.03,90.25
1786001894.696057,Emma,Logout,68.27,67.12
1786001894.6960597,Charlie,Logout,66.19,23.03
1786001894.6960623,Charlie,Search,31.66,80.82
1786001894.6960652,Bob,Logout,75.15,27.25
1786001894.6960676,Emma,Purchase,21.68,26.57
1786001894.6960704,Bob,Logout,47.09,48.6
1786001894.6960733,Emma,Purchase,50.68,90.35
1786001894.696076,Alice,Login,71.71,91.45
1786001894.6960785,Charlie,Search,56.42,64.3
1786001894.6960814,David,View,76.51,73.9
1786001894.696084,Alice,Logout,71.94,50.01
1786001894.6960866,Alice,Login,64.97,86.1
1786001894.696089,Alice,Search,10.84,39.83
1786001894.6960917,David,Logout,38.49,21.74
1786001894.6960943,Alice,Search,51.84,92.63
1786001894.6960971,Bob,View,48.09,66.81
1786001894.6960998,Emma,Logout,89.82,70.36
1786001894.6961024,Alice,Logout,66.36,21.41
1786001894.696105,David,View,86.3,82.56
1786001894.6961083,David,View,66.77,21.37
1786001894.6961105,David,Purchase,58.3,71.15
1786001894.6961133,Alice,Purchase,69.19,93.65
1786001894.696116,David,Logout,10.53,65.03
1786001894.696119,David,Search,10.4,88.31
1786001894.6961224,Alice,Purchase,33.82,88.87
1786001894.696125,Emma,Purchase,47.75,50.58
1786001894.6961284,Alice,Login,42.22,78.71
1786001894.6961308,Emma,Login,83.34,26.85
1786001894.6961334,Bob,Login,75.82,73.32
1786001894.6961362,David,Login,73.37,70.38
1786001894.6961389,David,Search,46.0,83.05
1786001894.6961412,Emma,Purchase,14.75,54.38
1786001894.6961439,Bob,Search,11.95,45.35
1786001894.6961465,Bob,Purchase,16.52,47.1
1786001894.696149,Emma,Logout,30.02,48.69
1786001894.696152,Bob,View,33.91,52.56
1786001894.6961546,Emma,Purchase,70.96,55.44
1786001894.6961572,David,Login,48.78,22.94
1786001894.69616,Bob,View,10.92,69.71
1786001894.6961627,David,Purchase,77.4,68.83
1786001894.6961653,Emma,View,19.61,83.08
1786001894.696168,Bob,Purchase,73.67,47.81
1786001894.6961708,Charlie,View,54.35,68.39
1786001894.6961734,Emma,Logout,37.05,54.67
1786001894.6961763,Bob,Search,45.0,21.08
1786001894.696179,David,View,19.58,92.37
1786001894.6961818,Emma,View,87.86,67.5
1786001894.6961844,Emma,Purchase,62.91,33.77
1786001894.696187,David,View,83.46,85.55
1786001894.6961899,Charlie,Search,43.96,61.83
1786001894.6961925,Bob,Login,52.36,32.42
1786001894.6961951,Emma,Login,36.2,24.42
1786001894.6961977,Charlie,View,20.74,36.42
1786001894.6962001,Charlie,Logout,75.17,77.45
1786001894.6962028,Bob,Purchase,21.52,84.7
1786001894.6962056,Emma,Logout,12.5,93.56
1786001894.6962082,Bob,View,79.39,30.96
1786001894.6962109,Bob,View,23.23,30.61
1786001894.6962137,Alice,Login,12.47,71.86
1786001894.6962166,Emma,Login,86.42,38.76
1786001894.6962192,Charlie,Purchase,57.07,76.93
1786001894.6962216,Alice,Search,66.18,53.95
1786001894.696224,Bob,Purchase,66.88,39.78
1786001894.6962266,Charlie,Search,60.56,55.97
1786001894.6962292,Emma,Logout,20.81,34.22
1786001894.6962318,Emma,Login,31.0,85.65
1786001894.696235,Emma,Login,69.03,42.9
1786001894.696238,Charlie,Logout,13.41,71.83
1786001894.696241,Charlie,Purchase,29.24,37.29
1786001894.6962435,Alice,Purchase,85.97,23.05
1786001894.6962464,Bob,Logout,45.08,37.48
1786001894.6962485,David,Purchase,32.91,31.89
1786001894.6962514,Bob,Login,13.94,39.6
1786001894.696254,Charlie,Login,26.97,23.58
1786001894.6962564,Alice,Logout,55.34,59.67
1786001894.696259,Alice,Purchase,47.34,43.44
1786001894.6962616,David,Login,87.48,40.83
1786001894.6962643,Emma,Login,61.88,68.97
1786001894.6962667,Emma,Search,11.54,66.06
1786001894.6962698,Bob,Search,67.24,89.35
1786001894.6962724,Emma,Search,56.14,33.37
1786001894.6962752,Bob,Purchase,34.53,53.3
1786001894.6962776,David,Login,29.53,59.19
1786001894.6962802,Alice,Logout,56.11,45.59
1786001894.696283,David,View,77.41,48.95
1786001894.6962857,Charlie,View,59.3,32.14
1786001894.6962886,Emma,Purchase,78.67,92.14
1786001894.6962914,Bob,View,66.85,48.46
1786001894.6962938,Bob,Logout,75.12,63.51
1786001894.6962962,David,Login,43.21,69.61
1786001894.696299,Emma,Login,81.06,91.49
1786001894.6963015,David,View,25.32,35.12
1786001894.6963043,Emma,Purchase,27.74,35.28
1786001894.696307,Alice,Logout,76.52,35.06
1786001894.6963096,Alice,Search,26.13,41.91
1786001894.6963117,David,Search,47.42,90.91
1786001894.6963146,David,Login,84.03,56.73
1786001894.6963172,Emma,Search,70.15,82.17
1786001894.6963203,David,Login,88.18,59.99
1786001894.696323,David,Search,76.66,38.52
1786001894.6963253,Alice,View,75.33,86.94
1786001894.6963282,Alice,Purchase,56.48,73.98
1786001894.696331,Emma,Search,47.9,33.19
1786001894.6963334,Charlie,Search,72.64,77.93
1786001894.6963358,Emma,Logout,67.63,47.18
1786001894.6963384,David,Search,79.88,28.65
1786001894.696341,Charlie,Logout,71.96,49.29
1786001894.696344,Emma,Purchase,25.58,55.19
1786001894.6963463,Alice,Login,27.13,90.35
1786001894.6963494,Charlie,Search,34.11,75.72
1786001894.6963527,Alice,Login,48.08,94.4
1786001894.6963553,Charlie,Search,65.92,24.38
1786001894.696358,Emma,Login,62.54,74.53
1786001894.6963606,Charlie,Purchase,65.06,91.35
1786001894.696363,Charlie,Search,53.59,45.44
1786001894.696366,Charlie,View,16.24,91.09
1786001894.6963687,Emma,Search,86.02,57.3
1786001894.6963716,Alice,Login,63.64,85.93
1786001894.696374,Bob,View,76.16,26.92
1786001894.6963766,Alice,View,16.1,68.89
1786001894.6963794,Emma,View,42.73,86.36
1786001894.6963818,David,Purchase,49.06,20.7
1786001894.6963844,Alice,Search,65.91,53.16
1786001894.696387,Emma,Search,22.34,48.76
1786001894.69639,Bob,Logout,49.3,75.65
1786001894.6963928,Alice,Purchase,50.15,79.39
1786001894.6963952,David,View,63.19,68.38
1786001894.6963978,Charlie,Purchase,10.62,20.24
1786001894.696401,Emma,Logout,23.31,73.79
1786001894.6964035,David,Login,63.75,22.62
1786001894.6964064,Emma,View,36.16,84.19
1786001894.6964087,David,Purchase,52.56,28.75
1786001894.6964111,David,Logout,58.71,65.93
1786001894.6964138,Bob,Login,70.69,81.4
1786001894.6964161,Emma,Login,18.07,28.48
1786001894.6964188,Charlie,Search,15.6,21.49
1786001894.6964211,Bob,Search,45.49,41.72
1786001894.6964238,Emma,Login,75.82,21.37
1786001894.6964262,Emma,Search,40.67,68.45
1786001894.696429,Charlie,Login,17.16,22.47
1786001894.6964316,Alice,Purchase,27.72,61.13
1786001894.6964343,Alice,View,30.9,68.43
1786001894.696437,Charlie,View,68.35,45.71
1786001894.6964397,Charlie,Purchase,36.67,58.22
1786001894.6964424,Alice,Logout,38.58,22.22
1786001894.696445,Charlie,Logout,86.96,86.1
1786001894.6964474,Alice,View,58.87,80.24
1786001894.6964505,Charlie,Logout,72.9,56.31
1786001894.696453,David,Logout,39.61,22.09
1786001894.6964557,David,Search,61.97,83.45
1786001894.6964586,David,Search,57.19,33.7
1786001894.6964633,David,Login,39.96,85.17
1786001894.6964664,Emma,Login,89.91,94.36
1786001894.6964693,Charlie,Purchase,15.15,28.22
1786001894.6964717,Emma,Purchase,43.34,69.17
1786001894.6964743,Emma,Login,48.71,49.97
1786001894.6964767,Alice,Purchase,20.58,48.66
1786001894.6964796,David,Search,55.49,33.39
1786001894.6964824,Alice,Purchase,38.09,51.17
1786001894.6964848,Bob,Purchase,13.86,86.7
1786001894.6964874,Alice,Logout,34.37,37.12
1786001894.69649,David,Purchase,13.92,39.28
1786001894.6964939,Charlie,Search,20.9,44.25
1786001894.6964965,Emma,Login,86.56,88.85
1786001894.6964998,Bob,View,88.59,57.53
1786001894.6965022,Emma,Purchase,88.9,47.26
1786001894.696505,Emma,Search,60.31,66.23
1786001894.696508,Alice,Login,67.64,48.91
1786001894.6965108,Charlie,Login,44.93,60.14
1786001894.696513,David,Logout,43.57,60.86
1786001894.6965156,David,Purchase,51.25,54.72
1786001894.6965182,Charlie,Purchase,29.83,58.39
1786001894.6965208,Bob,Search,17.51,79.67
1786001894.6965234,Bob,Purchase,65.55,27.33
1786001894.6965263,Emma,Login,51.99,38.34
1786001894.696529,Emma,Purchase,16.62,54.97
1786001894.6965318,David,Purchase,69.08,27.0
1786001894.696534,Alice,Purchase,62.27,53.65
1786001894.6965365,Emma,Login,59.06,75.88
1786001894.6965392,Bob,Login,16.04,63.59
1786001894.6965418,David,Search,23.7,47.71
1786001894.6965444,Emma,Search,85.11,58.15
1786001894.696547,Charlie,Search,74.88,72.06
1786001894.6965497,Charlie,Login,11.54,60.67
1786001894.6965525,Bob,Logout,16.86,30.79
1786001894.696555,David,Purchase,16.85,49.85
1786001894.6965575,Emma,Search,59.75,59.28
1786001894.6965601,Charlie,Search,31.02,55.85
1786001894.6965628,Bob,Logout,11.11,63.4
1786001894.696565,Charlie,Search,29.39,30.71
1786001894.6965678,Bob,Login,39.55,25.62
1786001894.6965706,Charlie,Logout,78.2,72.49
1786001894.696573,Charlie,Search,74.26,57.57
1786001894.6965783,Alice,Purchase,70.77,51.35
1786001894.6965835,Bob,Login,49.37,53.97
1786001894.6965861,Alice,Logout,19.53,65.14
1786001894.6965888,Bob,View,74.45,41.04
1786001894.6965916,Bob,View,19.34,80.35
1786001894.6965942,Alice,Search,27.81,55.69
1786001894.6965978,Alice,Login,58.89,79.03
1786001894.6966007,Emma,Purchase,54.49,21.51
1786001894.696603,Bob,Login,40.83,68.82
1786001894.6966062,Alice,View,70.38,77.18
1786001894.6966088,Charlie,Search,58.59,47.35
1786001894.6966116,Alice,Search,83.79,62.61
1786001894.696614,Bob,Logout,11.95,44.77
1786001894.696617,Bob,Search,26.59,56.57
1786001894.6966195,Alice,Purchase,14.68,55.64
1786001894.6966224,Emma,Logout,33.45,67.14
1786001894.6966255,Bob,Login,67.23,82.0
1786001894.6966283,Alice,View,33.34,34.56
1786001894.6966329,Alice,View,55.61,94.72
1786001894.6966357,Charlie,Purchase,71.62,58.54
1786001894.696638,Charlie,Logout,27.46,23.14
1786001894.6966407,Emma,Login,35.3,23.63
1786001894.6966436,Emma,View,37.77,45.12
1786001894.6966462,David,View,26.17,92.32
1786001894.6966486,Charlie,View,69.58,51.96
1786001894.6966515,Charlie,Login,15.85,93.84
1786001894.6966538,Bob,View,68.05,77.73
1786001894.6966567,Charlie,Login,44.03,37.52
1786001894.696659,Alice,Logout,52.13,70.48
1786001894.696662,David,Logout,59.51,54.01
1786001894.6966643,Emma,Login,54.92,53.57
1786001894.696667,Bob,Search,64.72,40.22
1786001894.6966712,Charlie,Purchase,44.72,63.53
1786001894.6966743,Charlie,Login,88.25,86.63
1786001894.6966772,Bob,Login,77.69,33.97
1786001894.6966796,Emma,Purchase,78.58,84.35
1786001894.6966825,Emma,Search,76.32,77.47
1786001894.696685,Emma,Login,10.59,50.37
1786001894.6966877,Emma,Search,45.7,23.37
1786001894.69669,Bob,Logout,52.29,45.12
1786001894.696693,Emma,Login,38.95,31.26
1786001894.6966958,Emma,Login,69.05,45.2
1786001894.6966987,Emma,View,15.2,68.54
1786001894.6967034,David,View,86.78,22.97
1786001894.6967065,Alice,Login,61.57,58.6
1786001894.6967094,Charlie,Logout,10.37,52.23
1786001894.696712,David,Logout,34.01,40.71
1786001894.6967144,Charlie,View,61.95,42.69
1786001894.6967175,Emma,Search,11.8,23.27
1786001894.6967204,Alice,Logout,49.01,79.62
1786001894.6967227,Bob,Login,76.02,51.69
1786001894.6967256,Charlie,Purchase,55.22,72.51
1786001894.696728,Emma,Logout,49.44,51.72
1786001894.6967306,Emma,Logout,17.42,81.64
1786001894.6967332,Emma,Login,14.18,74.9
1786001894.6967359,David,Purchase,67.75,89.11
1786001894.696738,David,Purchase,78.37,44.18
1786001894.6967409,Alice,Login,81.8,74.63
1786001894.6967435,Emma,Login,81.99,47.07
1786001894.6967463,David,Logout,48.5,89.08
1786001894.6967487,Bob,Search,12.67,30.41
1786001894.6967514,David,Search,69.65,74.07
1786001894.6967542,Alice,Purchase,81.5,48.57
1786001894.6967568,Alice,Logout,44.13,46.7
1786001894.6967616,Emma,Logout,17.92,91.21
1786001894.696765,David,View,40.65,73.37
1786001894.6967676,Charlie,Logout,52.2,90.94
1786001894.69677,Alice,Purchase,40.46,34.69
1786001894.6967726,Emma,Search,20.94,67.69
1786001894.6967752,Emma,View,81.81,72.86
1786001894.6967778,Bob,Login,15.21,88.69
1786001894.6967802,Bob,Search,68.39,88.69
1786001894.6967828,Alice,Login,85.11,28.75
1786001894.6967854,David,Login,13.44,70.54
1786001894.6967883,Alice,Logout,63.01,40.69
1786001894.6967907,David,Purchase,51.57,49.8
1786001894.696794,Charlie,Login,15.91,78.85
1786001894.6967967,Bob,Login,55.69,44.41
1786001894.6967995,Bob,View,10.86,63.61
1786001894.6968021,David,Search,69.75,84.07
1786001894.6968045,Alice,Search,11.21,94.66
1786001894.6968093,Alice,Purchase,12.62,37.8
1786001894.6968117,Emma,Login,49.17,64.4
1786001894.6968145,Emma,Logout,63.09,83.05
1786001894.6968174,David,Logout,84.92,47.68
1786001894.69682,Charlie,View,29.64,45.15
1786001894.6968243,Emma,View,78.58,84.37
1786001894.6968274,Emma,Logout,60.79,91.48
1786001894.6968305,Emma,View,78.72,76.32
1786001894.6968331,Alice,View,76.03,29.98
1786001894.6968355,David,View,42.2,39.03
1786001894.6968381,Charlie,Login,43.07,48.91
1786001894.6968408,David,View,82.8,47.2
1786001894.6968443,Emma,Login,88.76,87.89
1786001894.6968465,Bob,View,75.51,69.6
1786001894.6968496,David,Purchase,16.48,68.23
1786001894.696854,Bob,View,40.77,87.7
1786001894.696858,Alice,Login,53.48,65.12
1786001894.6968603,Emma,Purchase,83.57,47.63
1786001894.6968627,David,View,57.44,60.5
1786001894.6968656,Charlie,Purchase,52.29,39.72
1786001894.6968694,David,Login,69.98,80.41
1786001894.6968744,Emma,Logout,76.99,27.54
1786001894.6968791,Emma,Login,65.45,49.29
1786001894.6968832,David,View,37.28,62.13
1786001894.696886,Alice,Login,78.72,43.87
1786001894.696889,Bob,View,50.17,79.36
1786001894.6968913,Charlie,Logout,57.73,38.17
1786001894.696894,Bob,Purchase,58.0,72.85
1786001894.6968966,Charlie,Purchase,32.19,89.57
1786001894.6968992,Charlie,Search,40.71,59.18
1786001894.6969018,Charlie,View,45.82,74.38
1786001894.6969044,Charlie,View,80.8,56.82
1786001894.6969075,Emma,Logout,67.89,71.72
1786001894.6969101,Emma,View,71.33,57.22
1786001894.696913,David,Search,61.25,83.03
1786001894.6969154,Charlie,View,38.73,33.06
1786001894.696918,Charlie,Login,86.55,74.59
1786001894.6969206,Emma,Logout,26.47,75.61
1786001894.696923,Emma,Login,30.31,32.69
1786001894.6969256,Alice,View,87.58,78.46
1786001894.6969283,Alice,View,35.19,30.74
1786001894.6969311,Charlie,Search,68.46,92.24
1786001894.696934,Emma,Logout,24.02,49.38
1786001894.6969361,Emma,View,12.94,60.97
1786001894.696939,Bob,Logout,31.66,44.7
1786001894.6969416,Alice,View,63.04,79.5
1786001894.6969442,Bob,Search,53.71,85.04
1786001894.6969507,Charlie,Logout,27.69,36.66
1786001894.6969538,David,View,41.98,23.22
1786001894.6969564,David,Login,55.65,50.83
1786001894.696959,Bob,Logout,74.52,63.87
1786001894.6969619,David,Search,78.92,84.53
1786001894.6969652,Alice,Search,71.79,25.17
1786001894.6969674,Charlie,Purchase,69.84,94.87
1786001894.6969707,Alice,Login,51.05,33.97
1786001894.6969736,Alice,Purchase,48.37,33.83
1786001894.6969764,Bob,View,41.16,69.74
1786001894.6969786,David,Purchase,16.15,42.88
1786001894.6969812,Emma,Purchase,71.45,92.61
1786001894.6969843,Charlie,Logout,30.43,66.61
1786001894.6969872,David,View,80.65,89.15
1786001894.6969898,Charlie,View,39.83,30.6
1786001894.6969922,Alice,View,84.12,44.96
1786001894.6969953,Bob,Login,70.16,85.62
1786001894.697,David,Login,73.15,50.02
1786001894.6970031,Emma,Logout,60.76,51.48
1786001894.6970055,Alice,Search,13.19,30.6
1786001894.6970081,Bob,Logout,39.53,92.81
1786001894.6970108,Bob,Login,37.27,50.67
1786001894.6970131,Alice,Logout,73.64,45.72
1786001894.697016,Charlie,Purchase,17.92,44.04
1786001894.6970186,David,Search,72.79,58.34
1786001894.6970215,Bob,Search,78.97,88.03
1786001894.6970243,Charlie,Login,83.19,60.23
1786001894.6970267,Alice,Logout,12.22,49.0
1786001894.6970294,David,Login,75.56,38.13
1786001894.6970322,David,Logout,10.71,85.69
1786001894.6970346,David,View,69.43,43.48
1786001894.6970394,David,Logout,50.82,93.45
1786001894.6970422,Emma,Logout,64.45,23.77
1786001894.6970444,Alice,Search,77.43,26.97
1786001894.6970472,David,View,12.35,40.7
1786001894.69705,David,Login,67.42,90.99
1786001894.6970527,Bob,Login,20.87,78.75
1786001894.6970549,Emma,View,81.59,33.58
1786001894.6970577,David,Login,78.27,87.57
1786001894.6970603,Emma,View,78.28,54.82
1786001894.697063,David,Login,82.22,66.89
1786001894.6970654,Alice,Login,22.52,21.01
1786001894.6970706,Emma,View,25.82,62.56
1786001894.697074,Alice,Purchase,67.66,48.61
1786001894.6970775,Emma,Login,85.41,61.45
1786001894.69708,Emma,View,44.65,57.58
1786001894.6970825,David,View,14.53,80.77
1786001894.697085,Alice,Login,30.7,54.86
1786001894.6970875,David,Login,44.63,57.76
1786001894.6970901,Charlie,Logout,16.04,93.81
1786001894.6970925,Bob,View,68.32,72.44
1786001894.6970966,Emma,View,70.55,70.11
1786001894.6970992,David,Search,78.75,86.21
1786001894.697102,David,Search,38.56,59.59
1786001894.697105,Charlie,Search,12.89,34.82
1786001894.6971076,David,Search,39.72,47.94
1786001894.6971097,Emma,Purchase,18.93,94.36
1786001894.6971123,Alice,View,75.44,83.48
1786001894.697115,Charlie,Search,17.21,79.13
1786001894.6971173,Charlie,View,45.52,69.55
1786001894.6971197,Bob,Login,68.8,52.61
1786001894.6971226,Alice,Search,19.16,86.78
1786001894.6971252,Emma,Purchase,75.07,59.48
1786001894.6971297,Charlie,Search,45.84,43.55
1786001894.6971323,Charlie,Login,17.89,43.32
1786001894.6971352,Charlie,Logout,55.04,48.73
1786001894.6971378,Charlie,Purchase,69.42,35.22
1786001894.6971405,Emma,Login,39.76,20.44
1786001894.6971428,Alice,View,73.98,53.15
1786001894.697146,Emma,Logout,67.48,83.85
1786001894.6971483,Emma,Login,26.06,44.48
1786001894.6971512,Emma,Purchase,21.5,85.82
1786001894.697154,Charlie,Purchase,85.89,52.46
1786001894.697157,Alice,Login,22.97,26.13
1786001894.6971598,Charlie,Login,21.29,76.63
1786001894.6971624,Bob,View,52.82,86.0
1786001894.6971653,Emma,View,10.94,40.89
1786001894.6971679,Alice,Login,50.5,69.59
1786001894.6971705,David,View,82.59,79.04
1786001894.6971734,David,Login,16.34,82.11
1786001894.6971767,Charlie,Logout,39.05,90.74
1786001894.6971815,Charlie,View,43.09,86.64
1786001894.6971843,David,View,17.23,60.23
1786001894.6971867,David,Search,84.14,54.26
1786001894.6971893,Alice,Purchase,48.7,25.19
1786001894.6971943,Alice,Login,41.92,75.82
1786001894.6971967,David,Purchase,49.12,33.75
1786001894.6971996,Emma,Logout,53.77,34.48
1786001894.6972022,Charlie,Purchase,21.59,82.41
1786001894.6972046,Bob,Search,83.1,21.62
1786001894.697207,Emma,Logout,59.23,35.63
1786001894.69721,David,Purchase,54.12,92.53
1786001894.6972127,David,Login,41.28,77.84
1786001894.6972158,Bob,Purchase,34.43,82.35
1786001894.6972187,David,Login,80.59,77.04
1786001894.6972234,Alice,Search,30.95,91.04
1786001894.697226,Alice,Login,41.63,88.52
1786001894.697229,Charlie,Login,60.11,38.6
1786001894.6972315,David,Logout,28.15,49.73
1786001894.6972342,Emma,Logout,41.09,30.51
1786001894.697237,Alice,Purchase,51.06,63.31
1786001894.6972399,Bob,Logout,59.46,23.02
1786001894.6972432,Bob,Login,56.06,86.76
1786001894.6972456,David,View,44.56,71.53
1786001894.6972485,Emma,Login,61.23,40.11
1786001894.6972513,David,Login,34.83,35.48
1786001894.6972542,Alice,View,19.0,77.54
1786001894.6972568,Emma,Logout,21.98,85.16
1786001894.6972594,David,Search,76.19,82.95
1786001894.6972618,Alice,Login,81.37,83.49
1786001894.6972647,Bob,Search,44.81,83.47
1786001894.6972673,Charlie,Purchase,20.24,55.03
1786001894.69727,Emma,Login,15.76,61.41
1786001894.6972728,Emma,Search,34.47,21.95
1786001894.6972754,Alice,View,71.39,54.76
1786001894.697278,Charlie,View,89.71,88.59
1786001894.6972804,David,Login,15.98,92.46
1786001894.697283,David,Logout,13.32,37.31
1786001894.697286,David,Logout,44.02,22.08
1786001894.697289,Charlie,Search,64.38,83.62
1786001894.6972916,Alice,Login,85.47,48.08
1786001894.697294,Emma,Search,26.31,25.05
1786001894.6972969,Bob,Purchase,65.7,22.25
1786001894.6972995,Alice,Search,75.97,90.85
1786001894.6973023,Bob,Search,72.56,55.18
1786001894.6973045,Emma,Logout,32.12,62.8
1786001894.6973078,Alice,Purchase,15.66,63.23
1786001894.697313,Emma,Search,86.9,68.49
1786001894.6973178,Emma,Logout,88.66,66.67
1786001894.6973212,Charlie,Search,56.18,67.9
1786001894.6973238,Bob,Search,81.75,27.58
1786001894.6973267,David,Purchase,48.52,24.4
1786001894.697329,Bob,Search,61.49,57.72
1786001894.697332,Emma,Purchase,59.42,72.7
1786001894.6973345,Charlie,Logout,56.17,53.74
1786001894.697338,Charlie,Search,21.54,70.52
1786001894.6973407,Bob,Purchase,86.91,86.35
1786001894.6973438,Bob,Purchase,35.93,77.0
1786001894.6973462,Emma,Login,59.5,92.71
1786001894.6973488,David,Search,81.41,70.47
1786001894.6973515,Charlie,Login,61.04,94.42
1786001894.6973543,Emma,Login,42.06,78.38
1786001894.6973567,Charlie,Login,17.01,59.99
1786001894.697359,David,Logout,89.04,43.75
1786001894.697362,Alice,Purchase,61.56,94.58
1786001894.6973667,Emma,Purchase,84.83,84.22
1786001894.6973696,Emma,Search,61.62,59.39
1786001894.6973724,Alice,Purchase,38.04,70.27
1786001894.697375,Charlie,Search,53.91,21.32
1786001894.6973782,Alice,Login,70.4,65.82
1786001894.6973805,Charlie,View,68.38,30.64
1786001894.6973832,Alice,Purchase,63.65,20.81
1786001894.697386,David,Logout,64.99,32.86
1786001894.697389,Bob,Search,10.37,54.7
1786001894.697391,Emma,Purchase,21.53,92.62
1786001894.697394,David,Login,45.19,61.5
1786001894.6973968,Bob,Search,18.6,75.37
1786001894.6973994,Charlie,Login,73.37,52.48
1786001894.6974037,Alice,Logout,53.57,58.68
1786001894.697407,Charlie,Logout,33.67,27.27
1786001894.6974094,David,Login,16.32,78.49
1786001894.697412,Charlie,Search,50.27,43.6
1786001894.6974146,Bob,Login,27.23,60.48
1786001894.6974173,Bob,Purchase,76.83,60.89
1786001894.6974204,Bob,Logout,26.66,58.08
1786001894.6974227,David,Login,36.48,34.27
1786001894.6974258,Bob,View,72.39,29.99
1786001894.6974282,Emma,Purchase,40.59,48.57
1786001894.6974308,Alice,Login,10.73,80.87
1786001894.6974337,David,View,76.79,87.6
1786001894.6974382,Charlie,View,53.38,61.45
1786001894.697441,Bob,Login,83.06,38.54
1786001894.6974435,Alice,View,76.03,58.46
1786001894.697446,David,View,43.39,22.33
1786001894.6974487,Charlie,Search,59.1,93.5
1786001894.6974516,Alice,View,86.09,32.71
1786001894.6974547,Alice,Login,17.14,94.31
1786001894.697457,Charlie,Search,63.28,56.43
1786001894.6974597,Charlie,Search,73.08,83.92
1786001894.6974626,David,Search,11.94,88.26
1786001894.6974652,Emma,Purchase,73.97,93.13
1786001894.6974678,Bob,Login,18.15,90.07
1786001894.6974704,Charlie,Purchase,13.6,21.61
1786001894.697473,Bob,Login,89.92,68.46
1786001894.697476,Bob,Purchase,61.49,84.22
1786001894.6974783,Bob,Search,76.34,69.23
1786001894.6974812,Emma,Logout,19.74,36.49
1786001894.6974838,Bob,View,67.19,59.36
1786001894.6974866,Alice,Logout,71.64,46.17
1786001894.6974893,Alice,View,60.63,77.49
1786001894.6974936,Emma,Logout,46.91,55.1
1786001894.6974967,Bob,View,54.95,60.4
1786001894.6974993,David,Logout,43.49,20.5
1786001894.697502,Charlie,Login,64.78,59.64
1786001894.6975045,Bob,Login,19.43,90.59
1786001894.6975074,David,Logout,72.6,49.17
1786001894.69751,David,Purchase,82.02,36.62
1786001894.6975124,Bob,View,57.81,57.31
1786001894.697515,Charlie,Login,23.79,75.48
1786001894.6975179,Emma,Logout,56.59,55.08
1786001894.6975205,Bob,Search,37.73,34.93
1786001894.697523,Bob,Logout,47.11,64.65
1786001894.6975255,Alice,Login,74.81,85.99
1786001894.6975284,Emma,Search,14.14,60.94
1786001894.6975312,Bob,View,37.65,47.61
1786001894.6975336,Emma,View,49.01,62.72
1786001894.6975362,Emma,View,86.89,75.01
1786001894.6975389,Charlie,Logout,12.2,26.15
1786001894.6975436,Emma,Purchase,41.55,67.46
1786001894.6975467,Emma,Login,26.25,46.96
1786001894.6975493,Emma,View,84.8,70.92
1786001894.697552,David,Login,84.6,53.73
1786001894.6975565,Emma,Login,29.44,30.14
1786001894.6975594,Charlie,Search,29.74,61.43
1786001894.6975622,Charlie,Purchase,80.8,24.7
1786001894.6975658,David,Search,45.31,75.09
1786001894.6975684,Alice,View,20.9,49.32
1786001894.6975715,Bob,Logout,50.64,82.3
1786001894.6975746,Emma,View,69.24,21.64
1786001894.6975772,Alice,Search,61.67,22.57
1786001894.6975799,Emma,Login,38.03,28.13
1786001894.6975825,Bob,View,53.46,86.93
1786001894.6975873,Emma,Purchase,60.49,94.77
1786001894.6975908,Bob,View,14.43,54.55
1786001894.697593,Bob,Search,80.83,64.48
1786001894.6975958,David,Login,27.85,46.13
1786001894.697599,Alice,Search,70.07,44.7
1786001894.6976016,Bob,Logout,21.81,62.81
1786001894.6976042,Emma,Purchase,61.6,55.31
1786001894.6976066,David,Search,26.95,80.63
1786001894.6976094,Emma,Purchase,53.58,21.6
1786001894.6976123,David,View,46.44,22.31
1786001894.6976151,Emma,Login,76.76,94.94
1786001894.697618,Bob,Purchase,71.03,38.14
1786001894.697621,Charlie,Purchase,84.64,62.42
1786001894.6976235,Bob,Logout,45.99,45.96
1786001894.6976264,Bob,Search,21.56,50.71
1786001894.697629,Bob,View,77.54,65.11
1786001894.6976316,Emma,Search,85.89,79.0
1786001894.6976342,Alice,View,86.28,41.28
1786001894.6976368,Emma,Logout,69.37,80.98
1786001894.6976397,Emma,Login,31.52,73.32
1786001894.6976423,Emma,Logout,29.3,74.24
1786001894.6976447,Charlie,Purchase,15.69,92.29
1786001894.6976476,Bob,Purchase,76.67,34.16
1786001894.6976502,Emma,Login,24.14,90.43
1786001894.697653,Alice,Search,10.33,94.26
1786001894.6976554,David,View,66.28,59.09
1786001894.6976585,Emma,Login,18.16,25.83
1786001894.6976612,Charlie,Purchase,33.91,34.69
1786001894.697664,Bob,View,26.06,94.81
1786001894.697667,Charlie,Logout,31.95,86.03
1786001894.6976693,Emma,View,49.6,23.11
1786001894.697672,David,View,72.87,30.85
1786001894.6976771,Bob,Search,49.93,33.83
1786001894.6976922,Charlie,Search,57.39,23.82
1786001894.697695,Bob,Search,76.81,85.67
1786001894.6976976,Emma,Logout,45.86,57.07
1786001894.6977005,Emma,Search,86.73,87.14
1786001894.697703,Alice,Login,39.24,46.39
1786001894.6977055,Alice,Search,62.08,93.49
1786001894.6977081,David,Search,25.68,80.4
1786001894.6977105,Emma,Login,86.96,25.84
1786001894.6977134,Bob,Search,38.61,76.12
1786001894.6977162,Emma,Purchase,86.36,65.68
1786001894.6977189,Charlie,Search,37.06,48.37
1786001894.6977215,Bob,Search,55.9,30.62
1786001894.6977239,Alice,Search,85.73,23.14
1786001894.6977267,Charlie,Search,58.1,73.32
1786001894.6977298,Bob,View,24.16,59.24
1786001894.6977324,Alice,Logout,64.5,83.64
1786001894.697735,Emma,View,82.72,63.21
1786001894.6977398,David,View,22.62,88.36
1786001894.6977427,David,Purchase,54.19,79.53
1786001894.6977453,David,View,48.6,48.54
1786001894.697748,Charlie,Purchase,46.27,69.88
1786001894.6977508,Charlie,Search,41.06,73.43
1786001894.6977534,Emma,View,69.14,79.77
1786001894.6977558,David,Login,10.77,41.83
1786001894.6977582,Charlie,Purchase,49.64,71.01
1786001894.697761,David,Logout,12.35,69.96
1786001894.697764,Charlie,Purchase,43.59,83.36
1786001894.6977663,Emma,View,82.75,84.58
1786001894.6977694,Alice,Login,12.58,48.92
1786001894.6977718,Alice,View,38.69,86.98
1786001894.6977763,Bob,Search,72.55,61.96
1786001894.6977792,Alice,Login,29.48,62.72
1786001894.697782,Bob,Purchase,10.62,88.11
1786001894.6977851,Charlie,Search,79.97,40.4
1786001894.6977878,Bob,Login,60.26,75.0
1786001894.6977904,Emma,Purchase,56.53,94.27
1786001894.697793,Charlie,View,10.86,30.41
1786001894.6977956,Emma,View,30.82,60.16
1786001894.6977985,Bob,Search,44.59,93.48
1786001894.6978009,Charlie,View,26.78,93.5
1786001894.6978037,Charlie,Login,54.51,72.23
1786001894.6978066,Emma,Logout,79.48,69.65
1786001894.6978095,Charlie,View,71.46,81.24
1786001894.6978176,Bob,Search,87.84,70.49
1786001894.6978207,David,View,14.86,25.3
1786001894.6978235,Bob,View,26.83,48.72
1786001894.6978261,Charlie,Purchase,74.95,82.46
1786001894.6978288,Bob,Purchase,81.55,90.4
1786001894.6978319,Charlie,Search,12.06,21.65
1786001894.6978345,Charlie,Purchase,80.6,79.04
1786001894.6978369,Emma,Search,17.52,77.31
1786001894.6978395,Bob,Login,17.57,64.19
1786001894.6978426,Alice,Login,43.37,57.68
1786001894.6978457,Emma,View,52.01,22.89
1786001894.6978483,Bob,Login,72.48,20.01
1786001894.697851,Alice,Logout,39.07,89.57
1786001894.6978533,Emma,Login,54.19,25.59
1786001894.6978562,Bob,Logout,45.69,83.8
1786001894.6978588,Charlie,View,67.87,48.72
1786001894.6978614,Bob,Login,88.43,22.68
1786001894.6978636,Charlie,View,88.94,66.93
1786001894.6978672,Emma,Logout,21.96,59.29
1786001894.697874,David,Login,87.81,70.68
1786001894.6978793,Bob,Logout,32.69,91.92
1786001894.697884,Emma,Search,48.61,79.05
1786001894.697887,David,Search,14.08,70.61
1786001894.6978903,Emma,Logout,69.89,54.88
1786001894.6978931,Emma,Search,71.27,85.2
1786001894.697896,Charlie,View,63.17,78.1
1786001894.697899,Alice,Purchase,35.05,82.71
1786001894.6979024,David,Login,71.89,74.38
1786001894.6979048,David,Search,75.9,22.29
1786001894.6979077,Emma,Login,76.48,76.14
1786001894.6979105,Bob,View,14.44,67.5
1786001894.6979134,David,View,82.88,88.65
1786001894.6979158,David,View,59.76,45.32
1786001894.6979187,Bob,Login,57.96,75.1
1786001894.697921,David,Login,62.29,70.98
1786001894.6979237,Bob,Logout,15.53,63.46
1786001894.697926,Charlie,View,35.91,77.79
1786001894.697929,Charlie,Search,65.89,59.23
1786001894.6979342,Alice,Login,11.17,94.37
1786001894.697937,Alice,Logout,54.38,94.18
1786001894.6979396,Emma,View,69.18,21.14
1786001894.6979425,Charlie,View,48.48,86.98
1786001894.6979475,Alice,Search,18.12,23.45
1786001894.6979501,Alice,Logout,53.06,33.42
1786001894.6979527,Emma,View,38.19,26.57
1786001894.6979554,Bob,Search,10.04,53.42
1786001894.697958,Emma,View,34.95,35.91
1786001894.6979601,David,Search,28.54,54.62
1786001894.697963,Bob,Search,20.75,42.16
1786001894.6979656,Alice,Login,41.45,81.48
1786001894.6979682,Alice,Login,41.09,90.03
1786001894.697973,Alice,Search,54.81,58.05
1786001894.6979759,Emma,Logout,16.36,46.07
1786001894.6979787,Charlie,View,19.61,69.18
1786001894.6979814,Emma,Search,10.42,25.93
1786001894.697984,Alice,Purchase,33.79,71.62
1786001894.6979868,Bob,Login,51.71,21.44
1786001894.6979895,Emma,Purchase,13.73,87.98
1786001894.697992,Emma,Login,41.62,33.19
1786001894.697995,Bob,Login,47.59,31.86
1786001894.6979976,Charlie,Login,58.0,63.34
1786001894.6980002,David,Search,18.42,65.89
1786001894.6980026,Alice,Login,13.41,69.07
1786001894.6980052,Alice,View,29.79,70.64
1786001894.698008,Alice,View,54.67,76.36
1786001894.6980107,Bob,Purchase,18.81,79.35
1786001894.698013,Alice,Purchase,72.81,35.72
1786001894.6980157,Bob,Search,21.79,78.34
1786001894.6980186,Emma,Logout,68.94,52.96
1786001894.6980212,Bob,Login,51.68,47.47
1786001894.6980238,David,Purchase,55.65,85.09
1786001894.6980262,Alice,Logout,60.02,80.58
1786001894.698029,Bob,Purchase,37.05,75.39
1786001894.6980317,Charlie,Login,16.35,40.41
1786001894.6980338,Emma,Search,65.09,60.12
1786001894.6980367,Emma,Login,31.6,60.18
1786001894.6980393,David,Logout,70.45,81.65
1786001894.698042,Emma,View,85.83,93.99
1786001894.6980443,David,Login,67.34,50.18
1786001894.6980467,Bob,View,30.53,31.52
1786001894.6980498,Charlie,Login,48.96,78.14
1786001894.6980522,Emma,View,69.3,26.07
1786001894.698055,Charlie,Logout,10.8,51.34
1786001894.6980598,Charlie,Logout,75.2,48.51
1786001894.6980648,Bob,Search,39.83,74.25
1786001894.6980677,Charlie,Purchase,43.92,25.67
1786001894.6980705,Emma,View,69.04,51.27
1786001894.6980734,Charlie,Search,66.62,68.96
1786001894.698076,Charlie,Search,89.33,35.88
1786001894.6980782,Bob,Purchase,58.9,35.11
1786001894.6980808,Alice,Login,53.51,61.01
1786001894.6980834,Charlie,Search,73.49,30.98
1786001894.6980858,Charlie,Login,86.34,87.83
1786001894.6980884,Alice,View,37.53,55.79
1786001894.6980922,Emma,Search,55.34,40.56
1786001894.6980946,Emma,Logout,81.72,45.84
1786001894.6980977,Alice,Logout,71.16,34.15
1786001894.6981003,Bob,View,18.39,40.25
1786001894.6981032,Bob,Search,31.8,69.06
1786001894.6981058,Charlie,Purchase,72.79,54.52
1786001894.698109,Charlie,Purchase,38.76,72.97
1786001894.698112,David,Logout,69.4,49.54
1786001894.6981165,Charlie,Login,33.26,44.51
1786001894.6981199,Charlie,Search,63.56,40.23
1786001894.6981225,Emma,Login,33.16,39.15
1786001894.6981251,Emma,Search,28.51,34.06
1786001894.6981275,Bob,Search,51.91,89.15
1786001894.6981301,Bob,Search,11.16,52.33
1786001894.6981328,David,Logout,18.48,64.35
1786001894.6981356,David,Logout,36.3,26.23
1786001894.698138,David,Logout,38.04,46.37
1786001894.6981404,Charlie,View,58.18,23.0
1786001894.6981432,Bob,Search,75.06,46.19
1786001894.6981459,Charlie,Login,88.99,34.24
1786001894.6981506,Bob,View,25.37,85.75
1786001894.6981535,Charlie,View,23.35,71.49
1786001894.698156,Bob,Purchase,11.82,94.58
1786001894.6981585,Charlie,Logout,21.6,46.43
1786001894.6981614,Alice,Login,11.66,62.44
1786001894.698164,Bob,Search,88.1,77.25
1786001894.6981668,David,Logout,74.84,27.66
1786001894.6981702,Alice,Purchase,55.59,31.36
1786001894.6981723,Bob,Logout,37.06,58.97
1786001894.6981752,Bob,Search,84.87,86.61
1786001894.6981776,David,Login,28.75,24.48
1786001894.6981802,Alice,Login,70.61,41.46
1786001894.6981828,Emma,Logout,34.51,89.51
1786001894.6981878,Charlie,Login,82.88,78.75
1786001894.6981907,Alice,Search,57.26,36.16
1786001894.6981933,Bob,Login,54.78,64.77
1786001894.6981966,Charlie,Purchase,89.63,76.06
1786001894.6981995,Alice,Purchase,33.63,54.39
1786001894.6982021,Bob,Logout,89.95,61.15
1786001894.6982045,Bob,View,20.98,81.74
1786001894.6982071,Bob,Search,82.23,88.42
1786001894.6982095,David,Logout,89.74,83.44
1786001894.6982121,David,Purchase,27.16,26.89
1786001894.6982152,Alice,Purchase,61.55,30.56
1786001894.6982179,David,Login,38.12,53.55
1786001894.6982205,David,Logout,69.04,40.3
1786001894.698223,Alice,Search,77.01,85.42
1786001894.698226,Alice,Logout,46.46,30.62
1786001894.6982286,Charlie,Search,57.73,42.92
1786001894.698231,Bob,Logout,69.36,72.11
1786001894.6982336,Charlie,View,16.07,52.94
1786001894.6982362,Alice,Logout,31.7,39.27
1786001894.6982408,Alice,Login,49.34,61.31
1786001894.698244,Emma,Login,49.67,40.33
1786001894.698247,Emma,Search,18.12,41.29
1786001894.69825,Alice,Logout,80.95,24.61
1786001894.6982524,Emma,Purchase,68.68,27.21
1786001894.6982548,Charlie,View,11.4,38.71
1786001894.698258,Alice,Login,58.91,54.36
1786001894.6982605,Alice,Logout,75.93,93.03
1786001894.6982634,Alice,Login,16.67,45.62
1786001894.6982658,David,Logout,14.71,64.92
1786001894.6982687,Emma,Search,47.16,65.37
1786001894.6982715,Charlie,Purchase,14.72,32.06
1786001894.6982744,Bob,Logout,51.1,67.95
1786001894.6982772,Charlie,Login,71.69,48.52
1786001894.6982796,Emma,Login,63.74,47.18
1786001894.6982822,David,View,25.71,73.53
1786001894.6982849,David,Search,25.73,50.12
1786001894.6982872,Alice,View,43.93,94.9
1786001894.6982899,David,Purchase,67.77,39.34
1786001894.6982942,David,Search,89.62,51.48
1786001894.6982973,Alice,Logout,47.93,29.2
1786001894.6983,Alice,Search,17.16,59.13
1786001894.6983027,Emma,Logout,38.27,62.9
1786001894.6983058,Alice,Login,32.51,57.49
1786001894.6983101,Emma,Logout,29.05,30.21
1786001894.698313,Bob,Logout,24.33,63.47
1786001894.6983156,David,Purchase,18.04,21.96
1786001894.698318,David,Login,29.32,22.26
1786001894.698321,Bob,Search,63.72,84.87
1786001894.6983242,Emma,View,53.11,57.95
1786001894.6983273,Alice,Logout,89.91,68.02
1786001894.6983306,Charlie,Login,74.09,64.79
1786001894.698335,Alice,Login,78.96,21.89
1786001894.6983383,Charlie,Logout,61.22,49.19
1786001894.6983411,Bob,View,35.39,79.4
1786001894.6983438,Bob,Purchase,83.83,89.47
1786001894.6983461,David,Login,58.81,92.12
1786001894.698349,Alice,Logout,42.55,45.38
1786001894.6983514,Bob,Login,41.74,70.0
1786001894.698354,Bob,Purchase,87.28,75.18
1786001894.6983564,Bob,Search,39.23,45.1
1786001894.698359,David,View,81.9,92.97
1786001894.6983616,David,Purchase,65.19,53.43
1786001894.6983643,Alice,Search,66.63,44.67
1786001894.6983666,David,Logout,64.66,63.78
1786001894.6983693,Bob,Purchase,33.1,29.73
1786001894.698372,Emma,Purchase,74.54,21.39
1786001894.6983745,Emma,Search,10.35,77.95
1786001894.6983771,Alice,Purchase,42.03,43.28
1786001894.6983798,David,Purchase,48.98,44.7
1786001894.6983821,David,View,63.47,29.73
1786001894.6983845,David,View,75.79,42.82
1786001894.6983871,Emma,Search,63.57,79.04
1786001894.6983898,Charlie,Login,16.81,94.9
1786001894.6983924,Charlie,Login,19.96,57.23
1786001894.6983953,Emma,Login,33.33,34.36
1786001894.6983976,David,Login,48.93,47.4
1786001894.6984,Charlie,Purchase,34.18,56.94
1786001894.6984026,Emma,View,18.36,34.42
1786001894.6984053,David,Login,48.93,89.78
1786001894.6984084,Bob,Search,51.25,46.42
1786001894.698411,Charlie,Logout,34.94,75.02
1786001894.6984138,Alice,View,66.64,53.02
1786001894.6984165,David,Login,22.21,56.37
1786001894.6984212,Charlie,Search,37.7,79.11
1786001894.6984243,Emma,Search,61.4,53.44
1786001894.6984289,David,Search,83.55,31.71
1786001894.6984317,Emma,Search,18.09,50.62
1786001894.6984344,Charlie,View,11.94,52.01
1786001894.6984372,Emma,Login,26.94,56.87
1786001894.6984398,Bob,Purchase,80.62,87.88
1786001894.6984425,Charlie,Search,71.94,74.68
1786001894.698445,Alice,Purchase,65.65,61.48
1786001894.6984475,David,Login,75.26,33.67
1786001894.6984508,David,Search,33.88,44.71
1786001894.6984532,Emma,View,30.6,60.81
1786001894.698456,Bob,Logout,76.58,91.68
1786001894.6984587,Charlie,Search,87.06,33.79
1786001894.6984608,David,Purchase,65.38,42.58
1786001894.6984634,David,Logout,50.93,54.13
1786001894.698466,David,Logout,19.78,38.37
1786001894.698469,Alice,View,47.1,62.8
1786001894.6984713,Bob,Search,64.16,72.32
1786001894.6984768,David,Logout,30.04,94.62
1786001894.6984794,Bob,Login,16.2,64.3
1786001894.6984823,David,View,26.59,92.59
1786001894.6984847,David,View,47.7,81.43
1786001894.6984873,Bob,Purchase,59.03,71.18
1786001894.6984901,Emma,Login,17.77,59.8
1786001894.698493,Bob,Purchase,43.13,89.85
1786001894.6984956,Emma,Logout,13.26,20.91
1786001894.6984982,Bob,View,33.1,94.36
1786001894.698501,Charlie,Login,40.52,52.56
1786001894.6985037,Charlie,Purchase,80.09,82.85
1786001894.6985066,David,Search,32.34,88.38
1786001894.698511,Charlie,Login,22.41,73.83
1786001894.698514,Bob,Logout,83.98,80.51
1786001894.6985164,David,Login,11.94,88.99
1786001894.6985192,David,Purchase,74.33,39.97
1786001894.6985223,David,Purchase,84.19,23.31
1786001894.6985252,Emma,Login,50.68,88.3
1786001894.698528,Alice,View,24.91,92.07
1786001894.698531,Charlie,Login,41.24,92.28
1786001894.6985333,Bob,View,80.35,82.79
1786001894.698536,Charlie,Logout,27.3,92.3
1786001894.698539,Bob,Logout,19.53,60.03
1786001894.6985416,Charlie,View,43.65,75.99
1786001894.6985445,Alice,View,27.73,43.18
1786001894.698549,Alice,Logout,81.88,71.09
1786001894.6985521,Alice,Logout,67.89,47.2
1786001894.6985545,Alice,Purchase,59.07,59.24
1786001894.6985571,Charlie,Login,44.94,25.5
1786001894.69856,Bob,Purchase,32.25,75.48
1786001894.6985626,David,Search,86.3,82.96
1786001894.698565,Emma,Purchase,70.03,39.69
1786001894.6985676,Charlie,Login,54.84,42.51
1786001894.6985705,David,Logout,87.75,84.91
1786001894.698573,David,Logout,13.18,56.31
1786001894.6985765,Bob,View,23.88,62.16
1786001894.6985793,Emma,Purchase,45.81,76.75
1786001894.698582,David,Purchase,54.62,61.62
1786001894.6985846,Alice,Search,77.49,79.0
1786001894.6985872,Emma,Login,85.0,46.34
1786001894.6985898,Bob,Login,14.21,88.07
1786001894.6985924,David,Purchase,87.65,59.76
1786001894.698595,Alice,Logout,28.49,58.3
1786001894.6985977,Emma,View,48.31,55.36
1786001894.698602,Bob,Login,71.75,93.41
1786001894.6986053,Alice,Purchase,84.72,65.13
1786001894.6986082,Bob,Purchase,25.11,50.66
1786001894.6986108,David,Purchase,71.94,54.09
1786001894.6986134,Alice,Search,24.68,89.69
1786001894.6986163,David,Logout,48.82,80.38
1786001894.698619,Alice,Logout,50.78,59.24
1786001894.6986217,David,Login,27.92,55.52
1786001894.6986244,Alice,Login,44.03,59.5
1786001894.6986268,Charlie,Login,29.84,20.75
1786001894.6986294,Alice,Login,70.35,27.77
1786001894.6986322,Bob,View,11.74,24.78
1786001894.6986353,Charlie,Logout,18.99,37.42
1786001894.6986377,Alice,View,21.52,74.06
1786001894.6986403,Emma,Logout,65.54,81.99
1786001894.698643,Alice,Login,66.48,70.73
1786001894.698646,Charlie,Login,75.98,89.35
1786001894.6986487,Alice,Login,79.81,79.52
1786001894.6986513,Alice,Logout,60.31,74.93
1786001894.698654,Emma,Login,23.39,72.87
1786001894.6986585,David,Login,32.31,92.76
1786001894.6986613,Charlie,Logout,61.34,41.88
1786001894.6986642,Charlie,Purchase,11.84,53.35
1786001894.698667,Emma,Logout,28.68,78.75
1786001894.6986713,Alice,Search,14.55,43.6
1786001894.698674,Bob,View,89.11,37.51
1786001894.6986766,Bob,Search,23.8,53.35
1786001894.6986792,Charlie,Search,57.17,62.5
1786001894.6986825,David,Search,52.66,59.7
1786001894.6986852,Emma,Logout,87.27,66.18
1786001894.698688,Bob,Purchase,86.08,32.9
1786001894.6986911,Bob,Purchase,42.88,28.45
1786001894.6986957,Emma,Purchase,20.54,91.83
1786001894.698699,David,View,77.33,85.24
1786001894.6987019,David,Purchase,89.76,53.15
1786001894.6987045,Emma,Logout,51.05,73.24
1786001894.6987069,David,Logout,61.84,59.03
1786001894.6987095,Charlie,Login,76.7,80.99
1786001894.6987119,Alice,View,51.88,85.54
1786001894.6987143,Bob,Logout,33.15,90.14
1786001894.698717,Charlie,Login,64.44,52.05
1786001894.6987197,David,Logout,72.3,80.38
1786001894.6987228,Alice,Search,15.65,38.59
1786001894.6987252,David,Logout,70.38,65.75
1786001894.6987276,Bob,View,20.31,41.02
1786001894.6987305,Charlie,View,66.86,49.99
1786001894.698733,Charlie,Purchase,72.11,26.66
1786001894.6987357,Emma,Purchase,41.76,57.45
1786001894.698738,Charlie,Search,13.72,48.16
1786001894.6987407,Charlie,Purchase,34.71,66.57
1786001894.6987433,David,View,79.52,73.44
1786001894.6987455,Alice,Logout,85.41,20.41
1786001894.698748,David,Login,27.19,70.85
1786001894.6987507,David,Search,82.15,22.63
1786001894.698753,Emma,Purchase,51.87,42.66
1786001894.6987555,David,Search,19.57,32.89
1786001894.6987584,Bob,View,66.35,75.79
1786001894.6987612,Alice,Login,23.57,73.0
1786001894.6987638,Bob,Logout,33.5,49.82
1786001894.698766,Emma,View,59.7,51.82
1786001894.698769,Emma,Search,48.04,22.07
1786001894.6987717,Emma,View,70.14,33.05
1786001894.6987746,Bob,Login,17.79,27.32
1786001894.6987772,Alice,Search,81.98,58.83
1786001894.6987817,Bob,View,41.91,83.79
1786001894.6987846,David,Login,84.68,51.08
1786001894.6987872,Bob,Logout,55.68,65.57
1786001894.6987941,Emma,View,73.71,30.57
1786001894.698799,Alice,Login,26.87,42.99
1786001894.6988032,Alice,Logout,87.63,54.98
1786001894.6988063,Emma,Purchase,80.1,73.64
1786001894.6988096,Charlie,View,72.86,31.77
1786001894.6988125,Alice,View,37.95,94.92
1786001894.6988149,Emma,Search,63.59,60.52
1786001894.6988177,Charlie,View,15.34,68.95
1786001894.6988204,Alice,View,17.04,64.67
1786001894.6988232,Alice,Search,82.2,73.66
1786001894.698827,Charlie,Logout,73.14,71.4
1786001894.6988297,Emma,Logout,26.61,68.72
1786001894.698832,David,Logout,18.55,90.1
1786001894.698835,Charlie,Login,47.17,58.94
1786001894.6988375,David,Search,12.73,73.9
1786001894.69884,Alice,Purchase,64.72,30.78
1786001894.6988432,Bob,Search,71.43,66.26
1786001894.6988475,Alice,Purchase,18.78,65.03
1786001894.6988504,Bob,Purchase,84.15,81.48
1786001894.6988528,Bob,Logout,81.37,49.37
1786001894.6988554,Emma,Search,54.17,43.94
1786001894.6988583,Charlie,Purchase,63.4,61.13
1786001894.6988611,Bob,Login,41.85,57.77
1786001894.6988633,David,Purchase,48.86,21.82
1786001894.6988661,Emma,Login,82.77,82.15
1786001894.6988702,David,Search,16.54,25.09
1786001894.698875,David,Logout,42.02,59.97
1786001894.6988795,David,Login,65.08,76.94
1786001894.6988862,Charlie,Search,74.57,92.62
1786001894.6988893,Bob,View,76.76,71.0
1786001894.698892,David,Purchase,49.58,90.55
1786001894.6988947,David,Search,59.34,20.05
1786001894.6988976,Emma,Logout,17.2,64.78
1786001894.6989005,Emma,Purchase,40.72,32.14
1786001894.6989033,Bob,View,51.1,58.91
1786001894.698906,David,Purchase,32.35,69.59
1786001894.6989083,Alice,Search,48.7,41.98
1786001894.698911,David,Search,86.32,52.86
1786001894.698914,David,Logout,66.22,49.35
1786001894.6989167,Emma,Purchase,11.01,72.04
1786001894.6989195,David,Logout,15.18,23.44
1786001894.6989217,Emma,Purchase,70.26,44.76
1786001894.6989264,Bob,Purchase,26.1,80.32
1786001894.6989288,Charlie,Search,82.97,21.35
1786001894.6989315,Emma,Search,77.4,47.92
1786001894.698934,Alice,View,66.2,94.37
1786001894.698937,Charlie,Logout,50.42,88.99
1786001894.6989396,Bob,View,34.08,77.98
1786001894.6989422,David,Purchase,57.31,86.64
1786001894.6989446,Bob,Search,10.1,65.38
1786001894.698947,Bob,Logout,62.74,45.61
1786001894.6989496,David,View,37.78,73.43
1786001894.6989522,Alice,Logout,30.31,85.48
1786001894.6989548,Alice,Logout,79.15,48.64
1786001894.6989572,Alice,Purchase,17.09,94.15
1786001894.6989598,David,Logout,74.11,21.78
1786001894.6989625,Charlie,Purchase,50.78,54.96
1786001894.698965,Alice,View,80.01,46.37
1786001894.6989677,Bob,Purchase,86.43,86.41
1786001894.6989703,David,Purchase,71.09,26.74
1786001894.6989744,Charlie,View,68.31,49.72
1786001894.6989775,David,Search,47.22,35.31
1786001894.69898,Charlie,Search,54.15,73.42
1786001894.698983,Alice,Purchase,70.4,48.94
1786001894.698986,David,Login,74.78,80.86
1786001894.6989882,Bob,Search,32.84,49.85
1786001894.698991,David,Login,39.28,26.87
1786001894.6989937,David,Logout,33.97,24.46
1786001894.6989963,Alice,Purchase,27.35,84.02
1786001894.6989987,David,Search,39.78,24.25
1786001894.6990016,David,Logout,19.48,80.45
1786001894.6990044,David,View,46.5,91.89
1786001894.699007,Bob,Purchase,15.45,81.5
1786001894.69901,David,View,18.34,39.41
1786001894.6990123,David,Purchase,81.9,80.32
1786001894.6990151,Emma,Purchase,17.7,82.19
1786001894.6990178,Emma,Logout,20.53,86.02
1786001894.6990201,Charlie,Logout,38.51,68.58
1786001894.6990225,Alice,Search,20.85,25.21
1786001894.6990254,Emma,Search,88.42,91.65
1786001894.6990294,Charlie,Login,51.81,34.77
1786001894.6990323,Charlie,View,21.9,84.58
1786001894.699035,Bob,Purchase,84.85,27.61
1786001894.6990378,Emma,Search,52.42,27.96
1786001894.699042,Bob,Login,66.47,90.96
1786001894.6990452,Charlie,Search,21.29,83.83
1786001894.6990476,Bob,Search,53.66,55.19
1786001894.6990502,David,Search,80.82,47.11
1786001894.699053,Bob,Search,54.4,42.14
1786001894.6990557,Alice,Purchase,54.01,92.0
1786001894.6990583,Alice,Login,86.42,20.7
1786001894.6990607,David,Purchase,83.15,89.22
1786001894.699065,David,Purchase,22.67,51.98
1786001894.6990676,Charlie,View,69.48,44.7
1786001894.6990705,Alice,Logout,45.67,76.44
1786001894.6990733,Charlie,View,52.64,81.6
1786001894.6990762,Charlie,View,50.46,82.18
1786001894.6990786,Alice,View,61.95,90.58
1786001894.699081,David,View,24.86,20.3
1786001894.6990838,David,Logout,46.6,71.71
1786001894.6990864,Alice,Logout,33.23,90.47
1786001894.6990898,David,Search,20.02,93.72
1786001894.6990921,Alice,Search,84.32,40.87
1786001894.6990948,Bob,Logout,56.93,80.18
1786001894.6990974,Alice,Logout,25.77,44.23
1786001894.6991005,Bob,Login,14.72,26.17
1786001894.6991026,Charlie,Login,79.63,63.91
1786001894.6991053,Bob,Login,69.72,47.57
1786001894.699108,Bob,Login,34.56,43.01
1786001894.6991107,Bob,Logout,87.74,80.76
1786001894.6991131,Bob,Logout,13.63,50.12
1786001894.6991158,Emma,Login,86.83,75.71
1786001894.6991184,Charlie,View,63.3,80.09
1786001894.6991215,Charlie,Login,71.75,75.34
1786001894.6991239,Emma,Purchase,83.08,47.33
1786001894.6991265,Bob,Purchase,17.34,32.71
1786001894.699129,Emma,View,59.21,87.34
1786001894.699132,Charlie,Search,85.38,76.14
1786001894.6991343,Charlie,View,32.11,34.32
1786001894.699137,Charlie,Search,20.08,37.67
1786001894.6991396,Alice,Logout,50.32,26.09
1786001894.6991422,Bob,View,29.51,88.22
1786001894.6991446,Alice,Purchase,89.98,31.22
1786001894.6991472,David,Logout,53.56,49.13
1786001894.6991525,Alice,Search,47.03,31.51
1786001894.6991556,Bob,Logout,63.46,50.03
1786001894.6991582,David,Login,33.41,83.78
1786001894.6991684,David,Purchase,42.56,82.02
1786001894.6991732,Charlie,Purchase,27.71,56.24
1786001894.699177,Charlie,View,83.61,91.56
1786001894.699181,Charlie,Search,26.11,93.02
1786001894.6991856,Alice,Search,34.68,26.32
1786001894.6991897,Emma,Purchase,33.29,49.13
1786001894.6991942,Emma,Search,39.6,47.67
1786001894.6991985,David,Login,26.93,46.39
1786001894.6992028,Emma,Search,11.08,37.9
1786001894.6992073,Bob,Login,33.42,26.73
1786001894.6992111,David,Search,47.11,46.87
1786001894.6992154,Charlie,View,60.44,61.28
1786001894.6992195,Alice,Login,83.27,22.62
1786001894.6992233,Bob,Search,54.56,55.8
1786001894.6992273,Bob,View,39.86,56.23
1786001894.6992319,Bob,Logout,73.88,47.83
1786001894.699236,Charlie,Purchase,33.03,58.92
1786001894.6992474,David,Login,46.19,77.99
1786001894.6992521,Emma,Login,55.75,34.61
1786001894.6992571,Charlie,Login,60.98,56.92
1786001894.699261,Alice,Logout,19.86,50.27
1786001894.6992645,Bob,Search,63.61,61.53
1786001894.6992686,Emma,Search,65.85,36.85
1786001894.6992729,Charlie,Purchase,84.65,94.86
1786001894.6992767,Charlie,Purchase,33.6,86.61
1786001894.6992807,David,View,59.79,40.9
1786001894.699286,Bob,View,37.8,41.05
1786001894.69929,David,Logout,84.29,47.18
1786001894.699298,David,Purchase,42.24,89.69
1786001894.699303,Alice,Purchase,76.17,78.61
1786001894.6993074,Charlie,Logout,14.03,44.36
1786001894.6993122,Emma,Search,65.35,34.25
1786001894.6993172,Emma,Purchase,19.67,37.07
1786001894.6993217,Alice,Login,25.71,41.65
1786001894.699327,Alice,Search,54.77,58.0
1786001894.6993327,Bob,View,60.42,29.05
1786001894.6993372,Emma,Login,13.52,58.12
1786001894.6993418,Bob,Search,87.01,22.56
1786001894.6993468,David,Purchase,73.7,27.91
1786001894.6993508,David,Search,18.92,46.2
1786001894.6993554,David,Purchase,27.94,44.06
1786001894.69936,Emma,Logout,75.08,54.44
1786001894.6993644,Alice,Login,24.64,21.89
1786001894.6993756,David,View,26.97,37.58
1786001894.6993797,Bob,Purchase,45.19,51.99
1786001894.6993842,Bob,Login,77.64,37.79
1786001894.699389,Alice,Logout,44.11,88.25
1786001894.6993933,Emma,Search,13.49,20.13
1786001894.6993978,Bob,Search,51.83,70.54
1786001894.6994023,Alice,Search,15.47,60.95
1786001894.6994066,Bob,Login,18.92,61.3
1786001894.6994116,Emma,Login,34.28,28.47
1786001894.699416,Charlie,Logout,18.78,49.47
1786001894.6994207,Bob,View,15.45,94.21
1786001894.699425,Alice,View,13.48,91.39
1786001894.6994293,Charlie,Search,69.52,53.56
1786001894.6994336,David,Logout,81.37,48.44
1786001894.6994388,Alice,Logout,24.33,91.29
1786001894.6994421,David,Purchase,88.84,59.77
1786001894.699445,Charlie,Purchase,30.86,44.1
1786001894.69945,David,Purchase,77.29,45.73
1786001894.6994536,Bob,View,13.51,20.06
1786001894.6994565,Bob,Purchase,38.76,76.26
1786001894.699459,Charlie,View,25.17,21.72
1786001894.6994617,Bob,Logout,46.56,25.92
1786001894.699465,David,Logout,16.44,65.71
1786001894.6994674,Charlie,Search,46.8,38.17
1786001894.69947,Bob,Search,87.45,50.48
1786001894.6994727,David,View,68.13,91.85
1786001894.6994753,Bob,Purchase,20.71,63.04
1786001894.6994784,Emma,Login,52.64,58.05
1786001894.6994805,Alice,Search,13.08,43.92
1786001894.6994834,Alice,Login,26.08,51.4
1786001894.699486,Emma,Logout,45.11,40.47
1786001894.6994889,Bob,Search,57.76,45.17
1786001894.6994917,Alice,Purchase,43.39,75.38
1786001894.6994944,Emma,View,85.6,21.97
1786001894.699497,Bob,Purchase,63.62,47.05
1786001894.6994996,Alice,Login,71.73,82.62
1786001894.699502,Alice,View,43.14,57.69
1786001894.6995049,David,Search,65.76,31.94
1786001894.6995099,Emma,Logout,40.76,89.63
1786001894.6995127,David,Purchase,74.75,46.38
1786001894.6995153,Emma,Login,47.45,67.31
1786001894.699518,Emma,View,80.17,49.4
1786001894.6995232,David,Logout,75.69,92.26
1786001894.699526,David,Login,16.22,56.68
1786001894.699529,Emma,View,30.23,43.91
1786001894.6995316,Alice,View,62.25,46.5
1786001894.6995342,Alice,Purchase,45.83,49.51
1786001894.6995368,Alice,Login,69.51,67.21
1786001894.6995394,Alice,View,54.98,33.76
1786001894.6995435,Charlie,Search,80.09,64.54
1786001894.6995463,Bob,Search,20.73,29.12
1786001894.699549,David,View,78.9,81.65
1786001894.6995516,Emma,View,83.28,38.17
1786001894.6995537,Emma,View,11.55,44.65
1786001894.6995566,Charlie,Login,23.55,30.01
1786001894.6995592,Bob,Login,22.14,92.47
1786001894.6995618,David,Purchase,51.29,87.3
1786001894.6995642,Alice,Login,50.12,38.78
1786001894.6996348,Alice,Search,27.8,35.64
1786001894.6996374,Alice,Logout,81.24,72.07
1786001894.6996403,Alice,Purchase,84.79,59.43
1786001894.699643,Bob,Search,23.93,49.35
1786001894.6996458,Emma,Search,22.36,25.98
1786001894.699648,Bob,View,54.44,45.88
1786001894.6996508,Charlie,Search,81.46,31.63
1786001894.6996534,Alice,Search,39.86,69.44
1786001894.6996558,Emma,View,39.22,71.98
1786001894.6996584,Alice,Logout,27.48,27.02
1786001894.6996608,Emma,Logout,25.79,30.92
1786001894.6996636,David,Search,52.32,74.75
1786001894.6996663,Alice,Login,50.52,39.48
1786001894.6996684,Alice,View,88.36,21.07
1786001894.6996713,Charlie,Login,54.49,68.56
1786001894.699674,Alice,Logout,64.53,81.66
1786001894.6996765,Charlie,Login,11.43,50.96
1786001894.6996794,Alice,Search,42.55,55.93
1786001894.699682,Emma,Purchase,46.39,85.63
1786001894.699696,Alice,View,11.66,58.89
1786001894.6996987,Alice,Search,89.39,29.93
1786001894.6997015,Alice,Search,10.47,68.55
1786001894.6997044,Alice,View,51.16,66.61
1786001894.6997092,Charlie,Logout,66.68,26.89
1786001894.699712,Charlie,Logout,39.54,42.46
1786001894.6997147,Alice,Purchase,11.23,35.95
1786001894.699719,Charlie,Login,65.36,20.42
1786001894.6997218,Bob,Purchase,24.05,89.25
1786001894.6997242,Emma,Login,71.74,41.34
1786001894.699727,Emma,Purchase,80.45,21.66
1786001894.6997297,Bob,Logout,44.63,82.63
1786001894.6997323,Emma,Login,21.02,81.05
1786001894.6997347,Alice,Logout,75.37,61.08
1786001894.6997373,Emma,View,14.12,43.68
1786001894.69974,Alice,Search,59.14,86.64
1786001894.6997428,Bob,Purchase,29.56,43.63
1786001894.6997464,David,Login,18.29,65.23
1786001894.6997504,Charlie,View,49.88,59.64
1786001894.6997545,Bob,View,43.01,26.89
1786001894.699759,Alice,Logout,54.11,90.26
1786001894.6997645,David,Login,20.68,89.33
1786001894.69977,Alice,View,54.73,41.1
1786001894.699773,Emma,Logout,85.68,32.49
1786001894.6997771,David,Search,48.52,38.72
1786001894.699784,Bob,View,65.23,28.66
1786001894.699789,Charlie,Login,47.4,21.01
1786001894.699792,Emma,Login,59.1,69.81
1786001894.6997948,Bob,Search,55.59,38.06
1786001894.699798,Bob,Search,61.7,27.97
1786001894.6998007,Charlie,Purchase,24.59,63.13
1786001894.6998034,Charlie,View,74.04,54.61
1786001894.699806,Bob,Login,31.48,45.56
1786001894.6998088,Charlie,Search,65.15,91.96
1786001894.6998117,Alice,Search,75.01,46.4
1786001894.6998167,Charlie,Purchase,14.68,53.5
1786001894.6998198,David,Logout,44.99,20.73
1786001894.6998224,David,View,82.58,20.28
1786001894.6998272,Bob,Search,84.69,76.17
1786001894.6998317,David,Logout,12.24,38.5
1786001894.699838,David,View,54.72,55.67
1786001894.6998408,Alice,Search,58.49,93.68
1786001894.6998434,Charlie,Search,14.31,37.45
1786001894.6998458,Emma,Search,10.54,81.71
1786001894.6998491,Emma,Purchase,31.62,66.69
1786001894.6998518,Emma,Logout,12.41,71.08
1786001894.6998546,David,Purchase,85.72,30.78
1786001894.6998572,Emma,View,30.04,30.4
1786001894.6998596,David,Login,25.77,22.98
1786001894.6998622,Charlie,Purchase,87.8,32.44
1786001894.6998672,David,Search,48.06,88.7
1786001894.6998718,Charlie,Search,32.15,33.99
1786001894.699876,Emma,Login,14.6,20.0
1786001894.699881,Bob,Logout,41.66,59.33
1786001894.699886,Charlie,Search,51.1,56.82
1786001894.6998897,Charlie,Logout,32.38,58.29
1786001894.6998942,Charlie,Login,38.76,39.37
1786001894.699898,David,View,55.16,23.62
1786001894.699903,David,Purchase,36.71,88.77
1786001894.6999075,Emma,View,56.79,77.64
1786001894.6999114,Bob,Search,82.36,35.76
1786001894.699916,David,Purchase,72.13,76.19
1786001894.6999207,David,Purchase,46.58,76.92
1786001894.6999247,David,View,83.39,72.18
1786001894.699929,Alice,Logout,16.35,71.96
1786001894.6999345,Bob,Search,88.35,82.37
1786001894.6999393,Charlie,Purchase,50.7,91.53
1786001894.6999502,Bob,View,47.6,45.12
1786001894.699955,Emma,Login,13.68,87.24
1786001894.6999578,Emma,Search,19.95,32.26
1786001894.6999602,David,Search,39.05,87.86
1786001894.6999626,David,Login,52.28,74.25
1786001894.6999652,Bob,Search,30.12,44.33
1786001894.6999679,Charlie,Search,88.03,55.32
1786001894.6999702,Emma,Login,75.98,57.88
1786001894.699973,Charlie,View,47.58,73.85
1786001894.6999755,Emma,Login,80.57,39.31
1786001894.6999784,Bob,Search,74.56,89.03
1786001894.6999805,David,Logout,47.27,67.52
1786001894.6999831,David,Search,13.98,42.26
1786001894.699986,Alice,Search,63.48,44.57
1786001894.6999881,Alice,Login,71.32,27.66
1786001894.6999907,Emma,Login,73.98,48.2
1786001894.6999936,Bob,View,16.03,90.9
1786001894.6999965,Bob,Purchase,19.94,35.76
1786001894.699999,Bob,Logout,26.08,44.46
1786001894.7000022,David,Search,75.1,36.04
1786001894.7000048,Emma,Purchase,22.76,23.19
1786001894.7000096,Bob,Purchase,82.08,38.28
1786001894.7000122,Emma,Purchase,48.2,29.44
1786001894.700015,Emma,Login,81.93,44.75
1786001894.700018,Emma,Login,51.47,63.27
1786001894.7000208,David,Logout,59.56,53.54
1786001894.7000284,Charlie,View,21.11,34.99
1786001894.7000313,Emma,Search,77.28,64.3
1786001894.7000341,Emma,Login,51.66,87.87
1786001894.7000368,Charlie,Purchase,41.0,41.61
1786001894.7000394,Bob,Purchase,63.56,39.97
1786001894.7000422,Emma,View,63.46,51.74
1786001894.7000468,Charlie,Login,34.3,37.45
1786001894.7000494,Alice,Search,20.04,67.71
1786001894.7000523,Bob,Purchase,37.35,60.64
1786001894.7000554,Charlie,View,20.18,54.77
1786001894.7000587,David,Purchase,70.75,92.12
1786001894.700061,David,Search,52.62,25.93
1786001894.7000637,Charlie,Search,16.31,25.19
1786001894.7000666,Emma,View,77.18,88.42
1786001894.7000692,Charlie,Search,52.14,66.62
1786001894.7000716,Bob,Purchase,74.45,78.21
1786001894.7000744,Bob,View,70.37,66.83
1786001894.700077,Charlie,Purchase,35.26,24.02
1786001894.70008,Bob,Login,48.52,91.55
1786001894.7000837,Alice,Search,84.41,56.69
1786001894.7000864,Charlie,Login,67.34,58.94
1786001894.7000887,Alice,View,19.97,78.64
1786001894.7000914,Emma,Purchase,51.61,25.62
1786001894.7000942,Alice,Purchase,76.13,55.76
1786001894.700097,David,Search,88.78,93.58
1786001894.7000992,Charlie,Search,88.95,78.4
1786001894.7001019,Emma,View,35.9,52.71
1786001894.700105,Bob,Purchase,40.52,78.37
1786001894.7001076,Bob,View,45.29,93.76
1786001894.7001097,Charlie,View,46.38,51.46
1786001894.7001126,Alice,View,87.17,94.06
1786001894.7001152,David,Login,42.31,26.17
1786001894.7001178,Charlie,View,19.77,89.36
1786001894.7001202,Charlie,Logout,14.93,85.23
1786001894.7001228,Charlie,Search,44.99,75.1
1786001894.7001255,Charlie,Search,63.12,89.83
1786001894.700128,Charlie,Purchase,62.34,49.67
1786001894.7001307,Emma,Purchase,25.82,77.1
1786001894.7001388,Bob,Purchase,63.39,67.63
1786001894.700142,Bob,Logout,14.93,48.07
1786001894.7001443,Charlie,Purchase,66.95,86.61
1786001894.7001476,Emma,Logout,75.16,45.79
1786001894.7001526,Charlie,Login,75.94,47.91
1786001894.700155,David,Login,35.76,38.52
1786001894.7001576,Bob,Login,17.57,27.57
1786001894.7001607,David,View,35.04,28.61
1786001894.7001631,Emma,View,57.18,29.08
1786001894.700166,David,Purchase,30.83,28.98
1786001894.7001684,Emma,View,89.11,21.45
1786001894.7001712,David,Logout,66.11,70.4
1786001894.700174,Alice,Logout,31.73,57.49
1786001894.7001772,Alice,Search,36.81,59.47
1786001894.7001798,Charlie,Search,78.61,64.67
1786001894.7001822,David,Logout,72.93,73.16
1786001894.7001846,Charlie,Logout,13.5,83.14
1786001894.7001874,Charlie,View,84.15,35.05
1786001894.70019,Charlie,Search,79.74,58.47
1786001894.7001925,Alice,Login,51.34,59.18
1786001894.7001948,Emma,View,10.64,25.59
1786001894.7001998,David,Logout,13.7,23.04
1786001894.7002032,David,Logout,77.02,34.01
1786001894.7002058,Emma,View,27.23,28.52
1786001894.700209,Alice,View,66.24,74.81
1786001894.7002118,David,Purchase,76.34,64.48
1786001894.700214,Emma,Purchase,76.25,33.28
1786001894.7002165,Charlie,Purchase,14.73,26.2
1786001894.7002192,Alice,Purchase,86.09,58.37
1786001894.700222,Emma,View,52.5,41.07
1786001894.7002244,Emma,Login,60.53,73.17
1786001894.7002292,Bob,Logout,47.43,21.69
1786001894.7002318,Charlie,Logout,33.63,56.94
1786001894.7002344,Alice,Login,84.83,66.17
1786001894.7002373,David,Login,76.61,55.67
1786001894.7002397,Charlie,Logout,55.3,30.91
1786001894.7002423,Charlie,View,42.62,81.27
1786001894.7002447,Bob,View,70.99,93.27
1786001894.7002478,Bob,Logout,87.0,20.83
1786001894.7002504,David,Logout,52.62,22.49
1786001894.700253,David,Login,84.47,21.14
1786001894.7002554,David,Logout,80.11,88.9
1786001894.7002578,Bob,Logout,29.2,71.53
1786001894.7002606,Bob,Purchase,56.43,92.4
1786001894.7002635,Alice,Logout,82.67,54.32
1786001894.7002656,Bob,Search,53.05,22.11
1786001894.7002735,David,View,25.64,35.61
1786001894.7002776,Emma,Logout,89.73,35.24
1786001894.7002807,Emma,Login,79.42,55.6
1786001894.7002833,Alice,Search,76.27,52.13
1786001894.7002857,David,View,48.93,63.5
1786001894.7002885,Alice,Search,21.08,30.35
1786001894.7002912,David,Logout,14.03,63.86
1786001894.7002938,Bob,View,47.58,89.92
1786001894.7002966,David,Login,56.67,22.26
1786001894.7002995,Emma,View,46.2,32.67
1786001894.7003021,Charlie,Login,80.75,26.8
1786001894.7003047,Bob,Logout,26.65,49.46
1786001894.7003071,Emma,View,45.93,50.31
1786001894.7003102,David,Login,44.67,21.4
1786001894.7003129,David,Purchase,28.47,91.79
1786001894.7003155,Bob,View,44.74,24.51
1786001894.700318,Charlie,View,25.52,66.44
1786001894.7003262,David,Logout,66.34,48.61
1786001894.7003293,Charlie,Logout,15.46,58.06
1786001894.700332,Alice,View,60.15,46.95
1786001894.7003345,Alice,View,37.89,43.49
1786001894.700338,Bob,Logout,56.39,68.67
1786001894.7003403,Emma,Purchase,81.33,77.28
1786001894.7003431,David,View,74.73,46.65
1786001894.7003453,David,Logout,16.33,84.76
1786001894.700348,Bob,Purchase,83.48,84.57
1786001894.7003508,Bob,View,57.05,33.23
1786001894.7003534,Alice,Purchase,20.56,92.2
1786001894.7003562,Charlie,View,73.99,78.88
1786001894.700359,Bob,Purchase,22.68,60.47
1786001894.7003617,David,View,24.06,43.7
1786001894.7003644,David,Purchase,53.21,72.34
1786001894.7003667,Bob,View,79.75,82.68
1786001894.7003696,Bob,Logout,80.31,92.49
1786001894.7003727,Alice,Logout,79.28,42.83
1786001894.7003753,Alice,View,76.07,71.25
1786001894.700378,Alice,View,83.44,28.1
1786001894.7003806,Alice,View,51.05,34.72
1786001894.7003834,David,View,87.54,55.91
1786001894.7003906,Charlie,Search,56.23,41.99
1786001894.7003934,Alice,Logout,53.24,74.26
1786001894.7003963,David,Purchase,36.18,71.87
1786001894.7003992,Charlie,Purchase,66.68,54.15
1786001894.7004068,David,View,40.19,36.03
1786001894.7004094,Bob,Logout,86.7,20.26
1786001894.7004123,Charlie,Search,38.82,83.77
1786001894.7004147,Alice,Search,49.2,54.01
1786001894.7004175,Alice,Search,63.64,56.74
1786001894.7004201,David,Search,51.91,64.19
1786001894.7004275,Emma,View,84.55,45.28
1786001894.7004309,Alice,View,80.6,31.87
1786001894.7004335,David,View,66.98,20.6
1786001894.700436,Charlie,Logout,77.41,41.26
1786001894.7004387,David,Purchase,72.6,70.68
1786001894.7004416,Emma,Search,13.93,91.53
1786001894.700444,Bob,Login,53.24,29.14
1786001894.7004466,Bob,Purchase,13.44,77.81
1786001894.700449,Charlie,Purchase,13.02,89.23
1786001894.7004516,Charlie,Purchase,43.77,88.42
1786001894.7004542,Alice,Search,43.22,36.67
1786001894.7004566,Bob,Logout,31.12,52.14
1786001894.7004592,Emma,Search,52.09,67.67
1786001894.700462,Charlie,Purchase,46.78,49.02
1786001894.700465,David,Login,39.23,42.26
1786001894.7004673,Emma,Login,58.32,80.81
1786001894.70047,Alice,Logout,77.54,66.16
1786001894.7004726,Alice,View,37.46,91.88
1786001894.7004752,Alice,View,15.3,40.51
1786001894.7004778,Alice,Logout,19.86,84.98
1786001894.7004805,Emma,Purchase,45.49,45.08
1786001894.7004833,Alice,Logout,42.88,24.05
1786001894.700486,Charlie,Search,67.61,85.95
1786001894.7004883,David,Purchase,56.25,87.85
1786001894.700491,Charlie,View,37.48,40.43
1786001894.7004938,Charlie,Login,75.62,27.77
1786001894.7004964,Alice,Logout,21.57,94.36
1786001894.700499,Bob,Purchase,39.97,90.37
1786001894.700502,Charlie,Login,25.96,59.39
1786001894.7005048,Emma,Login,31.16,62.08
1786001894.7005076,David,Search,64.87,39.89
1786001894.7005105,Bob,Search,54.31,84.15
1786001894.7005153,Emma,Purchase,18.2,30.15
1786001894.7005181,Bob,Purchase,88.13,24.15
1786001894.7005208,Alice,Search,24.39,49.81
1786001894.7005236,Alice,View,21.39,88.35
1786001894.7005258,David,View,15.7,70.17
1786001894.7005305,Charlie,Purchase,76.26,43.4
1786001894.700533,Alice,View,53.52,50.41
1786001894.7005358,Alice,Login,30.66,30.18
1786001894.70054,Alice,Login,77.87,73.81
1786001894.700543,Charlie,Login,56.05,42.85
1786001894.7005458,Charlie,Logout,65.44,31.45
1786001894.7005484,David,Login,72.74,38.31
1786001894.7005513,Emma,Login,89.43,60.97
1786001894.7005537,Bob,Logout,40.42,77.82
1786001894.7005563,Bob,Purchase,39.54,47.42
1786001894.7005596,Alice,Search,88.05,77.7
1786001894.7005622,David,Search,19.42,71.8
1786001894.7005646,Charlie,Login,31.29,88.5
1786001894.7005675,Emma,Purchase,44.83,72.43
1786001894.70057,Charlie,Purchase,15.97,27.21
1786001894.7005727,Bob,Logout,64.46,88.82
1786001894.700575,Alice,View,18.75,54.79
1786001894.7005837,Emma,Search,58.61,40.11
1786001894.7005866,Alice,Logout,80.9,22.85
1786001894.7005894,Charlie,Search,40.37,20.93
1786001894.700592,Emma,Login,70.26,25.15
1786001894.7005956,Bob,Logout,45.74,36.17
1786001894.7005982,David,Logout,81.59,49.9
1786001894.700601,Alice,View,51.37,71.99
1786001894.7006035,Charlie,Search,47.21,54.78
1786001894.700606,Alice,View,32.06,72.66
1786001894.7006104,Emma,View,29.53,30.14
1786001894.700613,David,View,68.05,23.4
1786001894.7006156,Bob,Purchase,52.37,30.86
1786001894.700618,Bob,View,23.22,52.48
1786001894.700621,David,Login,14.01,22.92
1786001894.7006233,Bob,Search,66.67,86.99
1786001894.700626,Bob,Login,55.8,46.3
1786001894.7006288,Charlie,Logout,84.37,39.83
1786001894.7006314,Charlie,Purchase,45.5,87.89
1786001894.700634,Alice,Login,60.05,80.35
1786001894.7006364,Charlie,Purchase,21.99,77.7
1786001894.7006397,David,Purchase,77.95,93.12
1786001894.7006428,Emma,Login,27.73,56.93
1786001894.7006452,Alice,Logout,89.51,34.0
1786001894.7006478,Emma,Logout,17.48,82.27
1786001894.7006505,David,Purchase,75.84,82.56
1786001894.7006552,David,Logout,21.02,89.85
1786001894.7006576,David,Login,32.93,35.68
1786001894.7006602,David,Purchase,63.67,71.25
1786001894.7006629,Emma,Search,22.78,69.48
1786001894.7006657,Alice,Purchase,81.6,39.88
1786001894.700668,Alice,View,35.95,82.02
1786001894.7006707,Bob,Login,63.77,74.38
1786001894.7006736,Alice,Logout,17.72,25.8
1786001894.7006757,Emma,Purchase,76.44,61.22
1786001894.7006783,Bob,Login,27.14,37.52
1786001894.700681,Charlie,Search,21.83,73.31
1786001894.7006836,Bob,Login,14.96,29.18
1786001894.700686,Charlie,View,80.15,46.19
1786001894.7006884,Bob,View,53.22,41.33
1786001894.700691,Alice,Purchase,76.16,74.77
1786001894.7006936,Bob,Logout,27.61,71.34
1786001894.7006981,Charlie,Logout,77.87,70.41
1786001894.7007012,Charlie,View,19.16,34.04
1786001894.700704,Bob,Purchase,74.05,30.5
1786001894.7007062,David,Logout,43.34,80.89
1786001894.7007089,David,Login,49.1,83.56
1786001894.7007115,David,Logout,84.62,51.67
1786001894.7007143,Alice,Purchase,12.54,93.13
1786001894.7007165,David,Search,40.16,27.3
1786001894.7007196,David,View,88.84,54.28
1786001894.7007222,Alice,Login,47.45,76.62
1786001894.700725,David,Search,69.16,55.71
1786001894.7007272,Emma,Login,25.57,27.43
1786001894.7007303,Charlie,Search,78.76,29.85
1786001894.700733,Alice,Search,70.09,85.08
1786001894.7007356,Charlie,Search,23.46,52.79
1786001894.7007382,David,Search,87.66,28.88
1786001894.700741,Alice,Logout,70.95,25.69
1786001894.7007437,Bob,Search,25.55,36.8
1786001894.7007463,Charlie,Logout,23.38,43.08
1786001894.7007494,Alice,Logout,44.9,34.24
1786001894.7007515,Emma,Login,48.01,74.01
1786001894.7007542,Charlie,Search,19.82,62.99
1786001894.700759,Bob,Login,72.2,53.29
1786001894.7007623,Emma,View,19.29,73.54
1786001894.700765,Alice,Login,82.53,83.43
1786001894.7007678,Charlie,Search,18.16,72.95
1786001894.7007728,Bob,View,61.4,47.42
1786001894.7007754,Charlie,Purchase,17.79,59.97
1786001894.7007785,Alice,View,78.47,68.83
1786001894.7007813,Charlie,Purchase,72.43,83.25
1786001894.700784,Alice,Logout,35.31,44.71
1786001894.7007864,Charlie,Purchase,73.23,44.69
1786001894.7007911,Emma,Search,18.79,49.53
1786001894.7007942,Bob,Purchase,62.26,69.71
1786001894.7007968,Alice,View,70.28,71.73
1786001894.7007995,Alice,View,15.82,83.8
1786001894.700802,Emma,Logout,57.39,57.67
1786001894.7008047,Charlie,Purchase,55.45,22.41
1786001894.7008073,Alice,Login,75.86,68.22
1786001894.70081,David,Login,84.97,55.52
1786001894.7008126,David,Logout,50.65,45.9
1786001894.7008154,Emma,Purchase,86.55,87.04
1786001894.7008178,Emma,Purchase,44.84,87.89
1786001894.7008204,Emma,Purchase,25.74,33.32
1786001894.7008233,Alice,Purchase,72.99,53.98
1786001894.7008262,Charlie,Logout,56.97,44.79
1786001894.7008288,Charlie,Purchase,86.16,35.49
1786001894.7008312,Charlie,Logout,29.7,29.23
1786001894.7008338,Charlie,Purchase,50.09,47.06
1786001894.7008362,Bob,Logout,70.35,51.87
1786001894.7008388,Bob,Login,35.36,85.66
1786001894.700842,David,Logout,31.34,66.74
1786001894.7008448,David,Purchase,65.91,72.58
1786001894.7008474,Emma,Purchase,39.6,77.49
1786001894.7008502,David,Purchase,23.81,32.56
1786001894.7008526,Alice,Purchase,83.1,54.31
1786001894.7008553,Charlie,View,24.77,91.04
1786001894.7008586,Bob,Purchase,87.6,37.26
1786001894.7008612,Emma,Search,25.12,37.45
1786001894.7008638,Alice,Purchase,71.93,52.15
1786001894.7008667,Alice,Login,10.71,49.06
1786001894.7008712,Bob,Logout,81.84,26.35
1786001894.7008758,Charlie,Purchase,25.49,22.13
1786001894.7008803,Charlie,Logout,87.74,92.97
1786001894.7008874,Alice,Purchase,33.68,42.15
1786001894.7008908,David,Logout,57.03,66.56
1786001894.7008936,Charlie,View,16.46,69.37
1786001894.7008965,Charlie,Login,44.3,42.13
1786001894.700899,Bob,Purchase,81.94,40.16
1786001894.700904,David,Login,84.56,20.41
1786001894.7009068,David,Logout,24.16,67.76
1786001894.7009094,Charlie,Logout,23.95,62.15
1786001894.7009118,Bob,View,71.82,80.61
1786001894.7009141,Bob,View,60.24,64.88
1786001894.7009168,Charlie,Search,46.31,94.31
1786001894.7009194,Charlie,Purchase,45.61,58.1
1786001894.700922,Alice,Purchase,73.39,32.02
1786001894.7009249,Alice,View,16.83,27.89
1786001894.7009273,Alice,Logout,87.33,79.96
1786001894.70093,David,Logout,59.56,93.35
1786001894.7009325,Bob,Login,19.51,25.56
1786001894.7009354,Alice,Search,11.21,37.63
1786001894.700938,David,Logout,74.34,84.01
1786001894.7009404,Bob,Login,60.01,25.01
1786001894.700943,Charlie,View,24.33,73.89
1786001894.7009456,David,Purchase,79.95,36.63
1786001894.7009506,Bob,Purchase,31.8,23.94
1786001894.700953,David,View,77.17,28.6
1786001894.700956,Alice,View,40.04,64.91
1786001894.7009587,David,View,69.87,73.36
1786001894.7009616,Emma,View,64.9,48.93
1786001894.7009642,Alice,Logout,67.39,27.9
1786001894.700967,Alice,Search,12.19,90.09
1786001894.7009697,Bob,Logout,52.14,49.67
1786001894.7009723,Bob,View,60.1,79.71
1786001894.700977,Charlie,Logout,17.08,42.56
1786001894.7009797,Emma,View,76.96,34.88
1786001894.7009828,Emma,View,18.64,42.75
1786001894.7009854,David,Logout,54.9,64.27
1786001894.7009878,Charlie,Login,40.72,28.31
1786001894.7009907,Charlie,Search,48.21,52.71
1786001894.7009935,David,Logout,32.34,40.98
1786001894.7009964,Bob,Logout,10.45,57.0
1786001894.7009993,Charlie,Purchase,60.85,57.17
1786001894.7010016,Charlie,Logout,42.85,49.29
1786001894.7010043,Charlie,Search,60.4,71.84
1786001894.701007,Emma,Logout,24.44,31.83
1786001894.7010098,Bob,Login,42.93,92.47
1786001894.7010124,Charlie,View,61.56,39.01
1786001894.701015,Bob,Login,58.91,81.43
1786001894.7010176,Alice,Logout,42.28,58.97
1786001894.7010202,Alice,Login,65.2,29.11
1786001894.7010248,Emma,Purchase,15.94,53.52
1786001894.7010276,David,Search,32.56,58.84
1786001894.7010303,Charlie,Search,39.74,62.76
1786001894.7010329,Alice,Search,79.26,31.62
1786001894.7010355,Alice,Purchase,14.26,94.91
1786001894.7010384,Bob,Purchase,86.03,32.03
1786001894.701041,Alice,Search,37.4,30.8
1786001894.7010436,Bob,Purchase,65.82,76.86
1786001894.7010465,Alice,View,80.94,38.01
1786001894.701049,Emma,View,67.57,87.21
1786001894.701052,Charlie,Search,62.71,26.31
1786001894.701054,Emma,Login,46.62,94.35
1786001894.7010567,David,Search,54.1,90.0
1786001894.7010598,Charlie,Search,42.59,27.73
1786001894.7010622,Charlie,View,67.2,42.7
1786001894.7010667,David,Login,38.69,77.15
1786001894.7010698,Charlie,Search,23.53,87.99
1786001894.7010727,Emma,Purchase,76.62,70.68
1786001894.7010756,Bob,Login,66.0,22.77
1786001894.701078,David,Search,46.71,25.18
1786001894.7010806,Bob,View,85.41,47.94
1786001894.7010834,David,Search,34.37,43.09
1786001894.7010868,Charlie,Purchase,75.89,82.86
1786001894.7010894,Alice,Search,24.42,30.45
1786001894.7010918,David,Search,47.56,91.04
1786001894.7010944,Emma,Login,73.31,60.01
1786001894.7010977,Emma,Purchase,24.99,45.74
1786001894.7011003,Alice,Login,40.35,35.52
1786001894.7011032,Charlie,Login,72.95,94.52
1786001894.7011065,Alice,Logout,48.55,91.3
1786001894.701109,Emma,Login,15.46,91.02
1786001894.7011118,Alice,Purchase,14.0,78.57
1786001894.7011144,David,Search,32.01,86.11
1786001894.7011173,Charlie,View,70.62,44.34
1786001894.70112,David,View,37.82,33.59
1786001894.7011225,Bob,Purchase,15.76,92.89
1786001894.7011259,David,Search,14.65,43.79
1786001894.7011285,Bob,View,72.41,85.34
1786001894.7011328,David,Login,32.33,84.07
1786001894.7011356,Alice,Purchase,51.69,47.05
1786001894.7011383,Bob,Search,84.56,94.62
1786001894.7011409,Alice,Purchase,60.84,63.42
1786001894.701146,David,View,81.28,23.01
1786001894.7011492,Charlie,Search,46.9,73.06
1786001894.7011518,Charlie,View,51.27,56.04
1786001894.7011545,Charlie,Purchase,17.97,38.81
1786001894.7011573,Emma,View,36.14,39.22
1786001894.7011616,Bob,Login,89.17,47.35
1786001894.7011645,Alice,View,71.44,42.11
1786001894.701167,Emma,View,40.15,29.51
1786001894.7011702,Emma,Logout,13.91,21.4
1786001894.701173,Charlie,Logout,24.79,50.46
1786001894.7011755,Charlie,View,20.62,82.43
1786001894.701178,Emma,Login,51.05,70.85
1786001894.7011814,Bob,Purchase,51.44,41.33
1786001894.701184,David,Login,43.19,60.62
1786001894.701187,Charlie,Search,37.33,41.0
1786001894.701189,Charlie,Login,22.25,42.93
1786001894.701192,Charlie,View,63.33,53.41
1786001894.7011945,Emma,Search,71.16,34.2
1786001894.7011974,Bob,Logout,39.92,26.14
1786001894.7011998,Bob,Search,88.84,27.39
1786001894.7012026,Bob,Logout,35.78,33.74
1786001894.7012055,Charlie,Login,54.02,46.9
1786001894.7012084,Charlie,Search,33.7,94.6
1786001894.701211,Alice,View,73.41,33.79
1786001894.7012134,Emma,Login,73.49,68.42
1786001894.701216,Emma,View,25.21,36.72
1786001894.7012188,Bob,Search,73.01,90.76
1786001894.7012215,Alice,Login,80.63,43.64
1786001894.7012236,Alice,Search,79.94,46.81
1786001894.7012265,Bob,Purchase,46.62,47.54
1786001894.701229,David,Login,49.27,26.12
1786001894.701232,Bob,Purchase,73.36,87.34
1786001894.701234,Charlie,Logout,27.75,83.75
1786001894.7012367,Bob,Logout,81.43,22.31
1786001894.7012393,Alice,Login,42.76,60.5
1786001894.701242,Charlie,Logout,80.78,92.21
1786001894.7012444,David,Login,43.88,35.03
1786001894.7012491,Charlie,Login,30.6,24.15
1786001894.7012527,Bob,View,47.84,58.88
1786001894.701255,Charlie,Logout,44.57,68.84
1786001894.7012577,Emma,Purchase,60.17,56.14
1786001894.7012603,Emma,Logout,68.45,72.88
1786001894.701265,Alice,View,26.51,82.86
1786001894.701268,Emma,Logout,27.98,87.1
1786001894.7012706,Charlie,Purchase,77.54,42.58
1786001894.7012732,Emma,Purchase,79.37,25.64
1786001894.701276,Emma,Search,50.14,76.95
1786001894.7012787,Emma,Logout,58.95,41.45
1786001894.701282,Alice,Search,11.87,60.53
1786001894.7012844,Alice,Search,43.26,27.12
1786001894.701287,Charlie,View,15.84,82.66
1786001894.7012894,Charlie,Search,10.04,26.23
1786001894.7012918,Alice,Search,62.14,82.78
1786001894.7012947,Charlie,Logout,81.33,27.67
1786001894.7012968,Bob,Search,69.41,66.12
1786001894.7012997,Alice,Search,70.22,37.61
1786001894.701302,Alice,View,76.63,45.41
1786001894.7013047,Alice,Login,84.16,75.08
1786001894.7013068,Emma,View,28.04,35.25
1786001894.7013094,Charlie,Search,88.14,29.45
1786001894.7013144,Emma,View,15.9,89.78
1786001894.7013175,Emma,Search,41.7,65.52
1786001894.7013206,Alice,View,13.2,79.82
1786001894.7013233,Emma,Search,70.26,51.62
1786001894.7013261,Emma,Purchase,23.25,38.73
1786001894.7013288,David,Purchase,32.27,36.98
1786001894.7013311,Bob,Purchase,88.51,38.13
1786001894.701334,Alice,View,76.43,67.52
1786001894.7013397,David,View,56.72,32.05
1786001894.701343,Bob,Purchase,46.4,53.22
1786001894.7013452,Bob,Search,51.37,60.3
1786001894.701348,Emma,Login,86.26,93.77
1786001894.7013505,Charlie,Logout,54.21,89.38
1786001894.701353,Charlie,Logout,73.42,59.43
1786001894.7013557,Charlie,Purchase,24.31,50.81
1786001894.7013586,Bob,Login,19.01,24.3
1786001894.701362,Alice,Login,14.77,74.54
1786001894.7013645,Bob,Purchase,33.62,58.0
1786001894.701367,Alice,View,79.65,46.02
1786001894.7013695,Bob,Login,61.3,81.1
1786001894.7013726,Alice,Purchase,11.61,27.45
1786001894.7013755,Alice,Purchase,33.42,31.8
1786001894.701378,Charlie,Search,41.65,46.47
1786001894.7013805,Bob,Purchase,85.58,70.05
1786001894.7013834,Charlie,Search,71.66,53.16
1786001894.7013884,Bob,Purchase,27.52,87.63
1786001894.7013907,Charlie,Logout,80.77,80.92
1786001894.7013938,Emma,Purchase,34.49,59.08
1786001894.7013965,Emma,View,79.54,32.37
1786001894.701399,Emma,Search,89.06,57.62
1786001894.7014017,Bob,Purchase,78.68,76.91
1786001894.7014043,Emma,Login,80.17,24.02
1786001894.701407,Charlie,Login,30.49,53.27
1786001894.7014098,David,Search,54.43,26.69
1786001894.7014122,Alice,View,10.38,64.98
1786001894.7014146,Emma,Purchase,50.68,69.4
1786001894.7014174,Bob,Purchase,32.39,93.69
1786001894.70142,Alice,Login,85.65,37.08
1786001894.7014227,Alice,Search,44.18,43.48
1786001894.7014253,Emma,Search,38.76,79.97
1786001894.70143,David,Login,39.35,75.11
1786001894.7014325,Alice,Login,42.76,76.86
1786001894.7014356,David,View,27.58,77.83
1786001894.7014384,David,Login,57.0,26.9
1786001894.7014413,Alice,Logout,20.95,87.85
1786001894.7014441,Charlie,View,27.24,54.31
1786001894.701447,Bob,Search,73.67,35.56
1786001894.7014494,Charlie,Login,27.5,64.32
1786001894.701452,Bob,Login,74.5,60.59
1786001894.7014546,David,View,47.64,26.59
1786001894.7014575,Alice,View,18.56,33.41
1786001894.7014601,Bob,Login,21.85,84.52
1786001894.7014625,Alice,Search,10.62,25.55
1786001894.7014651,Alice,Login,11.88,80.66
1786001894.7014678,Emma,View,58.26,28.38
1786001894.7014701,Bob,Login,12.02,76.84
1786001894.7014728,Alice,View,65.96,65.98
1786001894.7014754,Bob,Search,55.16,72.76
1786001894.701478,Bob,Purchase,82.6,94.08
1786001894.7014804,Alice,Logout,87.58,56.84
1786001894.701483,Charlie,Logout,58.2,38.49
1786001894.7014856,Alice,Search,59.56,65.87
1786001894.7014887,Charlie,Login,56.0,88.27
1786001894.7014935,Alice,View,66.16,67.07
1786001894.7014964,Charlie,Logout,59.3,76.65
1786001894.701499,David,Purchase,15.24,54.07
1786001894.7015014,Emma,View,23.52,93.25
1786001894.701504,David,Purchase,75.53,90.5
1786001894.7015085,Bob,Purchase,47.5,42.45
1786001894.7015114,Emma,View,81.26,60.37
1786001894.701514,David,Logout,88.65,83.17
1786001894.7015169,David,Login,31.74,89.04
1786001894.7015212,Charlie,Search,16.45,28.53
1786001894.7015238,Bob,Login,56.21,80.91
1786001894.701527,Alice,Login,49.57,56.79
1786001894.7015295,Alice,Search,27.92,58.01
1786001894.7015321,Charlie,Logout,86.55,91.74
1786001894.701535,Charlie,Logout,30.97,94.41
1786001894.7015378,Emma,Search,27.43,76.48
1786001894.70154,David,Login,71.15,69.31
1786001894.7015429,Charlie,Search,51.22,64.66
1786001894.7015455,Emma,View,48.3,88.04
1786001894.701548,David,Logout,38.02,36.61
1786001894.7015505,Charlie,Search,86.66,67.91
1786001894.701553,Emma,Login,22.31,93.81
1786001894.7015557,Charlie,Search,85.36,61.28
1786001894.7015584,Charlie,Search,49.66,44.83
1786001894.7015607,Alice,Search,59.51,27.63
1786001894.7015636,Emma,Login,81.85,45.58
1786001894.7015662,Emma,Login,60.63,93.7
1786001894.701569,Charlie,Login,56.96,45.91
1786001894.7015717,David,Purchase,26.09,75.4
1786001894.7015743,David,View,34.23,80.45
1786001894.701577,Charlie,Logout,80.6,80.38
1786001894.7015798,Emma,Logout,60.55,58.25
1786001894.7015824,Alice,Purchase,68.26,42.63
1786001894.7015858,David,Logout,29.24,64.86
1786001894.7015882,David,Login,73.83,60.52
1786001894.7015908,Alice,View,10.09,29.65
1786001894.7015932,Emma,Login,79.24,27.05
1786001894.7015955,Bob,Login,69.93,85.55
1786001894.7015982,Emma,Purchase,34.48,39.35
1786001894.7016013,David,Search,56.03,55.16
1786001894.701604,Bob,View,17.57,68.04
1786001894.7016087,Charlie,Logout,31.72,61.76
1786001894.7016118,Emma,Logout,87.35,56.32
1786001894.7016146,David,Purchase,27.87,65.93
1786001894.7016175,Alice,View,17.44,45.22
1786001894.7016203,Charlie,Search,67.27,72.6
1786001894.7016227,Charlie,Search,49.88,82.46
1786001894.7016275,David,Purchase,57.7,89.38
1786001894.70163,David,Logout,69.16,36.73
1786001894.7016327,Charlie,Login,59.55,60.49
1786001894.7016354,Emma,View,23.61,23.55
1786001894.701638,Emma,View,61.51,63.32
1786001894.7016404,Charlie,Purchase,47.0,87.59
1786001894.7016435,David,Purchase,46.31,31.62
1786001894.701646,Alice,Search,41.85,62.96
1786001894.701649,Bob,View,51.26,87.06
1786001894.7016518,David,Search,61.81,94.37
1786001894.7016544,David,View,16.36,50.98
1786001894.701657,Emma,Login,17.48,75.08
1786001894.70166,Alice,Purchase,18.56,94.46
1786001894.7016628,Emma,Purchase,78.75,22.35
1786001894.7016652,Bob,Logout,71.7,78.43
1786001894.7016678,Emma,Logout,23.44,60.08
1786001894.7016704,Alice,Purchase,44.95,49.2
1786001894.701675,Emma,Login,61.79,45.0
1786001894.701678,Bob,Purchase,26.6,65.88
1786001894.7016807,Alice,Logout,86.32,43.45
1786001894.7016838,Emma,Search,23.91,38.86
1786001894.7016864,Alice,Purchase,72.91,67.21
1786001894.701689,David,Logout,54.88,35.95
1786001894.7017002,Charlie,Search,30.63,76.03
1786001894.701703,Emma,Login,31.84,85.3
1786001894.701708,Alice,Purchase,89.91,34.92
1786001894.701711,Charlie,Purchase,74.77,93.39
1786001894.7017136,Alice,Logout,88.11,41.29
1786001894.7017164,Alice,Login,80.49,81.41
1786001894.701719,Charlie,View,77.67,27.8
1786001894.7017217,Emma,Search,57.32,67.21
1786001894.7017245,Alice,View,67.32,34.06
1786001894.701727,David,Logout,20.67,59.08
1786001894.7017295,Bob,Logout,24.69,73.87
1786001894.7017326,Charlie,Search,65.53,63.96
1786001894.7017355,David,Logout,88.77,71.4
1786001894.7017379,Bob,Search,34.88,40.95
1786001894.7017405,David,Login,52.99,70.73
1786001894.7017431,David,Search,72.77,54.94
1786001894.7017457,Alice,Login,85.05,58.38
1786001894.7017484,Charlie,Logout,62.01,47.7
1786001894.701751,Alice,Logout,86.43,65.82
1786001894.701756,Bob,View,41.92,57.51
1786001894.7017586,Bob,View,21.4,67.01
1786001894.7017612,Alice,View,39.49,53.91
1786001894.701764,Alice,View,38.56,59.81
1786001894.7017665,Emma,View,42.6,35.54
1786001894.701769,Bob,Search,84.05,87.67
1786001894.7017717,Emma,Login,56.05,49.66
1786001894.7017746,David,Login,42.92,20.15
1786001894.7017772,Emma,Logout,32.64,89.66
1786001894.7017796,Charlie,Logout,87.87,26.6
1786001894.701782,Charlie,Purchase,39.21,56.58
1786001894.7017846,David,Login,83.32,39.52
1786001894.7017872,Bob,Purchase,76.57,34.54
1786001894.7017896,Emma,Login,56.27,21.54
1786001894.7017925,Charlie,Search,50.85,67.47
1786001894.7017975,David,Purchase,61.43,34.59
1786001894.7018003,Emma,Purchase,88.41,79.2
1786001894.701803,David,Purchase,15.64,65.33
1786001894.7018056,Alice,Purchase,23.14,56.08
1786001894.7018085,Alice,Purchase,50.41,50.85
1786001894.7018113,David,Purchase,74.05,79.75
1786001894.7018137,Bob,View,26.84,26.76
1786001894.701816,Alice,Purchase,16.13,68.24
1786001894.701819,David,Search,65.87,70.21
1786001894.7018213,David,Logout,16.62,36.34
1786001894.701824,Alice,Purchase,36.04,61.31
1786001894.7018268,Bob,Login,51.96,73.24
1786001894.7018292,David,Logout,74.53,38.47
1786001894.7018318,Alice,Search,36.36,54.26
1786001894.7018344,Charlie,Search,77.56,36.2
1786001894.701837,Alice,Search,13.92,69.61
1786001894.7018404,Bob,Search,73.63,62.93
1786001894.7018433,Bob,Purchase,15.08,79.08
1786001894.7018456,Emma,Purchase,38.71,86.04
1786001894.7018483,Alice,Search,75.72,89.91
1786001894.7018507,Alice,Purchase,42.63,89.82
1786001894.7018533,Emma,Login,59.8,81.21
1786001894.701856,Charlie,Logout,86.69,51.23
1786001894.701859,Alice,Purchase,11.31,73.0
1786001894.7018638,Emma,Search,72.28,46.9
1786001894.7018664,David,Logout,89.53,29.71
1786001894.7018707,Charlie,Login,42.42,59.42
1786001894.7018754,Charlie,Logout,30.23,25.82
1786001894.7018826,Bob,Logout,45.01,49.97
1786001894.7018852,David,View,78.75,75.99
1786001894.701888,Bob,View,81.94,44.25
1786001894.7018905,Charlie,Search,16.72,86.98
1786001894.7018952,Charlie,View,25.03,51.63
1786001894.701898,Charlie,Purchase,14.56,36.5
1786001894.7019017,Charlie,Purchase,60.48,29.65
1786001894.701904,Bob,Login,23.06,85.1
1786001894.7019067,Emma,Login,11.92,77.73
1786001894.701909,Bob,Search,21.04,61.89
1786001894.7019114,David,Search,28.75,76.43
1786001894.701914,Alice,View,81.57,39.78
1786001894.7019167,Charlie,Logout,29.31,40.76
1786001894.7019193,Emma,Purchase,35.27,37.31
1786001894.7019217,Bob,View,40.69,68.55
1786001894.7019243,David,Login,77.42,87.77
1786001894.701927,Charlie,Logout,85.33,37.02
1786001894.7019296,Bob,Search,43.09,70.61
1786001894.7019322,Bob,Logout,19.46,69.95
1786001894.7019348,Charlie,Logout,36.18,49.27
1786001894.7019374,Emma,View,76.6,84.2
1786001894.7019408,Charlie,Login,59.12,84.65
1786001894.7019434,Charlie,Logout,83.1,55.69
1786001894.7019458,Bob,Logout,10.43,74.81
1786001894.7019484,Charlie,Search,42.03,27.2
1786001894.701951,Alice,Search,73.3,30.02
1786001894.701954,Alice,Logout,31.81,92.89
1786001894.701956,David,Search,58.27,87.86
1786001894.701959,Bob,Logout,42.82,31.86
1786001894.7019613,Charlie,Search,89.8,42.58
1786001894.7019641,Alice,Search,89.8,63.63
1786001894.7019668,Charlie,Purchase,22.4,27.3
1786001894.7019696,Bob,Purchase,49.08,46.89
1786001894.7019722,Bob,Purchase,47.95,61.27
1786001894.7019749,Charlie,Logout,41.48,76.16
1786001894.701978,Bob,Search,38.19,25.63
1786001894.7019827,Bob,Logout,51.53,60.1
1786001894.7019854,David,Login,10.31,70.15
1786001894.701988,Emma,Search,77.8,66.48
1786001894.7019908,Bob,View,17.33,80.22
1786001894.7019935,David,View,53.13,52.07
1786001894.7019958,David,View,71.71,86.77
1786001894.7019982,Emma,Logout,49.44,20.89
1786001894.702003,David,Logout,30.01,62.79
1786001894.7020059,Charlie,Search,17.54,51.36
1786001894.7020082,Charlie,Logout,75.06,62.38
1786001894.7020109,Emma,Login,43.64,92.12
1786001894.7020135,David,Search,83.62,37.75
1786001894.7020166,David,Purchase,57.1,33.12
1786001894.702019,Bob,Login,81.64,38.25
1786001894.7020216,Charlie,Purchase,10.71,33.89
1786001894.7020245,David,Search,76.21,65.79
1786001894.7020276,Alice,Purchase,20.03,29.67
1786001894.7020297,Emma,Purchase,80.58,57.24
1786001894.7020326,Bob,View,89.78,75.63
1786001894.702035,Bob,Login,61.93,68.8
1786001894.7020376,Alice,Logout,17.56,67.33
1786001894.70204,Bob,Search,55.15,37.11
1786001894.7020428,David,Login,22.88,73.36
1786001894.7020457,Charlie,View,23.9,59.76
1786001894.7020502,Bob,View,60.33,32.21
1786001894.7020533,Emma,View,11.61,69.86
1786001894.7020566,Bob,Purchase,86.21,42.84
1786001894.7020595,David,Login,85.73,55.32
1786001894.702062,Alice,Purchase,70.44,36.67
1786001894.7020648,Bob,Logout,62.14,24.81
1786001894.7020671,Alice,Logout,35.44,82.76
1786001894.7020717,Emma,Search,60.06,77.8
1786001894.7020743,Charlie,Logout,78.28,35.88
1786001894.7020772,Charlie,Logout,88.07,34.29
1786001894.7020798,Charlie,View,67.81,79.18
1786001894.7020824,David,Search,78.08,38.51
1786001894.7020848,Emma,Search,25.79,84.99
1786001894.7020874,Alice,View,15.55,61.36
1786001894.70209,Bob,Search,14.8,22.43
1786001894.7020936,Charlie,View,37.88,23.62
1786001894.7020962,Bob,Logout,29.07,44.18
1786001894.7020986,Emma,View,59.69,62.07
1786001894.7021015,Emma,Search,49.56,82.03
1786001894.702104,David,Purchase,64.65,55.05
1786001894.7021067,Charlie,Logout,42.28,40.05
1786001894.7021089,Emma,Login,10.33,94.38
1786001894.7021115,Charlie,Logout,52.17,53.12
1786001894.702114,David,Purchase,30.44,63.74
1786001894.7021172,Charlie,View,30.94,42.07
1786001894.7021213,Bob,Logout,56.88,84.16
1786001894.7021246,Charlie,Login,30.19,37.71
1786001894.7021275,Bob,Search,46.73,33.65
1786001894.7021298,Bob,Logout,75.68,25.19
1786001894.7021325,Bob,Purchase,35.41,78.18
1786001894.7021353,Charlie,Purchase,49.17,24.23
1786001894.702138,Charlie,Login,18.21,67.09
1786001894.7021403,Charlie,Purchase,45.41,75.86
1786001894.702143,Bob,View,72.9,70.12
1786001894.7021456,Alice,Login,63.51,54.02
1786001894.7021482,David,View,46.93,92.27
1786001894.7021508,Emma,Logout,49.21,82.65
1786001894.7021532,Charlie,Login,81.11,88.83
1786001894.7021558,Charlie,View,52.66,77.88
1786001894.70216,David,Purchase,43.32,93.83
1786001894.7021627,David,Login,24.85,51.73
1786001894.7021656,Charlie,Purchase,29.03,31.72
1786001894.7021682,Bob,Search,89.05,45.91
1786001894.7021706,Bob,Search,27.92,38.92
1786001894.7021735,David,Login,59.22,60.86
1786001894.702176,Charlie,Logout,48.23,54.46
1786001894.7021785,David,Login,82.73,71.0
1786001894.702181,Alice,Search,15.76,88.85
1786001894.702184,Bob,Purchase,77.06,56.74
1786001894.7021866,Charlie,View,44.4,42.09
1786001894.7021892,Alice,Search,84.76,94.42
1786001894.7021918,Alice,View,62.88,44.34
1786001894.7021947,Alice,Purchase,69.27,47.53
1786001894.7021973,Emma,Purchase,41.29,32.77
1786001894.7022002,Bob,Purchase,80.87,29.24
1786001894.7022028,Charlie,Search,32.22,43.47
1786001894.7022057,Bob,Search,32.6,37.38
1786001894.7022085,Charlie,Search,23.47,49.07
1786001894.7022111,David,Purchase,20.98,77.48
1786001894.702214,Alice,Logout,58.76,33.01
1786001894.7022164,Charlie,View,65.1,37.25
1786001894.702219,Charlie,View,83.3,47.74
1786001894.7022216,Charlie,Purchase,32.08,30.18
1786001894.7022262,Bob,View,45.26,80.64
1786001894.702229,Charlie,Logout,18.16,43.67
1786001894.702232,Bob,Logout,72.36,48.23
1786001894.7022345,David,Logout,34.99,63.45
1786001894.7022388,Charlie,Purchase,30.58,92.63
1786001894.7022412,Emma,Logout,80.46,34.12
1786001894.7022443,Alice,Login,67.75,80.58
1786001894.702247,Bob,View,70.41,35.76
1786001894.702251,Alice,Search,35.5,33.71
1786001894.7022538,David,View,38.97,27.5
1786001894.7022564,David,Purchase,58.73,79.35
1786001894.7022588,Bob,View,62.4,91.8
1786001894.7022614,Charlie,Search,21.85,83.51
1786001894.702264,David,Login,68.75,22.0
1786001894.702267,Charlie,Login,47.81,33.6
1786001894.7022696,Emma,Purchase,15.97,54.75
1786001894.7022722,Charlie,View,77.84,66.41
1786001894.7022748,Bob,Purchase,13.58,34.52
1786001894.7022774,Bob,View,58.46,49.89
1786001894.7022803,Emma,Search,46.65,54.66
1786001894.702283,Charlie,View,72.12,69.27
1786001894.7022853,Alice,View,25.82,79.66
1786001894.7022882,David,Login,48.61,83.41
1786001894.7022908,Alice,Purchase,80.18,51.1
1786001894.7022932,Charlie,Search,36.96,69.85
1786001894.7022958,David,Purchase,89.67,71.28
1786001894.7022986,Emma,Logout,17.78,27.06
1786001894.7023015,Bob,Search,31.25,68.44
1786001894.7023036,Alice,Logout,70.51,24.85
1786001894.7023063,Bob,View,89.26,44.92
1786001894.7023087,Charlie,Purchase,63.66,62.22
1786001894.7023115,David,Search,18.9,81.65
1786001894.702314,Alice,Search,52.9,43.88
1786001894.7023168,Alice,Search,82.74,21.57
1786001894.7023199,David,Purchase,29.89,69.25
1786001894.7023227,Emma,Search,76.41,41.51
1786001894.7023253,Alice,Logout,55.08,39.39
1786001894.7023292,Bob,View,43.22,93.13
1786001894.7023315,Bob,Purchase,48.35,72.26
1786001894.7023342,Bob,Logout,74.26,29.57
1786001894.7023385,Alice,Purchase,45.02,55.12
1786001894.7023413,Charlie,Login,76.68,87.33
1786001894.7023437,Bob,View,33.84,75.55
1786001894.7023466,Bob,Logout,64.63,46.45
1786001894.7023494,Charlie,Logout,10.3,63.02
1786001894.7023518,Charlie,View,24.35,61.76
1786001894.7023544,Charlie,Search,68.08,38.76
1786001894.7023587,Emma,View,76.32,78.12
1786001894.7023613,Bob,Purchase,82.72,49.15
1786001894.7023642,Charlie,Search,39.18,88.29
1786001894.702367,Emma,Login,54.84,93.47
1786001894.7023695,Bob,Login,72.27,93.53
1786001894.7023723,Emma,Search,82.72,59.58
1786001894.7023752,Bob,Login,78.15,29.74
1786001894.7023778,David,Purchase,67.17,85.07
1786001894.7023802,David,Purchase,51.45,46.63
1786001894.7023828,Charlie,View,29.96,70.01
1786001894.7023857,Bob,Purchase,78.73,79.53
1786001894.7023902,Alice,Purchase,25.68,71.84
1786001894.7023952,David,View,55.63,74.79
1786001894.7023997,Alice,Login,39.54,42.15
1786001894.7024026,Alice,Logout,44.58,27.06
1786001894.7024055,Alice,View,21.87,93.39
1786001894.7024078,Emma,View,59.39,31.15
1786001894.7024124,Emma,View,79.48,21.12
1786001894.7024155,Charlie,Logout,70.27,49.77
1786001894.7024179,Charlie,Logout,10.24,71.74
1786001894.702421,Charlie,View,14.9,26.27
1786001894.7024236,Emma,View,58.71,43.72
1786001894.7024262,Bob,Search,81.83,76.7
1786001894.7024286,Alice,Search,66.59,63.72
1786001894.7024329,Charlie,Login,56.81,86.89
1786001894.7024355,David,View,87.64,60.74
1786001894.7024388,Bob,Login,85.43,51.25
1786001894.7024415,David,Login,88.9,46.62
1786001894.7024438,Emma,View,62.37,66.37
1786001894.7024472,Bob,Login,34.19,59.18
1786001894.7024496,Emma,Purchase,39.76,39.31
1786001894.7024522,David,Search,32.24,82.45
1786001894.7024546,Emma,Login,49.38,79.77
1786001894.7024572,David,View,24.79,41.2
1786001894.7024596,Charlie,Login,23.01,61.57
1786001894.7024622,Bob,Purchase,31.43,36.19
1786001894.7024653,Charlie,View,27.19,70.76
1786001894.702468,Charlie,Logout,17.26,75.07
1786001894.7024703,Alice,Login,61.72,39.57
1786001894.7024732,Charlie,Search,13.71,34.87
1786001894.7024758,Charlie,Search,45.76,75.24
1786001894.7024786,David,Search,55.13,85.56
1786001894.7024813,Charlie,Purchase,66.05,79.43
1786001894.7024856,David,View,52.7,51.04
1786001894.7024884,Alice,View,79.94,46.54
1786001894.7024922,Charlie,View,61.8,47.96
1786001894.7024949,Alice,Purchase,36.24,66.02
1786001894.7024977,Emma,Logout,68.52,27.86
1786001894.7025003,Charlie,View,25.56,48.32
1786001894.702503,Alice,Search,66.06,22.93
1786001894.702506,Alice,Search,75.33,69.58
1786001894.7025087,Charlie,Logout,62.87,51.45
1786001894.7025115,Charlie,View,37.07,74.21
1786001894.7025142,Alice,Purchase,52.64,94.02
1786001894.702517,Charlie,Search,63.95,58.61
1786001894.7025197,Emma,Purchase,26.93,63.79
1786001894.7025237,David,View,49.11,67.29
1786001894.7025268,Emma,Purchase,25.82,70.38
1786001894.7025292,Charlie,Logout,80.98,90.27
1786001894.702532,Alice,Purchase,37.86,35.46
1786001894.702535,Bob,Purchase,71.96,50.51
1786001894.7025378,Bob,View,10.9,64.0
1786001894.7025404,Charlie,Logout,81.2,55.6
1786001894.702543,David,Logout,37.49,92.97
1786001894.702546,Alice,Purchase,56.25,74.76
1786001894.702549,Charlie,View,62.21,28.11
1786001894.7025518,Bob,Purchase,10.39,65.58
1786001894.7025547,Emma,Search,84.0,52.5
1786001894.7025578,David,Purchase,36.93,53.62
1786001894.7025604,Charlie,Login,26.09,29.23
1786001894.7025628,Charlie,Logout,60.91,67.02
1786001894.702566,Bob,Purchase,34.73,66.8
1786001894.7025685,Bob,Login,69.5,79.86
1786001894.702571,Charlie,Logout,48.75,40.69
1786001894.7025743,Charlie,View,69.58,91.04
1786001894.7025769,David,Search,49.08,83.55
1786001894.7025797,Bob,Logout,87.39,92.19
1786001894.7025824,Alice,Logout,20.41,73.04
1786001894.702585,Emma,Login,48.01,86.7
1786001894.7025876,Charlie,View,25.09,80.74
1786001894.7025902,Bob,Logout,25.93,20.03
1786001894.7025943,Alice,Logout,79.79,31.27
1786001894.7025979,Charlie,View,80.58,43.76
1786001894.7026005,Alice,Logout,26.43,72.83
1786001894.702603,David,Login,52.12,54.28
1786001894.7026074,Bob,Search,53.09,32.08
1786001894.70261,Bob,Login,43.47,66.89
1786001894.7026134,Bob,View,75.62,39.93
1786001894.7026207,Alice,Search,12.0,74.0
1786001894.7026238,David,Login,15.43,35.04
1786001894.7026262,David,View,73.52,26.58
1786001894.702629,David,Login,78.64,46.16
1786001894.702632,Charlie,Logout,38.44,44.21
1786001894.7026346,Charlie,Search,31.28,37.78
1786001894.7026372,Emma,View,11.38,45.53
1786001894.70264,Bob,Purchase,17.72,88.48
1786001894.7026427,Alice,Purchase,73.94,58.72
1786001894.7026453,Charlie,Login,84.42,80.95
1786001894.702648,Emma,Purchase,56.24,30.34
1786001894.7026505,Bob,Logout,32.53,43.47
1786001894.7026532,Charlie,View,18.22,72.68
1786001894.7026558,David,Search,45.99,51.11
1786001894.7026584,Alice,Purchase,23.67,32.86
1786001894.7026608,Alice,Login,81.51,93.88
1786001894.7026637,David,Search,73.98,43.87
1786001894.7026665,Charlie,View,44.5,55.14
1786001894.7026694,Alice,Logout,81.34,55.19
1786001894.7026718,Alice,Logout,59.04,51.72
1786001894.7026744,Charlie,View,77.86,22.11
1786001894.7026772,David,View,14.45,66.64
1786001894.70268,Charlie,Search,75.2,68.08
1786001894.7026832,Emma,Purchase,39.59,35.26
1786001894.7026856,Bob,Login,31.18,92.7
1786001894.7026885,Charlie,Logout,78.9,25.06
1786001894.7026913,David,Logout,58.56,84.69
1786001894.702694,Alice,View,86.33,76.3
1786001894.7026968,Alice,Logout,78.95,52.74
1786001894.7026992,Alice,Login,18.35,79.78
1786001894.702702,Emma,View,48.22,26.5
1786001894.7027047,Bob,Logout,58.76,87.06
1786001894.7027087,Charlie,Login,38.63,31.42
1786001894.7027116,Bob,Login,33.13,79.33
1786001894.7027144,Charlie,View,71.32,46.17
1786001894.7027168,Bob,Logout,66.98,48.62
1786001894.7027197,Bob,Purchase,54.43,23.32
1786001894.7027223,Bob,Search,21.61,84.57
1786001894.7027252,Bob,Purchase,61.23,84.41
1786001894.7027295,Emma,Login,12.38,64.18
1786001894.7027326,Charlie,Purchase,31.75,75.17
1786001894.7027352,Alice,Logout,81.55,41.05
1786001894.7027378,Alice,Logout,21.99,87.96
1786001894.7027404,Bob,Logout,43.0,76.68
1786001894.7027428,Emma,Logout,82.2,41.41
1786001894.7027457,Bob,Logout,37.46,79.41
1786001894.702748,David,View,14.77,31.54
1786001894.7027507,Charlie,View,66.7,52.78
1786001894.702753,David,Logout,27.1,77.78
1786001894.7027557,Charlie,View,34.55,22.81
1786001894.7027583,Charlie,Logout,34.95,94.15
1786001894.7027614,Charlie,View,45.7,61.44
1786001894.7027643,David,Logout,53.1,63.45
1786001894.702767,Charlie,Login,24.13,41.66
1786001894.7027695,Emma,View,56.4,57.01
1786001894.702772,David,Search,23.09,34.36
1786001894.7027748,Emma,View,87.17,74.51
1786001894.7027788,Charlie,Purchase,56.62,25.42
1786001894.702782,David,Search,87.5,36.07
1786001894.7027845,Bob,Purchase,12.79,86.89
1786001894.7027872,Alice,Purchase,37.08,70.84
1786001894.7027898,Charlie,Search,55.9,36.83
1786001894.7027926,Emma,View,64.83,86.75
1786001894.7027967,Emma,Login,61.62,76.0
1786001894.7027996,Charlie,Login,61.15,55.77
1786001894.7028022,Emma,Search,48.48,29.5
1786001894.702805,Charlie,Purchase,79.75,52.74
1786001894.7028077,Charlie,Login,44.74,52.83
1786001894.70281,Alice,Login,30.84,32.62
1786001894.7028127,Bob,Search,46.74,68.87
1786001894.7028158,Alice,Logout,76.32,79.16
1786001894.7028186,Alice,Purchase,47.91,56.97
1786001894.702822,Emma,Logout,29.73,52.69
1786001894.7028244,Alice,Login,49.07,76.97
1786001894.7028272,David,Search,16.17,48.17
1786001894.70283,Emma,Logout,62.88,52.14
1786001894.7028327,Charlie,Search,50.24,24.45
1786001894.702835,Alice,View,18.16,71.33
1786001894.702838,Emma,Search,17.0,33.04
1786001894.7028406,Alice,Login,28.88,73.25
1786001894.7028432,Bob,Login,87.42,94.74
1786001894.7028458,Alice,View,12.1,33.68
1786001894.7028499,Alice,Login,35.96,78.72
1786001894.702853,Charlie,Search,82.67,88.02
1786001894.7028556,David,Login,40.87,49.5
1786001894.7028584,David,Purchase,21.78,43.32
1786001894.7028608,Alice,Purchase,57.46,69.34
1786001894.7028635,Alice,Search,82.39,94.68
1786001894.7028658,David,Search,68.2,62.11
1786001894.7028701,Charlie,Login,10.4,87.89
1786001894.7028751,Bob,Logout,28.33,83.21
1786001894.702881,Alice,Purchase,51.59,48.53
1786001894.7028842,Alice,Logout,11.17,73.05
1786001894.7028866,Charlie,Purchase,51.05,61.27
1786001894.7028894,Alice,View,81.24,61.59
1786001894.7028935,Charlie,Logout,31.48,76.93
1786001894.7028968,Charlie,Login,54.8,46.29
1786001894.7028995,Alice,View,66.35,69.32
1786001894.7029023,David,Purchase,18.69,79.91
1786001894.7029045,Alice,Search,41.08,78.76
1786001894.7029073,David,View,67.52,53.06
1786001894.70291,Emma,Login,67.45,53.91
1786001894.7029128,David,View,20.12,33.03
1786001894.7029154,Charlie,View,29.81,72.86
1786001894.7029178,Emma,Login,57.04,59.8
1786001894.7029207,David,Logout,79.38,39.88
1786001894.7029235,David,Search,41.63,51.84
1786001894.7029262,Charlie,View,36.12,81.65
1786001894.7029288,David,Logout,13.06,31.94
1786001894.7029312,Alice,Search,86.71,39.13
1786001894.702934,Bob,Login,44.19,94.51
1786001894.7029366,Bob,Login,87.81,53.14
1786001894.702939,Emma,View,52.58,32.58
1786001894.7029417,David,Search,71.09,40.94
1786001894.7029448,Charlie,Logout,44.67,68.72
1786001894.7029474,Bob,Search,12.05,56.95
1786001894.70295,Bob,Search,32.69,25.9
1786001894.7029524,Emma,View,58.36,39.99
1786001894.702955,David,Login,79.25,90.63
1786001894.7029576,David,Logout,58.61,38.72
1786001894.7029614,David,Logout,87.65,64.58
1786001894.7029643,Emma,View,14.62,39.23
1786001894.7029667,Bob,Login,71.27,82.12
1786001894.7029696,Charlie,View,50.48,41.0
1786001894.7029727,Emma,Logout,63.16,75.23
1786001894.702977,Charlie,Purchase,11.36,62.06
1786001894.7029796,Emma,View,78.65,22.06
1786001894.7029834,Bob,Logout,76.86,68.46
1786001894.702986,Emma,Logout,77.81,38.13
1786001894.7029889,David,Login,81.25,42.27
1786001894.7029917,David,View,30.14,55.08
1786001894.7029939,Charlie,Login,82.71,20.36
1786001894.7029967,Bob,Purchase,55.62,76.08
1786001894.7029994,Charlie,Purchase,71.74,29.02
1786001894.7030017,Charlie,Login,50.53,24.66
1786001894.7030044,Alice,Search,41.45,42.13
1786001894.7030072,Emma,Logout,47.6,37.57
1786001894.7030098,David,Logout,59.69,58.91
1786001894.7030125,Alice,View,37.38,86.39
1786001894.7030149,Alice,View,25.41,86.94
1786001894.7030175,Bob,View,89.09,62.52
1786001894.7030203,David,View,66.4,71.76
1786001894.703023,Charlie,View,21.04,48.16
1786001894.7030258,Charlie,Search,65.37,85.85
1786001894.7030284,Emma,Purchase,53.98,54.24
1786001894.7030308,Alice,Search,76.99,61.03
1786001894.7030337,Bob,View,10.89,35.86
1786001894.703036,David,Logout,81.87,87.32
1786001894.703039,Charlie,Search,80.04,59.93
1786001894.7030416,Bob,Logout,61.37,20.55
1786001894.703044,David,Login,55.18,88.56
1786001894.7030463,Charlie,Logout,85.05,24.2
1786001894.703049,David,Purchase,88.2,79.33
1786001894.7030518,Bob,View,42.52,77.05
1786001894.7030544,Charlie,Search,67.04,92.34
1786001894.7030568,Charlie,Login,28.43,21.3
1786001894.70306,Charlie,View,17.92,26.51
1786001894.7030625,Alice,Purchase,72.13,21.49
1786001894.703065,Bob,Purchase,24.19,77.36
1786001894.7030692,Bob,Logout,84.42,41.62
1786001894.703072,David,View,55.35,77.97
1786001894.703075,Charlie,Logout,44.6,74.82
1786001894.7030785,Emma,Logout,17.94,75.64
1786001894.703081,Alice,Login,78.08,38.46
1786001894.7030835,David,Logout,20.35,43.23
1786001894.7030861,Bob,Search,53.99,80.22
1786001894.7030885,David,Login,60.89,36.4
1786001894.703093,Charlie,Purchase,38.29,54.06
1786001894.7030962,Emma,Search,53.11,57.15
1786001894.7030988,Bob,Logout,39.1,42.41
1786001894.7031016,Alice,Purchase,54.28,66.85
1786001894.7031045,David,Login,75.56,54.46
1786001894.703107,Alice,Logout,27.73,22.1
1786001894.7031097,Alice,Purchase,16.34,74.07
1786001894.7031121,Charlie,Logout,13.17,73.94
1786001894.7031147,Bob,Login,41.77,31.54
1786001894.7031174,Alice,View,10.43,78.93
1786001894.7031198,Emma,Login,57.25,94.35
1786001894.7031224,Alice,Login,23.69,29.35
1786001894.7031252,Charlie,Login,19.63,64.42
1786001894.7031279,Emma,Logout,80.17,79.75
1786001894.7031307,David,Login,14.45,72.12
1786001894.7031329,Alice,View,81.07,83.57
1786001894.7031355,Bob,Logout,65.04,40.43
1786001894.7031395,Charlie,View,48.11,87.94
1786001894.7031426,Emma,Purchase,13.23,92.99
1786001894.7031453,Charlie,View,40.16,61.34
1786001894.7031484,Emma,Logout,18.64,90.37
1786001894.7031507,Alice,View,78.03,27.49
1786001894.7031534,Emma,Logout,24.37,48.3
1786001894.7031574,Alice,Purchase,47.03,24.28
1786001894.7031603,Alice,Search,30.4,81.34
1786001894.703163,Bob,Login,83.79,42.28
1786001894.7031658,David,Login,50.72,54.98
1786001894.7031686,David,View,62.37,27.45
1786001894.7031708,Charlie,Search,22.84,91.6
1786001894.7031736,Charlie,Search,66.19,26.52
1786001894.7031763,Bob,View,72.06,74.6
1786001894.7031786,David,View,34.58,93.61
1786001894.7031813,David,Purchase,53.31,24.08
1786001894.703184,Charlie,View,47.48,94.42
1786001894.703187,Alice,Login,40.2,86.04
1786001894.7031896,Charlie,View,60.66,84.64
1786001894.7031922,Alice,View,14.16,70.39
1786001894.7031946,David,Search,78.56,37.11
1786001894.703198,Alice,View,68.06,51.4
1786001894.7032006,Charlie,Search,23.23,87.07
1786001894.703203,David,Login,39.23,59.53
1786001894.7032056,Alice,View,55.24,94.33
1786001894.7032104,Emma,Login,76.6,53.28
1786001894.7032132,David,Login,48.98,82.3
1786001894.703216,David,View,86.5,68.35
1786001894.7032187,Charlie,View,57.15,37.51
1786001894.7032213,David,View,48.71,45.52
1786001894.7032237,Alice,Search,38.83,36.64
1786001894.7032266,David,Purchase,21.49,79.87
1786001894.7032292,Bob,Purchase,51.04,67.09
1786001894.7032318,Charlie,Purchase,20.95,93.75
1786001894.7032342,Alice,Logout,77.02,48.96
1786001894.7032373,Charlie,Logout,78.77,39.79
1786001894.70324,David,Purchase,12.04,31.35
1786001894.7032428,Bob,View,42.22,32.79
1786001894.7032466,Alice,Login,65.09,58.06
1786001894.7032495,Charlie,Search,14.19,81.99
1786001894.7032523,David,Logout,22.4,89.18
1786001894.7032547,Bob,Logout,23.63,80.61
1786001894.7032576,Bob,Purchase,80.38,34.34
1786001894.7032604,Bob,Purchase,16.82,56.81
1786001894.703263,David,Login,38.7,22.24
1786001894.7032654,Emma,Search,56.09,62.6
1786001894.7032683,Alice,Search,72.77,53.2
1786001894.7032712,David,Search,83.92,23.81
1786001894.7032735,Bob,View,21.98,61.65
1786001894.7032766,Alice,Login,28.81,52.4
1786001894.703279,Charlie,Login,18.26,91.62
1786001894.7032816,Emma,View,68.14,76.13
1786001894.703285,Alice,View,75.1,86.07
1786001894.7032874,Bob,Logout,62.67,43.25
1786001894.7032905,David,View,36.04,81.57
1786001894.7032933,Alice,Logout,21.26,45.38
1786001894.703296,Emma,Logout,14.75,75.43
1786001894.7032988,Emma,Logout,12.74,52.86
1786001894.7033014,Bob,View,30.47,36.32
1786001894.7033043,Emma,Search,43.01,92.74
1786001894.7033067,David,View,36.73,41.4
1786001894.7033095,Charlie,Search,65.5,71.19
1786001894.7033122,Emma,Login,38.24,81.23
1786001894.7033148,Bob,Purchase,41.21,33.64
1786001894.7033188,Emma,Search,15.95,78.38
1786001894.7033226,Bob,View,51.09,53.6
1786001894.7033253,Bob,View,33.81,74.14
1786001894.7033277,David,Login,26.42,57.45
1786001894.703333,Charlie,Purchase,22.69,64.44
1786001894.7033355,Bob,Logout,73.59,62.76
1786001894.7033396,Bob,Search,47.94,85.86
1786001894.7033427,Alice,Purchase,42.72,62.87
1786001894.703345,Bob,View,17.33,59.11
1786001894.703348,Emma,Logout,24.8,40.37
1786001894.7033508,Emma,Search,17.05,29.2
1786001894.7033536,Bob,Search,42.36,79.11
1786001894.7033565,Alice,Purchase,10.37,55.09
1786001894.703359,Alice,Purchase,22.36,72.44
1786001894.7033615,Emma,Login,61.46,50.47
1786001894.7033641,Alice,Purchase,17.08,89.43
1786001894.703367,Charlie,Logout,38.72,55.66
1786001894.7033691,Alice,Login,68.4,20.36
1786001894.703372,Emma,Logout,64.93,39.95
1786001894.7033746,David,Login,60.84,75.99
1786001894.7033772,Emma,Logout,27.01,23.1
1786001894.7033796,Charlie,View,71.21,71.39
1786001894.7033823,David,Login,50.71,42.23
1786001894.7033849,Charlie,Purchase,42.19,33.88
1786001894.7033875,Emma,Purchase,30.78,57.84
1786001894.70339,Emma,Purchase,20.25,24.78
1786001894.7033925,David,View,47.62,93.82
1786001894.7033954,Charlie,Login,54.48,86.78
1786001894.7033982,Charlie,Purchase,50.12,69.09
1786001894.7034006,Charlie,Search,50.25,30.59
1786001894.7034032,David,Logout,73.25,36.58
1786001894.7034059,Emma,Purchase,34.36,89.54
1786001894.7034085,Alice,Purchase,79.13,77.72
1786001894.703411,Emma,View,70.66,83.81
1786001894.703414,David,Search,45.26,88.05
1786001894.7034166,Emma,View,46.01,82.05
1786001894.7034197,David,Logout,42.64,43.01
1786001894.7034223,Emma,Logout,33.09,41.8
1786001894.7034261,Alice,View,19.17,25.75
1786001894.7034287,Emma,Logout,29.34,83.03
1786001894.7034314,Bob,Login,69.57,77.33
1786001894.703434,Emma,Login,66.88,82.88
1786001894.7034369,Bob,Search,40.06,68.88
1786001894.7034397,Charlie,View,12.65,63.34
1786001894.7034423,Alice,Purchase,44.64,93.91
1786001894.703445,Alice,View,18.83,72.91
1786001894.7034478,David,Login,18.45,75.21
1786001894.7034519,Charlie,Login,47.66,91.65
1786001894.703455,Emma,Search,53.22,30.67
1786001894.7034578,Alice,Search,34.6,81.69
1786001894.7034605,Bob,View,65.04,52.98
1786001894.7034628,Alice,Login,65.12,23.97
1786001894.7034655,David,Purchase,10.68,91.17
1786001894.7034678,Emma,View,38.22,69.61
1786001894.7034702,Charlie,Logout,51.36,42.54
1786001894.7034729,Emma,Logout,74.52,64.9
1786001894.7034757,Emma,Logout,63.77,74.29
1786001894.7034783,Emma,Purchase,12.11,44.01
1786001894.7034807,Alice,View,18.58,28.62
1786001894.7034833,Bob,Login,26.65,30.28
1786001894.7034862,David,View,11.01,22.27
1786001894.7034888,Emma,View,57.74,27.93
1786001894.703492,Emma,Logout,63.41,72.64
1786001894.7034943,David,View,85.17,61.95
1786001894.7034986,Emma,Login,22.86,67.01
1786001894.7035012,Charlie,Login,63.34,88.15
1786001894.703504,Bob,Login,81.64,25.55
1786001894.7035067,Bob,View,75.63,65.16
1786001894.7035096,Charlie,View,32.03,68.79
1786001894.7035134,David,Login,48.98,57.28
1786001894.703516,Charlie,Login,40.08,81.02
1786001894.7035184,Alice,View,26.93,72.99
1786001894.7035213,Emma,Login,59.03,43.26
1786001894.7035239,Alice,Logout,76.91,41.58
1786001894.7035265,Bob,View,61.12,42.24
1786001894.7035291,Bob,View,10.29,83.89
1786001894.7035322,Charlie,Purchase,33.48,32.48
1786001894.7035348,Emma,Search,81.77,44.49
1786001894.7035377,David,Search,78.12,64.42
1786001894.7035406,Bob,Logout,66.03,27.79
1786001894.7035427,Emma,Login,34.8,65.18
1786001894.7035456,David,Login,68.39,93.1
1786001894.7035484,Charlie,Logout,24.57,36.58
1786001894.703551,David,Logout,34.95,46.13
1786001894.7035537,Alice,View,55.57,63.74
1786001894.703556,Charlie,Login,12.98,91.81
1786001894.7035596,Emma,Login,76.83,52.19
1786001894.7035632,David,View,12.52,41.14
1786001894.7035658,Bob,Login,42.83,40.47
1786001894.7035701,David,Login,89.24,25.44
1786001894.703573,Alice,View,41.45,54.54
1786001894.7035758,Alice,Login,71.07,83.78
1786001894.7035787,Alice,View,77.0,51.45
1786001894.7035813,David,Search,51.92,69.12
1786001894.7035842,Bob,View,39.21,41.64
1786001894.703587,Charlie,Login,49.19,90.58
1786001894.7035897,Emma,Purchase,22.9,23.75
1786001894.7035925,Bob,Search,45.01,80.16
1786001894.7035956,Emma,Search,20.22,72.01
1786001894.703598,David,Logout,10.35,93.29
1786001894.7036011,David,Logout,29.53,42.32
1786001894.7036054,Charlie,Purchase,30.65,22.38
1786001894.7036083,David,View,56.66,53.63
1786001894.703611,Bob,Login,13.68,69.23
1786001894.7036135,Emma,Purchase,31.41,91.48
1786001894.703616,Alice,Login,51.57,64.2
1786001894.7036188,Bob,Search,56.15,57.87
1786001894.7036214,Alice,Purchase,68.76,34.92
1786001894.703624,Emma,Logout,83.55,93.48
1786001894.7036264,David,Login,46.48,29.73
1786001894.703629,Emma,Purchase,68.55,42.67
1786001894.7036316,Charlie,View,23.06,64.06
1786001894.7036345,Emma,Logout,28.26,36.88
1786001894.7036374,David,Search,17.9,34.7
1786001894.7036397,David,Logout,76.43,46.61
1786001894.7036426,David,Search,19.44,59.92
1786001894.7036452,Charlie,Purchase,41.84,28.56
1786001894.703648,Charlie,Login,48.38,88.24
1786001894.7036505,Emma,Logout,68.03,56.55
1786001894.7036533,Alice,Login,45.35,43.93
1786001894.7036557,David,View,58.59,61.95
1786001894.7036583,David,Purchase,62.34,94.75
1786001894.7036617,Emma,Search,58.09,83.49
1786001894.703664,Charlie,Logout,10.82,35.3
1786001894.7036672,Alice,Search,28.95,55.92
1786001894.7036698,Charlie,Logout,47.58,90.75
1786001894.7036724,Emma,Search,81.6,56.39
1786001894.703677,Charlie,View,58.89,31.69
1786001894.7036796,Alice,Purchase,40.41,79.8
1786001894.703682,David,Login,48.37,35.17
1786001894.7036846,Charlie,Purchase,48.74,27.04
1786001894.7036886,Bob,View,58.35,44.44
1786001894.7036912,Alice,Purchase,84.99,86.18
1786001894.7037005,Charlie,View,28.67,83.52
1786001894.7037046,Charlie,Logout,66.29,25.9
1786001894.7037072,David,Search,84.22,24.78
1786001894.7037098,David,Logout,34.16,36.41
1786001894.7037125,David,Purchase,26.88,25.11
1786001894.703715,Charlie,Logout,44.67,90.98
1786001894.7037175,Alice,Login,56.11,52.62
1786001894.70372,Alice,Logout,47.29,20.04
1786001894.703723,Charlie,Purchase,35.47,60.73
1786001894.7037253,Bob,View,31.33,84.19
1786001894.703728,Emma,View,35.51,80.8
1786001894.7037303,Charlie,View,44.1,38.97
1786001894.7037332,Bob,Search,72.36,62.18
1786001894.7037358,Bob,View,85.2,36.3
1786001894.7037385,Bob,View,84.66,58.13
1786001894.7037408,Emma,Purchase,84.92,49.85
1786001894.7037435,Bob,Login,73.46,92.39
1786001894.7037463,Alice,Search,39.38,66.73
1786001894.703749,Alice,Logout,66.32,59.01
1786001894.703751,Alice,Purchase,12.18,40.22
1786001894.7037537,Bob,Login,17.79,65.35
1786001894.7037566,Charlie,Logout,23.27,35.25
1786001894.7037592,Emma,Login,12.31,83.57
1786001894.7037613,Bob,Login,28.38,38.63
1786001894.7037637,Bob,Logout,69.34,88.01
1786001894.7037663,Alice,Logout,33.11,68.15
1786001894.7037692,Emma,View,68.0,53.67
1786001894.7037716,Bob,View,27.8,89.8
1786001894.7037747,Bob,View,83.08,45.87
1786001894.7037773,David,Logout,15.16,90.08
1786001894.70378,Emma,Logout,27.23,58.98
1786001894.7037826,David,View,30.33,72.99
1786001894.703787,Bob,View,66.0,53.59
1786001894.7037902,Emma,Search,15.29,35.63
1786001894.7037926,Charlie,Logout,89.68,64.63
1786001894.7037954,Charlie,Logout,89.55,48.27
1786001894.703798,Emma,Login,60.76,73.19
1786001894.7038007,David,View,37.44,24.42
1786001894.7038028,Bob,View,44.73,50.34
1786001894.7038054,Alice,Logout,46.69,85.57
1786001894.703808,Emma,Search,82.02,42.25
1786001894.7038124,Emma,Search,81.67,39.02
1786001894.703815,David,Logout,10.7,46.78
1786001894.7038186,Emma,Search,85.84,46.94
1786001894.7038214,Charlie,Login,34.43,40.55
1786001894.7038238,Bob,Logout,16.15,85.86
1786001894.7038264,Bob,Logout,60.2,84.83
1786001894.703829,Alice,Login,31.65,46.3
1786001894.703832,Emma,Search,40.94,88.56
1786001894.7038345,Alice,Login,59.98,40.35
1786001894.7038372,David,Purchase,73.79,67.81
1786001894.7038398,Bob,Purchase,67.77,87.48
1786001894.7038426,Alice,Purchase,81.64,58.15
1786001894.703845,Alice,Search,67.06,32.87
1786001894.7038476,Alice,Logout,31.06,52.07
1786001894.7038503,Emma,View,64.18,83.82
1786001894.703853,David,Search,49.66,90.79
1786001894.703855,Charlie,Search,25.08,38.0
1786001894.703859,Charlie,View,64.15,44.58
1786001894.703862,Charlie,View,58.43,27.37
1786001894.7038646,Emma,Search,31.29,39.5
1786001894.7038677,Alice,Purchase,22.74,85.9
1786001894.7038722,David,Login,86.9,58.93
1786001894.7038789,Alice,Logout,88.27,38.35
1786001894.703883,Alice,Logout,40.27,56.91
1786001894.7038856,David,Search,67.39,75.59
1786001894.7038884,David,Search,44.22,27.17
1786001894.703891,Emma,Purchase,86.46,35.12
1786001894.7038934,Charlie,Search,52.65,42.01
1786001894.7038968,Emma,Purchase,87.15,94.49
1786001894.7038994,David,Logout,36.68,49.37
1786001894.7039022,Bob,View,55.77,56.53
1786001894.7039049,Emma,Login,17.61,69.91
1786001894.7039073,Charlie,Purchase,50.39,20.12
1786001894.7039099,Charlie,Login,66.24,54.61
1786001894.7039125,Bob,Purchase,33.09,79.61
1786001894.703915,Bob,Login,30.83,72.04
1786001894.7039177,Alice,View,82.3,20.9
1786001894.7039206,Alice,View,76.19,66.02
1786001894.7039237,Emma,Login,14.77,42.29
1786001894.7039268,Charlie,Logout,42.97,21.2
1786001894.7039292,Charlie,Login,36.14,44.06
1786001894.7039318,David,Logout,35.38,49.42
1786001894.7039344,Alice,View,36.47,54.21
1786001894.7039387,Alice,Purchase,82.14,64.1
1786001894.7039416,David,View,11.86,83.96
1786001894.7039444,David,Purchase,45.3,50.2
1786001894.703947,Charlie,View,46.54,57.14
1786001894.7039495,Alice,Logout,87.38,57.53
1786001894.703952,Alice,Logout,70.81,85.53
1786001894.703955,Emma,Logout,55.27,58.29
1786001894.7039576,Bob,Logout,17.18,91.8
1786001894.7039602,Alice,Purchase,41.55,63.55
1786001894.7039626,David,Search,22.38,77.1
1786001894.703965,Charlie,Purchase,89.6,41.32
1786001894.7039695,David,Login,56.99,74.51
1786001894.703972,Charlie,Logout,69.19,33.21
1786001894.703975,David,Purchase,39.95,72.16
1786001894.7039776,Bob,View,16.99,45.84
1786001894.7039802,Emma,Logout,78.1,58.18
1786001894.7039828,David,Purchase,80.07,25.54
1786001894.7039855,Alice,Login,14.11,20.37
1786001894.703988,Charlie,Logout,18.7,91.97
1786001894.7039907,Alice,Purchase,79.14,65.83
1786001894.703993,David,View,26.17,38.49
1786001894.7039957,Charlie,Search,22.02,28.91
1786001894.7039986,Emma,Logout,78.66,29.52
1786001894.704001,Alice,View,68.38,38.48
1786001894.7040038,David,Login,63.54,78.3
1786001894.7040064,Emma,Login,41.23,48.32
1786001894.7040093,Charlie,Search,86.25,45.86
1786001894.7040117,Emma,Search,85.93,39.76
1786001894.7040145,Bob,Purchase,45.61,39.49
1786001894.7040172,Bob,Logout,66.95,67.43
1786001894.7040198,Alice,Logout,54.73,43.57
1786001894.7040222,Charlie,Search,70.48,94.2
1786001894.7040248,Charlie,View,34.35,51.81
1786001894.7040277,Charlie,Search,48.22,22.15
1786001894.7040303,Bob,Login,78.1,64.93
1786001894.7040331,Emma,Login,88.73,73.21
1786001894.7040353,Charlie,Search,72.89,79.54
1786001894.704038,Bob,Purchase,64.84,82.36
1786001894.7040427,Emma,Logout,66.23,50.06
1786001894.7040455,Alice,Login,80.72,50.0
1786001894.7040484,Bob,Search,78.2,23.62
1786001894.7040513,David,View,10.87,57.22
1786001894.7040553,Alice,Logout,39.91,33.23
1786001894.7040594,Charlie,Logout,51.18,34.42
1786001894.7040622,Emma,Purchase,69.14,74.75
1786001894.704065,David,Logout,43.89,71.24
1786001894.704068,Alice,View,10.86,83.22
1786001894.7040706,David,Purchase,28.77,32.71
1786001894.7040734,Alice,Login,36.96,78.75
1786001894.704077,Bob,Logout,21.88,63.33
1786001894.7040796,David,Logout,12.14,59.67
1786001894.7040823,Emma,Purchase,30.74,80.98
1786001894.7040849,Charlie,Login,46.08,84.32
1786001894.7040877,Charlie,View,45.7,25.13
1786001894.7040904,Emma,Search,65.31,56.85
1786001894.704093,Emma,Logout,59.12,42.23
1786001894.7040956,Emma,Purchase,89.96,68.16
1786001894.7040982,Alice,View,88.69,54.77
1786001894.704101,Bob,Search,82.73,23.83
1786001894.7041037,Charlie,Purchase,59.54,30.01
1786001894.7041063,Emma,View,30.51,43.15
1786001894.7041087,Alice,Login,30.84,30.96
1786001894.7041116,David,Purchase,19.63,48.7
1786001894.7041142,Alice,Purchase,43.96,86.29
1786001894.704117,Emma,Purchase,18.66,63.3
1786001894.7041192,Emma,Purchase,47.58,45.47
1786001894.704122,Alice,Logout,77.04,81.24
1786001894.7041247,David,Purchase,82.88,68.51
1786001894.7041273,Alice,Login,57.9,61.16
1786001894.7041297,Charlie,Purchase,72.54,30.95
1786001894.7041323,David,Login,20.09,79.11
1786001894.704135,Bob,Login,69.41,80.88
1786001894.7041373,Charlie,Purchase,53.42,91.77
1786001894.70414,Charlie,Login,19.59,32.67
1786001894.7041426,Charlie,View,78.95,29.05
1786001894.704147,Charlie,View,62.09,48.24
1786001894.7041504,Emma,View,13.34,54.94
1786001894.704153,Bob,View,30.06,68.74
1786001894.7041557,Charlie,Search,88.14,42.09
1786001894.7041583,Bob,Login,66.04,77.47
1786001894.7041607,Bob,Search,33.28,92.22
1786001894.7041633,David,Logout,80.82,72.92
1786001894.7041657,Charlie,Logout,44.39,82.27
1786001894.704168,Emma,View,75.22,69.19
1786001894.7041724,Bob,View,17.72,20.28
1786001894.704175,Charlie,View,33.38,40.87
1786001894.7041776,David,Search,69.09,84.96
1786001894.7041805,Bob,Login,73.06,80.85
1786001894.704183,David,Login,48.67,31.27
1786001894.7041855,Charlie,Search,58.81,80.06
1786001894.7041883,Alice,View,29.19,21.57
1786001894.704191,Bob,Logout,76.84,68.46
1786001894.7041936,David,View,49.94,53.5
1786001894.7041965,Alice,Logout,26.85,39.97
1786001894.7041988,Charlie,Logout,38.66,91.92
1786001894.7042017,Emma,Login,41.39,60.18
1786001894.704204,Alice,Logout,79.03,91.68
1786001894.7042067,Emma,View,52.43,21.56
1786001894.7042093,Alice,View,18.98,74.66
1786001894.704212,Alice,View,31.33,42.17
1786001894.7042146,Charlie,Logout,41.55,27.85
1786001894.7042174,Bob,Login,39.9,47.56
1786001894.7042212,Alice,Logout,50.82,90.79
1786001894.704224,Charlie,Logout,29.6,92.19
1786001894.7042267,Bob,Search,31.14,64.15
1786001894.7042294,Charlie,Login,45.35,58.61
1786001894.7042334,Bob,Search,67.6,50.58
1786001894.7042363,Charlie,View,81.31,51.09
1786001894.704239,Bob,Search,59.49,70.71
1786001894.704242,Alice,Purchase,81.03,62.59
1786001894.7042444,Bob,Login,89.25,31.08
1786001894.7042472,Bob,View,81.35,55.28
1786001894.7042496,Bob,Search,52.69,65.98
1786001894.7042525,David,Purchase,64.78,70.88
1786001894.7042546,Emma,Search,13.74,69.97
1786001894.7042572,Bob,Login,23.34,44.88
1786001894.7042599,Bob,Login,57.39,71.43
1786001894.7042625,Emma,Purchase,67.23,79.38
1786001894.704265,Bob,Logout,73.7,72.21
1786001894.704268,Charlie,View,80.3,38.61
1786001894.7042706,Charlie,Search,67.62,34.52
1786001894.7042732,David,Logout,19.99,76.45
1786001894.704276,Charlie,Logout,74.63,56.92
1786001894.7042785,Alice,View,72.71,36.15
1786001894.704281,Charlie,View,45.46,68.9
1786001894.704284,Alice,Logout,40.9,49.95
1786001894.7042868,David,Logout,29.58,68.14
1786001894.704291,Bob,View,39.83,35.39
1786001894.7042942,David,Login,10.86,68.24
1786001894.7042966,Alice,View,84.28,29.88
1786001894.7042992,Bob,Logout,11.22,54.55
1786001894.7043018,David,Search,79.56,58.13
1786001894.7043045,David,Purchase,68.51,62.4
1786001894.7043073,Bob,Purchase,74.47,89.33
1786001894.7043097,Alice,View,80.72,73.08
1786001894.7043123,Alice,Purchase,75.63,34.99
1786001894.7043154,Bob,Login,21.93,93.1
1786001894.7043188,Bob,Login,14.07,54.23
1786001894.7043226,Alice,View,66.68,50.87
1786001894.7043254,Bob,Purchase,75.92,28.48
1786001894.7043283,Alice,Login,39.59,61.63
1786001894.704331,Alice,Login,47.18,49.93
1786001894.7043338,Emma,Search,60.48,57.42
1786001894.7043364,David,Logout,19.79,85.18
1786001894.704339,Emma,Purchase,36.56,49.5
1786001894.7043421,Emma,Purchase,82.02,30.57
1786001894.704345,Emma,Purchase,53.7,56.95
1786001894.7043476,Bob,Login,15.32,28.34
1786001894.7043502,Emma,Login,29.65,46.83
1786001894.704353,Bob,Login,43.27,22.78
1786001894.7043555,Bob,Search,51.41,29.22
1786001894.7043583,Alice,View,48.52,39.35
1786001894.7043612,Emma,Search,88.69,69.69
1786001894.7043643,Alice,Logout,18.79,79.05
1786001894.704367,Emma,View,83.71,88.25
1786001894.7043693,Charlie,Logout,22.01,27.91
1786001894.704372,Bob,Search,12.08,22.51
1786001894.7043746,David,View,63.41,64.03
1786001894.7043772,Bob,Purchase,12.78,39.62
1786001894.7043798,Alice,Login,83.12,20.75
1786001894.7043822,Alice,Search,47.96,83.13
1786001894.7043855,Alice,Login,85.93,22.97
1786001894.7043884,Emma,View,12.88,75.37
1786001894.704391,Emma,Logout,31.87,82.84
1786001894.7043936,Alice,Logout,81.39,78.74
1786001894.7043977,David,Logout,46.69,66.95
1786001894.7044005,Bob,Logout,20.23,41.85
1786001894.7044036,David,Login,86.66,67.51
1786001894.7044065,Bob,Search,44.96,51.51
1786001894.7044091,Emma,Search,27.55,22.27
1786001894.7044141,Alice,Logout,57.02,52.44
1786001894.7044172,Emma,Logout,66.66,32.94
1786001894.7044199,Bob,Login,87.57,30.47
1786001894.7044227,Charlie,Login,80.52,52.73
1786001894.7044253,Bob,View,23.12,36.57
1786001894.704428,Bob,Purchase,50.47,62.15
1786001894.7044306,Alice,Login,47.04,24.15
1786001894.7044337,Alice,Login,50.97,42.58
1786001894.7044363,Bob,View,21.08,69.5
1786001894.704439,Alice,Purchase,68.49,78.57
1786001894.7044415,Emma,Search,39.04,67.94
1786001894.7044444,Charlie,Search,74.84,33.63
1786001894.704447,David,Search,66.98,83.72
1786001894.7044497,David,Purchase,59.14,25.47
1786001894.7044523,Alice,Purchase,65.87,45.26
1786001894.704455,Charlie,Login,86.84,59.31
1786001894.7044575,Emma,View,20.18,83.91
1786001894.7044601,David,View,29.24,91.49
1786001894.7044625,David,View,17.27,60.02
1786001894.7044652,David,Logout,53.46,34.47
1786001894.7044678,David,Login,88.8,25.94
1786001894.7044706,David,Login,43.95,83.57
1786001894.7044733,Alice,Search,75.11,40.45
1786001894.7044759,Alice,Purchase,46.39,30.07
1786001894.7044785,Emma,Search,24.02,35.06
1786001894.7044811,Bob,Search,71.11,20.19
1786001894.7044835,Charlie,Login,31.12,53.11
1786001894.7044861,Emma,Logout,27.2,31.79
1786001894.704489,David,Search,19.2,88.51
1786001894.7044916,David,View,39.87,29.57
1786001894.7044942,Charlie,Login,22.01,42.77
1786001894.7044969,Bob,Search,53.14,84.59
1786001894.704511,Charlie,Login,61.79,77.02
1786001894.7045143,Charlie,Login,15.36,32.53
1786001894.704517,David,Login,70.06,66.6
1786001894.7045195,Charlie,View,43.58,88.47
1786001894.704522,Emma,Purchase,11.89,35.73
1786001894.7045245,David,Search,69.39,65.79
1786001894.7045271,Bob,Search,67.83,43.14
1786001894.7045298,David,Logout,29.1,63.51
1786001894.7045321,Bob,View,19.56,24.9
1786001894.704535,Emma,View,51.16,62.76
1786001894.70454,Alice,Purchase,30.1,66.44
1786001894.7045424,David,Login,65.16,83.22
1786001894.704545,Alice,View,62.58,65.46
1786001894.7045476,Charlie,Purchase,83.01,25.5
1786001894.70455,David,Purchase,15.77,29.46
1786001894.7045527,Bob,Purchase,22.39,45.66
1786001894.704555,Charlie,Logout,74.06,69.5
1786001894.704558,Bob,View,81.16,64.54
1786001894.70456,Alice,Logout,30.81,76.38
1786001894.7045627,David,View,20.53,44.54
1786001894.7045653,Charlie,Logout,56.84,49.86
1786001894.704568,Emma,View,36.29,20.15
1786001894.7045712,Alice,View,43.68,59.82
1786001894.7045734,David,Login,18.85,79.93
1786001894.7045763,Charlie,Logout,76.63,91.05
1786001894.7045789,Charlie,Login,56.65,48.67
1786001894.7045813,Charlie,Logout,19.74,46.33
1786001894.7045858,Charlie,View,61.15,77.07
1786001894.7045887,Charlie,Purchase,85.92,72.09
1786001894.7045913,Emma,Search,79.55,78.31
1786001894.704594,David,Purchase,80.97,50.49
1786001894.7045977,Charlie,Search,70.21,28.38
1786001894.7046006,Bob,View,71.5,69.64
1786001894.7046037,Bob,Purchase,82.3,91.01
1786001894.7046063,Alice,Login,31.05,82.04
1786001894.704609,David,Logout,88.79,76.89
1786001894.7046115,Emma,View,66.43,90.93
1786001894.7046144,Charlie,Logout,60.99,55.36
1786001894.7046173,Bob,Search,48.69,56.39
1786001894.70462,Alice,View,78.2,24.93
1786001894.704622,Emma,View,19.05,33.4
1786001894.704625,Bob,Search,19.67,68.11
1786001894.7046275,Alice,Search,36.82,43.94
1786001894.70463,Charlie,Purchase,65.33,55.8
1786001894.7046328,Charlie,Login,30.14,44.35
1786001894.7046354,Alice,Search,50.82,65.32
1786001894.7046385,David,View,41.17,77.92
1786001894.7046416,Charlie,View,53.71,75.49
1786001894.7046442,Charlie,Logout,18.29,24.92
1786001894.7046468,Bob,Search,63.02,93.18
1786001894.7046497,David,View,47.43,43.09
1786001894.7046523,Charlie,Logout,74.12,21.18
1786001894.7046566,Emma,Logout,60.96,67.51
1786001894.7046592,David,Search,27.2,25.37
1786001894.7046623,Emma,Logout,36.74,54.76
1786001894.7046652,Alice,Login,44.63,34.39
1786001894.7046676,Alice,Purchase,79.64,68.89
1786001894.7046702,Charlie,Purchase,64.83,43.9
1786001894.704673,Alice,Login,20.5,55.32
1786001894.7046754,Bob,Logout,79.47,56.68
1786001894.704678,Bob,View,61.39,50.73
1786001894.7046807,Bob,Logout,60.3,67.53
1786001894.7046833,David,Purchase,18.46,75.75
1786001894.704687,Charlie,View,36.05,44.18
1786001894.70469,Charlie,Search,36.63,88.42
1786001894.7046928,Bob,Search,73.17,60.53
1786001894.7046955,Emma,View,69.98,39.5
1786001894.704698,Alice,Login,66.79,20.55
1786001894.7047007,Charlie,Logout,31.78,76.15
1786001894.7047033,Emma,Login,17.97,35.32
1786001894.7047062,Bob,View,69.16,85.61
1786001894.7047088,Emma,Logout,35.1,83.05
1786001894.7047114,Emma,Login,78.74,47.26
1786001894.704714,Bob,Login,67.02,67.6
1786001894.7047164,Emma,Search,52.63,31.77
1786001894.704719,Alice,Purchase,71.15,75.19
1786001894.704722,Emma,View,40.55,67.69
1786001894.7047246,Emma,Logout,71.21,71.6
1786001894.7047274,Alice,Purchase,24.82,61.63
1786001894.7047296,David,View,20.48,34.92
1786001894.7047324,Emma,Search,42.05,25.62
1786001894.704735,Alice,Purchase,54.23,82.34
1786001894.7047374,Charlie,View,16.5,21.28
1786001894.7047405,Bob,Search,30.93,29.26
1786001894.7047434,Alice,View,31.54,27.51
1786001894.704746,Charlie,Search,23.65,29.52
1786001894.7047489,Alice,Login,30.87,79.33
1786001894.7047513,Alice,Login,85.52,51.01
1786001894.7047539,David,View,60.96,31.4
1786001894.7047565,Bob,Purchase,36.38,63.77
1786001894.7047591,David,Search,63.26,94.12
1786001894.704764,Charlie,Purchase,46.29,91.41
1786001894.7047668,David,Purchase,39.13,69.17
1786001894.7047691,Charlie,Logout,64.01,22.6
1786001894.7047718,Charlie,View,31.88,42.26
1786001894.7047777,Emma,Login,37.55,64.49
1786001894.7047806,Emma,Logout,67.68,30.05
1786001894.7047832,Alice,Search,87.88,79.92
1786001894.7047856,Bob,View,65.09,37.64
1786001894.7047882,David,View,55.7,61.87
1786001894.7047906,Emma,Logout,20.13,65.44
1786001894.7047937,Bob,Logout,84.56,37.72
1786001894.704796,Emma,View,40.9,27.27
1786001894.7047987,Emma,Search,78.29,20.04
1786001894.7048013,David,View,72.79,30.08
1786001894.704804,David,Search,24.45,46.92
1786001894.7048063,Emma,Purchase,27.04,51.01
1786001894.7048097,Emma,View,84.46,88.82
1786001894.7048128,Emma,View,29.98,62.97
1786001894.7048156,Emma,Search,43.1,88.54
1786001894.7048187,Charlie,Login,52.91,77.11
1786001894.7048213,David,Login,42.74,44.91
1786001894.7048237,David,Login,46.84,79.87
1786001894.7048264,Emma,View,36.75,28.39
1786001894.704829,Charlie,Search,60.21,36.17
1786001894.704832,Charlie,Login,71.32,50.53
1786001894.7048347,Emma,Search,54.5,45.43
1786001894.704837,Alice,Search,38.74,64.62
1786001894.7048397,Bob,Purchase,61.19,88.45
1786001894.7048426,Alice,Search,23.62,90.1
1786001894.7048454,Charlie,Logout,11.06,85.64
1786001894.704848,Alice,Login,14.32,62.98
1786001894.7048507,Emma,Search,16.33,91.85
1786001894.7048535,Emma,Purchase,75.48,57.6
1786001894.7048562,Bob,Login,45.39,22.18
1786001894.7048588,Emma,Login,64.99,50.03
1786001894.7048616,Bob,Search,88.82,40.51
1786001894.704866,Alice,Logout,75.43,35.51
1786001894.7048707,Alice,View,17.17,25.26
1786001894.7048755,Emma,View,40.38,65.62
1786001894.7048805,Emma,Logout,28.19,83.53
1786001894.7048845,David,Logout,42.63,89.4
1786001894.7048874,Emma,Purchase,30.29,87.23
1786001894.70489,Charlie,Purchase,13.44,52.42
1786001894.7048926,Charlie,Search,11.24,84.95
1786001894.7048955,David,Purchase,71.78,43.95
1786001894.704898,Charlie,View,42.84,86.98
1786001894.7049012,Emma,Search,50.82,28.89
1786001894.7049057,David,Login,67.37,36.09
1786001894.7049086,David,Purchase,13.05,93.27
1786001894.704911,David,Login,25.49,24.14
1786001894.7049139,Bob,Purchase,79.73,51.06
1786001894.7049165,Alice,Login,27.45,46.08
1786001894.7049193,Emma,Logout,38.04,52.92
1786001894.704922,Charlie,Logout,88.07,44.63
1786001894.7049243,David,View,19.12,76.01
1786001894.704927,Bob,Search,65.7,23.48
1786001894.7049298,Emma,Login,70.53,29.03
1786001894.7049325,Alice,Search,34.92,27.38
1786001894.7049348,Charlie,Purchase,55.77,58.11
1786001894.704938,Alice,Login,53.2,84.1
1786001894.7049406,Bob,Purchase,60.58,26.83
1786001894.7049434,Alice,Login,59.36,29.06
1786001894.7049458,David,Login,24.87,44.09
1786001894.7049484,Charlie,Purchase,10.73,62.24
1786001894.7049527,David,Logout,31.49,36.15
1786001894.704956,David,Login,81.67,38.78
1786001894.704959,Alice,Purchase,82.94,86.01
1786001894.7049627,Charlie,View,54.44,53.41
1786001894.7049656,Alice,Login,65.85,56.61
1786001894.7049687,Bob,Search,11.31,72.36
1786001894.7049713,Emma,Login,23.04,54.49
1786001894.7049744,Bob,Login,15.29,85.22
1786001894.7049775,Emma,Logout,24.88,65.32
1786001894.70498,Emma,Login,74.48,39.63
1786001894.7049832,Alice,View,74.08,33.35
1786001894.7049859,Charlie,Purchase,27.83,30.34
1786001894.7049887,Bob,Search,17.79,75.29
1786001894.7049913,Charlie,Logout,84.58,80.52
1786001894.7049937,Emma,Search,35.74,66.21
1786001894.7049968,Alice,Search,14.98,78.58
1786001894.7049994,Charlie,View,84.43,52.53
1786001894.705002,David,Login,33.74,27.86
1786001894.7050045,Charlie,Logout,42.54,56.57
1786001894.705007,Charlie,Purchase,85.53,51.03
1786001894.70501,David,Purchase,19.38,26.45
1786001894.7050126,Charlie,Logout,60.76,78.51
1786001894.7050147,David,Login,70.11,89.67
1786001894.7050176,Alice,Search,48.73,43.29
1786001894.7050202,Charlie,Logout,62.76,83.68
1786001894.7050247,Charlie,Login,49.11,74.06
1786001894.7050273,Charlie,Search,84.86,41.9
1786001894.7050304,Bob,Logout,75.48,81.18
1786001894.7050326,Alice,Login,47.59,33.12
1786001894.7050357,Charlie,Purchase,70.91,91.17
1786001894.7050383,Charlie,Search,18.01,37.78
1786001894.705041,David,Logout,10.91,34.14
1786001894.7050438,Alice,Logout,12.26,67.52
1786001894.7050464,Bob,Search,27.17,24.31
1786001894.705049,Emma,Logout,13.48,36.86
1786001894.7050529,Charlie,Search,58.41,43.32
1786001894.705056,Emma,View,52.38,62.13
1786001894.7050595,Charlie,Logout,72.98,54.36
1786001894.7050624,David,Purchase,49.22,67.81
1786001894.7050653,Emma,View,76.7,24.13
1786001894.705068,Alice,Login,55.25,66.18
1786001894.7050705,Bob,Search,86.97,46.89
1786001894.705073,David,Login,85.85,83.55
1786001894.7050757,David,Search,51.8,68.4
1786001894.7050786,Alice,View,65.99,28.45
1786001894.7050815,Alice,Purchase,42.87,43.6
1786001894.7050838,David,Login,11.69,76.65
1786001894.7050867,Emma,Purchase,28.73,78.82
1786001894.7050896,Alice,View,47.54,84.54
1786001894.7050922,Charlie,View,85.02,64.96
1786001894.7050946,Alice,View,69.39,30.5
1786001894.7050977,Charlie,Search,35.34,59.72
1786001894.7051,David,Search,82.01,88.54
1786001894.7051027,Emma,Search,39.47,75.86
1786001894.705105,Emma,View,16.2,53.33
1786001894.7051077,Alice,Login,71.14,70.11
1786001894.7051108,David,Purchase,74.99,28.26
1786001894.7051134,Alice,View,64.41,87.97
1786001894.7051163,Charlie,View,25.02,56.76
